# Converted from 10_03_01_00314.3dxml, scale=0.001
v -0.056210 -0.029245 -0.006731
v -0.056210 -0.029030 -0.006798
v -0.056210 -0.040800 -0.015760
v -0.056210 -0.022098 -0.011472
v -0.056210 -0.009800 -0.015760
v -0.056210 -0.015398 -0.011472
v -0.056210 -0.015398 0.008528
v -0.056210 -0.036948 0.005327
v -0.056210 -0.036924 0.005096
v -0.056210 -0.040800 0.012820
v -0.056210 -0.036924 -0.005441
v -0.056210 -0.036948 -0.005673
v -0.056210 -0.036924 -0.005904
v -0.056210 -0.009800 0.012820
v -0.056210 -0.022098 0.008528
v -0.056210 -0.028797 0.006478
v -0.056210 -0.029028 0.006455
v -0.056210 -0.027648 -0.005672
v -0.056210 -0.027671 -0.005440
v -0.056210 -0.027738 -0.005224
v -0.056210 -0.027844 -0.005029
v -0.056210 -0.027844 0.004684
v -0.056210 -0.027985 0.004514
v -0.056210 -0.036857 -0.005225
v -0.056210 -0.036857 0.004880
v -0.056210 -0.036751 -0.005030
v -0.056210 -0.036751 0.004684
v -0.056210 -0.036611 -0.004859
v -0.056210 -0.036611 0.004514
v -0.056210 -0.036441 -0.004719
v -0.056210 -0.036441 0.004374
v -0.056210 -0.036245 -0.004613
v -0.056210 -0.036245 0.004268
v -0.056210 -0.036030 -0.004546
v -0.056210 -0.036030 0.004201
v -0.056210 -0.035798 -0.004523
v -0.056210 -0.035798 0.004177
v -0.056210 -0.035566 -0.004546
v -0.056210 -0.035566 0.004201
v -0.056210 -0.035350 -0.004613
v -0.056210 -0.035350 0.004268
v -0.056210 -0.035155 -0.004719
v -0.056210 -0.035155 0.004374
v -0.056210 -0.029441 -0.004718
v -0.056210 -0.029441 0.004374
v -0.056210 -0.029245 0.004268
v -0.056210 -0.036857 -0.006120
v -0.056210 -0.036751 -0.006316
v -0.056210 -0.036611 -0.006486
v -0.056210 -0.036441 -0.006626
v -0.056210 -0.036245 -0.006732
v -0.056210 -0.036030 -0.006799
v -0.056210 -0.035798 -0.006823
v -0.056210 -0.035566 -0.006799
v -0.056210 -0.035350 -0.006732
v -0.056210 -0.035155 -0.006626
v -0.056210 -0.029441 -0.006625
v -0.056210 -0.034985 -0.006486
v -0.056210 -0.029611 -0.006485
v -0.056210 -0.034844 -0.006316
v -0.056210 -0.029751 -0.006315
v -0.056210 -0.034738 -0.006120
v -0.056210 -0.029857 -0.006119
v -0.056210 -0.034671 -0.005904
v -0.056210 -0.029924 -0.005903
v -0.056210 -0.034648 -0.005673
v -0.056210 -0.029948 -0.005672
v -0.056210 -0.034671 -0.005441
v -0.056210 -0.029924 -0.005440
v -0.056210 -0.034738 -0.005225
v -0.056210 -0.029857 -0.005224
v -0.056210 -0.034844 -0.005030
v -0.056210 -0.029751 -0.005029
v -0.056210 -0.034985 -0.004859
v -0.056210 -0.029611 -0.004858
v -0.056210 -0.035566 0.006454
v -0.056210 -0.035798 0.006477
v -0.056210 -0.036030 0.006454
v -0.056210 -0.036245 0.006387
v -0.056210 -0.036441 0.006281
v -0.056210 -0.036611 0.006141
v -0.056210 -0.036751 0.005970
v -0.056210 -0.036857 0.005775
v -0.056210 -0.036924 0.005559
v -0.056210 -0.034985 0.004514
v -0.056210 -0.029611 0.004515
v -0.056210 -0.034844 0.004684
v -0.056210 -0.029751 0.004685
v -0.056210 -0.034738 0.004880
v -0.056210 -0.029857 0.004881
v -0.056210 -0.034671 0.005096
v -0.056210 -0.029923 0.005097
v -0.056210 -0.034648 0.005327
v -0.056210 -0.029947 0.005328
v -0.056210 -0.034671 0.005559
v -0.056210 -0.029923 0.005560
v -0.056210 -0.034738 0.005775
v -0.056210 -0.029856 0.005776
v -0.056210 -0.034844 0.005970
v -0.056210 -0.029750 0.005971
v -0.056210 -0.034985 0.006141
v -0.056210 -0.029610 0.006142
v -0.056210 -0.035155 0.006281
v -0.056210 -0.029440 0.006282
v -0.056210 -0.035350 0.006387
v -0.056210 -0.029244 0.006388
v -0.056210 -0.028566 -0.004545
v -0.056210 -0.028798 -0.004522
v -0.056210 -0.028798 0.004177
v -0.056210 -0.029030 -0.004545
v -0.056210 -0.029030 0.004201
v -0.056210 -0.029245 -0.004612
v -0.056210 -0.028798 -0.006822
v -0.056210 -0.028566 -0.006798
v -0.056210 -0.028350 -0.006731
v -0.056210 -0.028155 -0.006625
v -0.056210 -0.027985 -0.006485
v -0.056210 -0.027844 -0.006315
v -0.056210 -0.027738 -0.006119
v -0.056210 -0.027671 -0.005903
v -0.056210 -0.027985 -0.004858
v -0.056210 -0.028155 0.004374
v -0.056210 -0.028155 -0.004718
v -0.056210 -0.028350 0.004268
v -0.056210 -0.028350 -0.004612
v -0.056210 -0.028566 0.004201
v -0.056210 -0.027738 0.004880
v -0.056210 -0.027671 0.005095
v -0.056210 -0.027648 0.005327
v -0.056210 -0.027671 0.005559
v -0.056210 -0.027738 0.005775
v -0.056210 -0.027844 0.005970
v -0.056210 -0.027984 0.006141
v -0.056210 -0.028154 0.006281
v -0.056210 -0.028349 0.006388
v -0.056210 -0.028565 0.006455
v -0.056210 -0.012364 -0.024437
v -0.056210 -0.012357 -0.024363
v -0.056210 -0.012064 -0.024368
v -0.056210 -0.012364 -0.024288
v -0.056210 -0.012078 -0.024190
v -0.056210 -0.012385 -0.024217
v -0.056210 -0.012119 -0.024032
v -0.056210 -0.012422 -0.024151
v -0.056210 -0.012187 -0.023894
v -0.056210 -0.012477 -0.024094
v -0.056210 -0.012283 -0.023777
v -0.056210 -0.012547 -0.024046
v -0.056210 -0.012403 -0.023682
v -0.056210 -0.012636 -0.024009
v -0.056210 -0.012542 -0.023615
v -0.056210 -0.012746 -0.023984
v -0.056210 -0.012701 -0.023575
v -0.056210 -0.012876 -0.023976
v -0.056210 -0.012879 -0.023561
v -0.056210 -0.012999 -0.023983
v -0.056210 -0.013057 -0.023574
v -0.056210 -0.013215 -0.023615
v -0.056210 -0.012078 -0.024546
v -0.056210 -0.012384 -0.024507
v -0.056210 -0.012119 -0.024704
v -0.056210 -0.012420 -0.024572
v -0.056210 -0.012187 -0.024842
v -0.056210 -0.012474 -0.024632
v -0.056210 -0.012283 -0.024960
v -0.056210 -0.012544 -0.024679
v -0.056210 -0.012403 -0.025053
v -0.056210 -0.012637 -0.024717
v -0.056210 -0.012542 -0.025120
v -0.056210 -0.012748 -0.024742
v -0.056210 -0.012701 -0.025160
v -0.056210 -0.012877 -0.024750
v -0.056210 -0.012879 -0.025174
v -0.056210 -0.013057 -0.025160
v -0.056210 -0.013006 -0.024742
v -0.056210 -0.013215 -0.025120
v -0.056210 -0.013115 -0.024718
v -0.056210 -0.013354 -0.025053
v -0.056210 -0.013204 -0.024681
v -0.056210 -0.013474 -0.024960
v -0.056210 -0.013275 -0.024634
v -0.056210 -0.013570 -0.024842
v -0.056210 -0.013329 -0.024577
v -0.056210 -0.013639 -0.024704
v -0.056210 -0.013367 -0.024511
v -0.056210 -0.013680 -0.024546
v -0.056210 -0.013389 -0.024439
v -0.056210 -0.013694 -0.024368
v -0.056210 -0.013396 -0.024363
v -0.056210 -0.013389 -0.024287
v -0.056210 -0.013680 -0.024189
v -0.056210 -0.013366 -0.024215
v -0.056210 -0.013639 -0.024031
v -0.056210 -0.013328 -0.024149
v -0.056210 -0.013570 -0.023893
v -0.056210 -0.013273 -0.024092
v -0.056210 -0.013474 -0.023775
v -0.056210 -0.013195 -0.024040
v -0.056210 -0.013354 -0.023682
v -0.056210 -0.013105 -0.024004
v -0.056200 -0.019459 -0.028511
v -0.056200 -0.019438 -0.028521
v -0.056200 -0.042800 -0.031000
v -0.056200 -0.019413 -0.028527
v -0.056200 -0.007800 -0.031000
v -0.056200 -0.019385 -0.028529
v -0.056200 -0.017656 -0.028529
v -0.056200 -0.016006 0.023163
v -0.056200 -0.016043 0.022466
v -0.056200 -0.042800 0.031000
v -0.056200 -0.040800 0.012820
v -0.056200 -0.040800 -0.015760
v -0.056200 -0.019508 -0.025191
v -0.056200 -0.019498 -0.025053
v -0.056200 -0.014480 0.029449
v -0.056200 -0.014488 0.029449
v -0.056200 -0.007800 0.031000
v -0.056200 -0.014497 0.029449
v -0.056200 -0.014516 0.029444
v -0.056200 -0.014539 0.029435
v -0.056200 -0.012097 -0.022414
v -0.056200 -0.009800 -0.015760
v -0.056200 -0.009800 0.012820
v -0.056200 -0.009796 0.020452
v -0.056200 -0.009731 0.021447
v -0.056200 -0.009766 0.020984
v -0.056200 -0.009747 0.021294
v -0.056200 -0.013076 -0.019517
v -0.056200 -0.012488 -0.018946
v -0.056200 -0.012026 -0.019517
v -0.056200 -0.012488 -0.018697
v -0.056200 -0.013661 -0.018657
v -0.056200 -0.019310 -0.024658
v -0.056200 -0.019318 -0.024665
v -0.056200 -0.014549 0.014582
v -0.056200 -0.014538 0.014577
v -0.056200 -0.014527 0.014573
v -0.056200 -0.014499 0.014569
v -0.056200 -0.014465 0.014573
v -0.056200 -0.013354 -0.025053
v -0.056200 -0.013215 -0.025120
v -0.056200 -0.013384 -0.025252
v -0.056200 -0.013057 -0.025160
v -0.056200 -0.013384 -0.025508
v -0.056200 -0.012879 -0.025174
v -0.056200 -0.012374 -0.025508
v -0.056200 -0.012701 -0.025160
v -0.056200 -0.012374 -0.025252
v -0.056200 -0.012542 -0.025120
v -0.056200 -0.012403 -0.025053
v -0.056200 -0.013474 -0.024960
v -0.056200 -0.013661 -0.025252
v -0.056200 -0.013570 -0.024842
v -0.056200 -0.013639 -0.024704
v -0.056200 -0.017550 -0.026138
v -0.056200 -0.017553 -0.026121
v -0.056200 -0.013661 -0.026168
v -0.056200 -0.017555 -0.025364
v -0.056200 -0.017534 -0.025186
v -0.056200 -0.013680 -0.024546
v -0.056200 -0.017557 -0.025006
v -0.056200 -0.013694 -0.024368
v -0.056200 -0.017585 -0.024916
v -0.056200 -0.013680 -0.024189
v -0.056200 -0.017626 -0.024832
v -0.056200 -0.013639 -0.024031
v -0.056200 -0.017678 -0.024759
v -0.056200 -0.013661 -0.022414
v -0.056200 -0.017741 -0.024702
v -0.056200 -0.017762 -0.024689
v -0.056200 -0.017581 -0.028515
v -0.056200 -0.017562 -0.028504
v -0.056200 -0.017547 -0.028491
v -0.056200 -0.013384 -0.026168
v -0.056200 -0.017537 -0.028475
v -0.056200 -0.017530 -0.028458
v -0.056200 -0.017528 -0.028438
v -0.056200 -0.012374 -0.026168
v -0.056200 -0.013384 -0.025912
v -0.056200 -0.012374 -0.025912
v -0.056200 -0.012097 -0.026168
v -0.056200 -0.012097 -0.025252
v -0.056200 -0.012078 -0.024546
v -0.056200 -0.012119 -0.024704
v -0.056200 -0.012283 -0.024960
v -0.056200 -0.012187 -0.024842
v -0.056200 -0.012064 -0.024368
v -0.056200 -0.012078 -0.024190
v -0.056200 -0.012119 -0.024032
v -0.056200 -0.012187 -0.023894
v -0.056200 -0.012283 -0.023777
v -0.056200 -0.012403 -0.023682
v -0.056200 -0.012542 -0.023615
v -0.056200 -0.012701 -0.023575
v -0.056200 -0.012882 -0.023366
v -0.056200 -0.012882 -0.022710
v -0.056200 -0.012879 -0.023561
v -0.056200 -0.013057 -0.023574
v -0.056200 -0.013072 -0.023366
v -0.056200 -0.013215 -0.023615
v -0.056200 -0.013354 -0.023682
v -0.056200 -0.013474 -0.023775
v -0.056200 -0.013570 -0.023893
v -0.056200 -0.013072 -0.022710
v -0.056200 -0.012097 -0.022206
v -0.056200 -0.013476 -0.022206
v -0.056200 -0.012488 -0.021306
v -0.056200 -0.013476 -0.021512
v -0.056200 -0.013661 -0.021306
v -0.056200 -0.013661 -0.021512
v -0.056200 -0.017784 -0.024680
v -0.056200 -0.012086 -0.021318
v -0.056200 -0.012086 -0.021096
v -0.056200 -0.017808 -0.024674
v -0.056200 -0.013661 -0.021108
v -0.056200 -0.013661 -0.020901
v -0.056200 -0.012488 -0.021108
v -0.056200 -0.012488 -0.020901
v -0.056200 -0.012291 -0.021096
v -0.056200 -0.012488 -0.020703
v -0.056200 -0.012466 -0.020412
v -0.056200 -0.012455 -0.020310
v -0.056200 -0.012291 -0.021318
v -0.056200 -0.012519 -0.020075
v -0.056200 -0.012570 -0.020019
v -0.056200 -0.012026 -0.019714
v -0.056200 -0.012633 -0.019976
v -0.056200 -0.012709 -0.019945
v -0.056200 -0.012798 -0.019926
v -0.056200 -0.012900 -0.019920
v -0.056200 -0.013661 -0.019714
v -0.056200 -0.013661 -0.019920
v -0.056200 -0.019214 -0.024641
v -0.056200 -0.017852 -0.024674
v -0.056200 -0.019194 -0.024645
v -0.056200 -0.017870 -0.024679
v -0.056200 -0.019176 -0.024652
v -0.056200 -0.017886 -0.024687
v -0.056200 -0.019160 -0.024661
v -0.056200 -0.017901 -0.024699
v -0.056200 -0.019147 -0.024673
v -0.056200 -0.017914 -0.024713
v -0.056200 -0.019137 -0.024687
v -0.056200 -0.017924 -0.024728
v -0.056200 -0.019132 -0.024703
v -0.056200 -0.017930 -0.024745
v -0.056200 -0.017934 -0.024763
v -0.056200 -0.013661 -0.020117
v -0.056200 -0.017834 -0.024672
v -0.056200 -0.013661 -0.020703
v -0.056200 -0.012993 -0.020117
v -0.056200 -0.012785 -0.020703
v -0.056200 -0.012683 -0.020534
v -0.056200 -0.012653 -0.020448
v -0.056200 -0.012841 -0.020127
v -0.056200 -0.012643 -0.020365
v -0.056200 -0.012648 -0.020294
v -0.056200 -0.012778 -0.020140
v -0.056200 -0.012665 -0.020237
v -0.056200 -0.012752 -0.020150
v -0.056200 -0.012730 -0.020161
v -0.056200 -0.012677 -0.020214
v -0.056200 -0.012710 -0.020176
v -0.056200 -0.012692 -0.020194
v -0.056200 -0.012618 -0.020703
v -0.056200 -0.012550 -0.020609
v -0.056200 -0.012498 -0.020512
v -0.056200 -0.012462 -0.020220
v -0.056200 -0.012484 -0.020142
v -0.056200 -0.013030 -0.019243
v -0.056200 -0.013269 -0.019517
v -0.056200 -0.013661 -0.019517
v -0.056200 -0.013661 -0.018918
v -0.056200 -0.019236 -0.024640
v -0.056200 -0.019265 -0.024642
v -0.056200 -0.019289 -0.024648
v -0.056200 -0.013148 -0.019389
v -0.056200 -0.017603 -0.028523
v -0.056200 -0.017530 -0.028420
v -0.056200 -0.017533 -0.028402
v -0.056200 -0.017536 -0.027308
v -0.056200 -0.017542 -0.027327
v -0.056200 -0.017540 -0.028386
v -0.056200 -0.017549 -0.028370
v -0.056200 -0.017553 -0.027345
v -0.056200 -0.017574 -0.028341
v -0.056200 -0.017568 -0.027361
v -0.056200 -0.017587 -0.027375
v -0.056200 -0.017610 -0.028315
v -0.056200 -0.017608 -0.027385
v -0.056200 -0.019072 -0.027395
v -0.056200 -0.017661 -0.027393
v -0.056200 -0.017633 -0.027391
v -0.056200 -0.019072 -0.027393
v -0.056200 -0.017534 -0.027287
v -0.056200 -0.017536 -0.027264
v -0.056200 -0.017550 -0.026800
v -0.056200 -0.017553 -0.026817
v -0.056200 -0.017542 -0.027244
v -0.056200 -0.017559 -0.026834
v -0.056200 -0.017553 -0.027225
v -0.056200 -0.017571 -0.026849
v -0.056200 -0.017567 -0.027208
v -0.056200 -0.017586 -0.026863
v -0.056200 -0.017586 -0.027195
v -0.056200 -0.017606 -0.026875
v -0.056200 -0.017607 -0.027185
v -0.056200 -0.017629 -0.026884
v -0.056200 -0.017633 -0.027179
v -0.056200 -0.017654 -0.026889
v -0.056200 -0.017661 -0.027177
v -0.056200 -0.017683 -0.026891
v -0.056200 -0.019390 -0.027177
v -0.056200 -0.019385 -0.026891
v -0.056200 -0.019412 -0.026889
v -0.056200 -0.019418 -0.027178
v -0.056200 -0.019436 -0.026883
v -0.056200 -0.019442 -0.027183
v -0.056200 -0.019463 -0.027192
v -0.056200 -0.019457 -0.026873
v -0.056200 -0.019481 -0.027203
v -0.056200 -0.019475 -0.026859
v -0.056200 -0.019495 -0.027218
v -0.056200 -0.019490 -0.026843
v -0.056200 -0.019505 -0.027234
v -0.056200 -0.019500 -0.026825
v -0.056200 -0.019506 -0.026806
v -0.056200 -0.019511 -0.027252
v -0.056200 -0.019508 -0.026785
v -0.056200 -0.019513 -0.027272
v -0.056200 -0.019508 -0.028423
v -0.056200 -0.019512 -0.027289
v -0.056200 -0.019506 -0.028401
v -0.056200 -0.019508 -0.027305
v -0.056200 -0.019501 -0.028382
v -0.056200 -0.019503 -0.027321
v -0.056200 -0.019491 -0.028363
v -0.056200 -0.019494 -0.027336
v -0.056200 -0.019478 -0.028347
v -0.056200 -0.019470 -0.027365
v -0.056200 -0.019461 -0.028333
v -0.056200 -0.019437 -0.027393
v -0.056200 -0.019441 -0.028323
v -0.056200 -0.019418 -0.028317
v -0.056200 -0.019391 -0.028315
v -0.056200 -0.017975 -0.028310
v -0.056200 -0.017969 -0.028315
v -0.056200 -0.019506 -0.028444
v -0.056200 -0.019500 -0.028463
v -0.056200 -0.019490 -0.028481
v -0.056200 -0.019476 -0.028498
v -0.056200 -0.017555 -0.026113
v -0.056200 -0.017559 -0.026105
v -0.056200 -0.017616 -0.025521
v -0.056200 -0.017569 -0.026092
v -0.056200 -0.017584 -0.026080
v -0.056200 -0.017712 -0.025655
v -0.056200 -0.017602 -0.026070
v -0.056200 -0.017622 -0.026063
v -0.056200 -0.017644 -0.026059
v -0.056200 -0.017668 -0.026057
v -0.056200 -0.017838 -0.025765
v -0.056200 -0.017690 -0.026059
v -0.056200 -0.017710 -0.026064
v -0.056200 -0.017728 -0.026072
v -0.056200 -0.017744 -0.026083
v -0.056200 -0.017990 -0.025851
v -0.056200 -0.017757 -0.026097
v -0.056200 -0.017767 -0.026114
v -0.056200 -0.017772 -0.026135
v -0.056200 -0.018163 -0.025912
v -0.056200 -0.017774 -0.026158
v -0.056200 -0.018413 -0.026210
v -0.056200 -0.018415 -0.026188
v -0.056200 -0.017774 -0.026677
v -0.056200 -0.018413 -0.026677
v -0.056200 -0.018421 -0.026169
v -0.056200 -0.018351 -0.025949
v -0.056200 -0.018432 -0.026153
v -0.056200 -0.018446 -0.026139
v -0.056200 -0.018463 -0.026128
v -0.056200 -0.018483 -0.026120
v -0.056200 -0.018549 -0.025961
v -0.056200 -0.018504 -0.026115
v -0.056200 -0.018528 -0.026114
v -0.056200 -0.018549 -0.026115
v -0.056200 -0.018568 -0.026120
v -0.056200 -0.018587 -0.026128
v -0.056200 -0.018604 -0.026139
v -0.056200 -0.018870 -0.025918
v -0.056200 -0.018618 -0.026153
v -0.056200 -0.018629 -0.026168
v -0.056200 -0.018635 -0.026186
v -0.056200 -0.018637 -0.026205
v -0.056200 -0.019380 -0.026677
v -0.056200 -0.018637 -0.026677
v -0.056200 -0.019409 -0.026679
v -0.056200 -0.019181 -0.025782
v -0.056200 -0.019031 -0.025862
v -0.056200 -0.019434 -0.026685
v -0.056200 -0.019312 -0.025676
v -0.056200 -0.019456 -0.026695
v -0.056200 -0.019475 -0.026709
v -0.056200 -0.019416 -0.025542
v -0.056200 -0.019489 -0.026726
v -0.056200 -0.019455 -0.025464
v -0.056200 -0.019500 -0.026744
v -0.056200 -0.019484 -0.025380
v -0.056200 -0.019506 -0.026763
v -0.056200 -0.018504 -0.025730
v -0.056200 -0.019142 -0.024776
v -0.056200 -0.017923 -0.024796
v -0.056200 -0.019135 -0.024759
v -0.056200 -0.019131 -0.024741
v -0.056200 -0.019130 -0.024722
v -0.056200 -0.017918 -0.024808
v -0.056200 -0.018328 -0.025713
v -0.056200 -0.017912 -0.024817
v -0.056200 -0.018153 -0.025670
v -0.056200 -0.017991 -0.025595
v -0.056200 -0.017833 -0.024915
v -0.056200 -0.017859 -0.025487
v -0.056200 -0.017748 -0.025262
v -0.056200 -0.017770 -0.025345
v -0.056200 -0.017741 -0.025172
v -0.056200 -0.017797 -0.024966
v -0.056200 -0.017749 -0.025091
v -0.056200 -0.017769 -0.025024
v -0.056200 -0.017807 -0.025420
v -0.056200 -0.018846 -0.025684
v -0.056200 -0.019152 -0.024792
v -0.056200 -0.019015 -0.025620
v -0.056200 -0.019265 -0.024993
v -0.056200 -0.019292 -0.025088
v -0.056200 -0.019160 -0.025520
v -0.056200 -0.019301 -0.025206
v -0.056200 -0.019290 -0.025300
v -0.056200 -0.019219 -0.025457
v -0.056200 -0.019262 -0.025383
v -0.056200 -0.019326 -0.024672
v -0.056200 -0.019371 -0.024723
v -0.056200 -0.019409 -0.024780
v -0.056200 -0.019466 -0.024911
v -0.056200 -0.016043 0.021448
v -0.056200 -0.016007 0.020984
v -0.056200 -0.015978 0.020453
v -0.056200 -0.016039 0.021431
v -0.056200 -0.016035 0.021398
v -0.056200 -0.016026 0.021292
v -0.056200 -0.015586 0.017678
v -0.056200 -0.014874 0.015221
v -0.056200 -0.014711 0.014862
v -0.056200 -0.014620 0.014686
v -0.056200 -0.014596 0.014637
v -0.056200 -0.014582 0.014615
v -0.056200 -0.014567 0.014597
v -0.056200 -0.011309 0.014573
v -0.056200 -0.014453 0.014584
v -0.056200 -0.011322 0.014585
v -0.056200 -0.014442 0.014597
v -0.056200 -0.011332 0.014598
v -0.056200 -0.014427 0.014628
v -0.056200 -0.011347 0.014629
v -0.056200 -0.011356 0.014665
v -0.056200 -0.014418 0.014664
v -0.056200 -0.011360 0.014704
v -0.056200 -0.014414 0.014704
v -0.056200 -0.011357 0.014879
v -0.056200 -0.014418 0.014879
v -0.056200 -0.014418 0.029233
v -0.056200 -0.011357 0.029233
v -0.056200 -0.014418 0.029313
v -0.056200 -0.011356 0.029312
v -0.056200 -0.014430 0.029393
v -0.056200 -0.011344 0.029393
v -0.056200 -0.014436 0.029410
v -0.056200 -0.011338 0.029410
v -0.056200 -0.014444 0.029424
v -0.056200 -0.011330 0.029424
v -0.056200 -0.014454 0.029436
v -0.056200 -0.011321 0.029436
v -0.056200 -0.011315 0.029440
v -0.056200 -0.014459 0.029440
v -0.056200 -0.011309 0.029444
v -0.056200 -0.014466 0.029444
v -0.056200 -0.011302 0.029447
v -0.056200 -0.014472 0.029447
v -0.056200 -0.011294 0.029448
v -0.056200 -0.011286 0.029449
v -0.056200 -0.011278 0.029449
v -0.056200 -0.014548 0.029429
v -0.056200 -0.014557 0.029420
v -0.056200 -0.014579 0.029394
v -0.056200 -0.014628 0.029315
v -0.056200 -0.014742 0.029089
v -0.056200 -0.014911 0.028699
v -0.056200 -0.015290 0.027572
v -0.056200 -0.015589 0.026324
v -0.056200 -0.015953 0.023849
v -0.056200 -0.016021 0.022792
v -0.056200 -0.016032 0.022578
v -0.056200 -0.016037 0.022503
v -0.056200 -0.009731 0.022466
v -0.056200 -0.009752 0.022792
v -0.056200 -0.009768 0.023163
v -0.056200 -0.009734 0.022479
v -0.056200 -0.009736 0.022502
v -0.056200 -0.009742 0.022576
v -0.056200 -0.009822 0.023849
v -0.056200 -0.009982 0.025151
v -0.056200 -0.010245 0.026594
v -0.056200 -0.010614 0.028005
v -0.056200 -0.011092 0.029209
v -0.056200 -0.011155 0.029333
v -0.056200 -0.011196 0.029396
v -0.056200 -0.011216 0.029420
v -0.056200 -0.011226 0.029429
v -0.056200 -0.011235 0.029435
v -0.056200 -0.011258 0.029444
v -0.056200 -0.011275 0.014570
v -0.056200 -0.011248 0.014573
v -0.056200 -0.011236 0.014577
v -0.056200 -0.011225 0.014582
v -0.056200 -0.011207 0.014597
v -0.056200 -0.011192 0.014615
v -0.056200 -0.011179 0.014637
v -0.056200 -0.011154 0.014686
v -0.056200 -0.011063 0.014862
v -0.056200 -0.010579 0.016117
v -0.056200 -0.010208 0.017592
v -0.056200 -0.009948 0.019099
v -0.056200 -0.009738 0.021399
v -0.056200 -0.009735 0.021431
v -0.055600 -0.042800 -0.031000
v -0.056200 -0.042800 -0.031000
v -0.055600 -0.007800 -0.031000
v -0.056200 -0.007800 -0.031000
v -0.055600 -0.042800 0.031000
v -0.056200 -0.042800 0.031000
v -0.055600 -0.042800 -0.031000
v -0.056200 -0.042800 -0.031000
v -0.055600 -0.042800 0.031000
v -0.055600 -0.007800 0.031000
v -0.056200 -0.042800 0.031000
v -0.056200 -0.007800 0.031000
v -0.055600 -0.007800 0.031000
v -0.055600 -0.007800 -0.031000
v -0.056200 -0.007800 0.031000
v -0.056200 -0.007800 -0.031000
v -0.055600 -0.007800 -0.031000
v -0.055600 -0.007800 0.031000
v -0.055600 -0.042800 -0.031000
v -0.055600 -0.042800 0.031000
v -0.056200 -0.040800 -0.015760
v -0.056210 -0.040800 -0.015760
v -0.056200 -0.009800 -0.015760
v -0.056210 -0.009800 -0.015760
v -0.056200 -0.040800 0.012820
v -0.056210 -0.040800 0.012820
v -0.056200 -0.040800 -0.015760
v -0.056210 -0.040800 -0.015760
v -0.056200 -0.040800 0.012820
v -0.056200 -0.009800 0.012820
v -0.056210 -0.040800 0.012820
v -0.056210 -0.009800 0.012820
v -0.056200 -0.009800 0.012820
v -0.056200 -0.009800 -0.015760
v -0.056210 -0.009800 0.012820
v -0.056210 -0.009800 -0.015760
v -0.056200 -0.013661 -0.025252
v -0.056200 -0.013384 -0.025252
v -0.056210 -0.013661 -0.025252
v -0.056210 -0.013384 -0.025252
v -0.056200 -0.013384 -0.025252
v -0.056200 -0.013384 -0.025508
v -0.056210 -0.013384 -0.025252
v -0.056210 -0.013384 -0.025508
v -0.056200 -0.013384 -0.025508
v -0.056200 -0.012374 -0.025508
v -0.056210 -0.013384 -0.025508
v -0.056210 -0.012374 -0.025508
v -0.056200 -0.012374 -0.025252
v -0.056210 -0.012374 -0.025252
v -0.056200 -0.012374 -0.025508
v -0.056210 -0.012374 -0.025508
v -0.056200 -0.012374 -0.025252
v -0.056200 -0.012097 -0.025252
v -0.056210 -0.012374 -0.025252
v -0.056210 -0.012097 -0.025252
v -0.056200 -0.012097 -0.025252
v -0.056200 -0.012097 -0.026168
v -0.056210 -0.012097 -0.025252
v -0.056210 -0.012097 -0.026168
v -0.056200 -0.012374 -0.026168
v -0.056210 -0.012374 -0.026168
v -0.056200 -0.012097 -0.026168
v -0.056210 -0.012097 -0.026168
v -0.056200 -0.012374 -0.025912
v -0.056210 -0.012374 -0.025912
v -0.056200 -0.012374 -0.026168
v -0.056210 -0.012374 -0.026168
v -0.056200 -0.013384 -0.025912
v -0.056210 -0.013384 -0.025912
v -0.056200 -0.012374 -0.025912
v -0.056210 -0.012374 -0.025912
v -0.056200 -0.013384 -0.025912
v -0.056200 -0.013384 -0.026168
v -0.056210 -0.013384 -0.025912
v -0.056210 -0.013384 -0.026168
v -0.056200 -0.013661 -0.026168
v -0.056210 -0.013661 -0.026168
v -0.056200 -0.013384 -0.026168
v -0.056210 -0.013384 -0.026168
v -0.056200 -0.013661 -0.025252
v -0.056210 -0.013661 -0.025252
v -0.056200 -0.013661 -0.026168
v -0.056210 -0.013661 -0.026168
v -0.056210 -0.013384 -0.025252
v -0.056210 -0.013384 -0.025508
v -0.056210 -0.013661 -0.025252
v -0.056210 -0.013661 -0.026168
v -0.056210 -0.013384 -0.025912
v -0.056210 -0.012374 -0.025508
v -0.056210 -0.012374 -0.025912
v -0.056210 -0.012097 -0.026168
v -0.056210 -0.012374 -0.026168
v -0.056210 -0.012374 -0.025252
v -0.056210 -0.012097 -0.025252
v -0.056210 -0.013384 -0.026168
v -0.056200 -0.012879 -0.023561
v -0.056200 -0.012701 -0.023575
v -0.056210 -0.012879 -0.023561
v -0.056210 -0.012701 -0.023575
v -0.056200 -0.012542 -0.023615
v -0.056210 -0.012542 -0.023615
v -0.056200 -0.012403 -0.023682
v -0.056210 -0.012403 -0.023682
v -0.056200 -0.012283 -0.023777
v -0.056210 -0.012283 -0.023777
v -0.056200 -0.012283 -0.023777
v -0.056200 -0.012187 -0.023894
v -0.056210 -0.012283 -0.023777
v -0.056210 -0.012187 -0.023894
v -0.056200 -0.012119 -0.024032
v -0.056210 -0.012119 -0.024032
v -0.056200 -0.012078 -0.024190
v -0.056210 -0.012078 -0.024190
v -0.056200 -0.012064 -0.024368
v -0.056210 -0.012064 -0.024368
v -0.056200 -0.012078 -0.024546
v -0.056210 -0.012078 -0.024546
v -0.056200 -0.012119 -0.024704
v -0.056210 -0.012119 -0.024704
v -0.056200 -0.012187 -0.024842
v -0.056210 -0.012187 -0.024842
v -0.056200 -0.012283 -0.024960
v -0.056210 -0.012283 -0.024960
v -0.056200 -0.012283 -0.024960
v -0.056200 -0.012403 -0.025053
v -0.056210 -0.012283 -0.024960
v -0.056210 -0.012403 -0.025053
v -0.056200 -0.012542 -0.025120
v -0.056210 -0.012542 -0.025120
v -0.056200 -0.012701 -0.025160
v -0.056210 -0.012701 -0.025160
v -0.056200 -0.012879 -0.025174
v -0.056210 -0.012879 -0.025174
v -0.056200 -0.012879 -0.025174
v -0.056200 -0.013057 -0.025160
v -0.056210 -0.012879 -0.025174
v -0.056210 -0.013057 -0.025160
v -0.056200 -0.013215 -0.025120
v -0.056210 -0.013215 -0.025120
v -0.056200 -0.013354 -0.025053
v -0.056210 -0.013354 -0.025053
v -0.056200 -0.013474 -0.024960
v -0.056210 -0.013474 -0.024960
v -0.056200 -0.013474 -0.024960
v -0.056200 -0.013570 -0.024842
v -0.056210 -0.013474 -0.024960
v -0.056210 -0.013570 -0.024842
v -0.056200 -0.013639 -0.024704
v -0.056210 -0.013639 -0.024704
v -0.056200 -0.013680 -0.024546
v -0.056210 -0.013680 -0.024546
v -0.056200 -0.013694 -0.024368
v -0.056210 -0.013694 -0.024368
v -0.056200 -0.013680 -0.024189
v -0.056210 -0.013680 -0.024189
v -0.056200 -0.013639 -0.024031
v -0.056210 -0.013639 -0.024031
v -0.056200 -0.013570 -0.023893
v -0.056210 -0.013570 -0.023893
v -0.056200 -0.013474 -0.023775
v -0.056210 -0.013474 -0.023775
v -0.056200 -0.013474 -0.023775
v -0.056200 -0.013354 -0.023682
v -0.056210 -0.013474 -0.023775
v -0.056210 -0.013354 -0.023682
v -0.056200 -0.013215 -0.023615
v -0.056210 -0.013215 -0.023615
v -0.056200 -0.013057 -0.023574
v -0.056210 -0.013057 -0.023574
v -0.056200 -0.013072 -0.022710
v -0.056200 -0.012882 -0.022710
v -0.056210 -0.013072 -0.022710
v -0.056210 -0.012882 -0.022710
v -0.056200 -0.012882 -0.022710
v -0.056200 -0.012882 -0.023366
v -0.056210 -0.012882 -0.022710
v -0.056210 -0.012882 -0.023366
v -0.056200 -0.013072 -0.023366
v -0.056210 -0.013072 -0.023366
v -0.056200 -0.012882 -0.023366
v -0.056210 -0.012882 -0.023366
v -0.056200 -0.013072 -0.022710
v -0.056210 -0.013072 -0.022710
v -0.056200 -0.013072 -0.023366
v -0.056210 -0.013072 -0.023366
v -0.056210 -0.013072 -0.022710
v -0.056210 -0.012882 -0.022710
v -0.056210 -0.013072 -0.023366
v -0.056210 -0.012882 -0.023366
v -0.056200 -0.013661 -0.021512
v -0.056200 -0.013476 -0.021512
v -0.056210 -0.013661 -0.021512
v -0.056210 -0.013476 -0.021512
v -0.056200 -0.013476 -0.021512
v -0.056200 -0.013476 -0.022206
v -0.056210 -0.013476 -0.021512
v -0.056210 -0.013476 -0.022206
v -0.056200 -0.013476 -0.022206
v -0.056200 -0.012097 -0.022206
v -0.056210 -0.013476 -0.022206
v -0.056210 -0.012097 -0.022206
v -0.056200 -0.012097 -0.022206
v -0.056200 -0.012097 -0.022414
v -0.056210 -0.012097 -0.022206
v -0.056210 -0.012097 -0.022414
v -0.056200 -0.013661 -0.022414
v -0.056210 -0.013661 -0.022414
v -0.056200 -0.012097 -0.022414
v -0.056210 -0.012097 -0.022414
v -0.056200 -0.013661 -0.021512
v -0.056210 -0.013661 -0.021512
v -0.056200 -0.013661 -0.022414
v -0.056210 -0.013661 -0.022414
v -0.056210 -0.013476 -0.021512
v -0.056210 -0.013476 -0.022206
v -0.056210 -0.013661 -0.021512
v -0.056210 -0.013661 -0.022414
v -0.056210 -0.012097 -0.022206
v -0.056210 -0.012097 -0.022414
v -0.056200 -0.012291 -0.021096
v -0.056200 -0.012086 -0.021096
v -0.056210 -0.012291 -0.021096
v -0.056210 -0.012086 -0.021096
v -0.056200 -0.012086 -0.021096
v -0.056200 -0.012086 -0.021318
v -0.056210 -0.012086 -0.021096
v -0.056210 -0.012086 -0.021318
v -0.056200 -0.012291 -0.021318
v -0.056210 -0.012291 -0.021318
v -0.056200 -0.012086 -0.021318
v -0.056210 -0.012086 -0.021318
v -0.056200 -0.012291 -0.021096
v -0.056210 -0.012291 -0.021096
v -0.056200 -0.012291 -0.021318
v -0.056210 -0.012291 -0.021318
v -0.056210 -0.012291 -0.021096
v -0.056210 -0.012086 -0.021096
v -0.056210 -0.012291 -0.021318
v -0.056210 -0.012086 -0.021318
v -0.056200 -0.013661 -0.021108
v -0.056200 -0.012488 -0.021108
v -0.056210 -0.013661 -0.021108
v -0.056210 -0.012488 -0.021108
v -0.056200 -0.012488 -0.021108
v -0.056200 -0.012488 -0.021306
v -0.056210 -0.012488 -0.021108
v -0.056210 -0.012488 -0.021306
v -0.056200 -0.013661 -0.021306
v -0.056210 -0.013661 -0.021306
v -0.056200 -0.012488 -0.021306
v -0.056210 -0.012488 -0.021306
v -0.056200 -0.013661 -0.021108
v -0.056210 -0.013661 -0.021108
v -0.056200 -0.013661 -0.021306
v -0.056210 -0.013661 -0.021306
v -0.056210 -0.013661 -0.021108
v -0.056210 -0.012488 -0.021108
v -0.056210 -0.013661 -0.021306
v -0.056210 -0.012488 -0.021306
v -0.056200 -0.013661 -0.019920
v -0.056200 -0.012900 -0.019920
v -0.056210 -0.013661 -0.019920
v -0.056210 -0.012900 -0.019920
v -0.056200 -0.012798 -0.019926
v -0.056210 -0.012798 -0.019926
v -0.056200 -0.012709 -0.019945
v -0.056210 -0.012709 -0.019945
v -0.056200 -0.012633 -0.019976
v -0.056210 -0.012633 -0.019976
v -0.056200 -0.012570 -0.020019
v -0.056210 -0.012570 -0.020019
v -0.056200 -0.012570 -0.020019
v -0.056200 -0.012519 -0.020075
v -0.056210 -0.012570 -0.020019
v -0.056210 -0.012519 -0.020075
v -0.056200 -0.012484 -0.020142
v -0.056210 -0.012484 -0.020142
v -0.056200 -0.012462 -0.020220
v -0.056210 -0.012462 -0.020220
v -0.056200 -0.012455 -0.020310
v -0.056210 -0.012455 -0.020310
v -0.056200 -0.012455 -0.020310
v -0.056200 -0.012466 -0.020412
v -0.056210 -0.012466 -0.020412
v -0.056200 -0.012498 -0.020512
v -0.056210 -0.012498 -0.020512
v -0.056200 -0.012498 -0.020512
v -0.056200 -0.012550 -0.020609
v -0.056210 -0.012498 -0.020512
v -0.056210 -0.012550 -0.020609
v -0.056200 -0.012618 -0.020703
v -0.056210 -0.012618 -0.020703
v -0.056200 -0.012618 -0.020703
v -0.056200 -0.012488 -0.020703
v -0.056210 -0.012618 -0.020703
v -0.056210 -0.012488 -0.020703
v -0.056200 -0.012488 -0.020703
v -0.056200 -0.012488 -0.020901
v -0.056210 -0.012488 -0.020703
v -0.056210 -0.012488 -0.020901
v -0.056200 -0.013661 -0.020901
v -0.056210 -0.013661 -0.020901
v -0.056200 -0.012488 -0.020901
v -0.056210 -0.012488 -0.020901
v -0.056200 -0.013661 -0.020703
v -0.056210 -0.013661 -0.020703
v -0.056200 -0.013661 -0.020901
v -0.056210 -0.013661 -0.020901
v -0.056200 -0.013661 -0.020703
v -0.056200 -0.012785 -0.020703
v -0.056210 -0.013661 -0.020703
v -0.056210 -0.012785 -0.020703
v -0.056200 -0.012785 -0.020703
v -0.056200 -0.012683 -0.020534
v -0.056210 -0.012785 -0.020703
v -0.056210 -0.012683 -0.020534
v -0.056200 -0.012683 -0.020534
v -0.056200 -0.012653 -0.020448
v -0.056210 -0.012683 -0.020534
v -0.056210 -0.012653 -0.020448
v -0.056200 -0.012643 -0.020365
v -0.056210 -0.012643 -0.020365
v -0.056200 -0.012643 -0.020365
v -0.056200 -0.012648 -0.020294
v -0.056210 -0.012643 -0.020365
v -0.056210 -0.012648 -0.020294
v -0.056200 -0.012665 -0.020237
v -0.056210 -0.012665 -0.020237
v -0.056200 -0.012665 -0.020237
v -0.056200 -0.012677 -0.020214
v -0.056210 -0.012665 -0.020237
v -0.056210 -0.012677 -0.020214
v -0.056200 -0.012692 -0.020194
v -0.056210 -0.012692 -0.020194
v -0.056200 -0.012710 -0.020176
v -0.056210 -0.012710 -0.020176
v -0.056200 -0.012730 -0.020161
v -0.056210 -0.012730 -0.020161
v -0.056200 -0.012730 -0.020161
v -0.056200 -0.012752 -0.020150
v -0.056210 -0.012730 -0.020161
v -0.056210 -0.012752 -0.020150
v -0.056200 -0.012778 -0.020140
v -0.056210 -0.012778 -0.020140
v -0.056200 -0.012841 -0.020127
v -0.056210 -0.012841 -0.020127
v -0.056200 -0.012841 -0.020127
v -0.056200 -0.012993 -0.020117
v -0.056210 -0.012841 -0.020127
v -0.056210 -0.012993 -0.020117
v -0.056200 -0.013661 -0.020117
v -0.056210 -0.013661 -0.020117
v -0.056200 -0.012993 -0.020117
v -0.056210 -0.012993 -0.020117
v -0.056200 -0.013661 -0.019920
v -0.056210 -0.013661 -0.019920
v -0.056200 -0.013661 -0.020117
v -0.056210 -0.013661 -0.020117
v -0.056210 -0.013661 -0.020117
v -0.056210 -0.013661 -0.019920
v -0.056210 -0.012993 -0.020117
v -0.056210 -0.012900 -0.019920
v -0.056210 -0.012841 -0.020127
v -0.056210 -0.012798 -0.019926
v -0.056210 -0.012778 -0.020140
v -0.056210 -0.012709 -0.019945
v -0.056210 -0.012752 -0.020150
v -0.056210 -0.012633 -0.019976
v -0.056210 -0.012730 -0.020161
v -0.056210 -0.012570 -0.020019
v -0.056210 -0.012710 -0.020176
v -0.056210 -0.012692 -0.020194
v -0.056210 -0.012519 -0.020075
v -0.056210 -0.012677 -0.020214
v -0.056210 -0.012484 -0.020142
v -0.056210 -0.012665 -0.020237
v -0.056210 -0.012462 -0.020220
v -0.056210 -0.012648 -0.020294
v -0.056210 -0.012455 -0.020310
v -0.056210 -0.012643 -0.020365
v -0.056210 -0.012466 -0.020412
v -0.056210 -0.012653 -0.020448
v -0.056210 -0.012498 -0.020512
v -0.056210 -0.012683 -0.020534
v -0.056210 -0.012550 -0.020609
v -0.056210 -0.012618 -0.020703
v -0.056210 -0.012785 -0.020703
v -0.056210 -0.012488 -0.020901
v -0.056210 -0.013661 -0.020901
v -0.056210 -0.012488 -0.020703
v -0.056210 -0.013661 -0.020703
v -0.056200 -0.013661 -0.018657
v -0.056200 -0.013030 -0.019243
v -0.056210 -0.013661 -0.018657
v -0.056210 -0.013030 -0.019243
v -0.056200 -0.012488 -0.018697
v -0.056210 -0.012488 -0.018697
v -0.056200 -0.013030 -0.019243
v -0.056210 -0.013030 -0.019243
v -0.056200 -0.012488 -0.018697
v -0.056200 -0.012488 -0.018946
v -0.056210 -0.012488 -0.018697
v -0.056210 -0.012488 -0.018946
v -0.056200 -0.013076 -0.019517
v -0.056210 -0.013076 -0.019517
v -0.056200 -0.012488 -0.018946
v -0.056210 -0.012488 -0.018946
v -0.056200 -0.013076 -0.019517
v -0.056200 -0.012026 -0.019517
v -0.056210 -0.013076 -0.019517
v -0.056210 -0.012026 -0.019517
v -0.056200 -0.012026 -0.019517
v -0.056200 -0.012026 -0.019714
v -0.056210 -0.012026 -0.019517
v -0.056210 -0.012026 -0.019714
v -0.056200 -0.013661 -0.019714
v -0.056210 -0.013661 -0.019714
v -0.056200 -0.012026 -0.019714
v -0.056210 -0.012026 -0.019714
v -0.056200 -0.013661 -0.019517
v -0.056210 -0.013661 -0.019517
v -0.056200 -0.013661 -0.019714
v -0.056210 -0.013661 -0.019714
v -0.056200 -0.013661 -0.019517
v -0.056200 -0.013269 -0.019517
v -0.056210 -0.013661 -0.019517
v -0.056210 -0.013269 -0.019517
v -0.056200 -0.013148 -0.019389
v -0.056210 -0.013148 -0.019389
v -0.056200 -0.013269 -0.019517
v -0.056210 -0.013269 -0.019517
v -0.056200 -0.013661 -0.018918
v -0.056210 -0.013661 -0.018918
v -0.056200 -0.013148 -0.019389
v -0.056210 -0.013148 -0.019389
v -0.056200 -0.013661 -0.018657
v -0.056210 -0.013661 -0.018657
v -0.056200 -0.013661 -0.018918
v -0.056210 -0.013661 -0.018918
v -0.056210 -0.013661 -0.018657
v -0.056210 -0.013030 -0.019243
v -0.056210 -0.013661 -0.018918
v -0.056210 -0.013148 -0.019389
v -0.056210 -0.012488 -0.018697
v -0.056210 -0.012488 -0.018946
v -0.056210 -0.013076 -0.019517
v -0.056210 -0.013269 -0.019517
v -0.056210 -0.012026 -0.019517
v -0.056210 -0.012026 -0.019714
v -0.056210 -0.013661 -0.019714
v -0.056210 -0.013661 -0.019517
v -0.056200 -0.017562 -0.028504
v -0.056200 -0.017581 -0.028515
v -0.056210 -0.017562 -0.028504
v -0.056210 -0.017581 -0.028515
v -0.056200 -0.017603 -0.028523
v -0.056210 -0.017603 -0.028523
v -0.056200 -0.017656 -0.028529
v -0.056210 -0.017656 -0.028529
v -0.056200 -0.019385 -0.028529
v -0.056210 -0.019385 -0.028529
v -0.056200 -0.017656 -0.028529
v -0.056210 -0.017656 -0.028529
v -0.056200 -0.019385 -0.028529
v -0.056200 -0.019413 -0.028527
v -0.056210 -0.019413 -0.028527
v -0.056200 -0.019438 -0.028521
v -0.056210 -0.019438 -0.028521
v -0.056200 -0.019459 -0.028511
v -0.056210 -0.019459 -0.028511
v -0.056200 -0.019476 -0.028498
v -0.056210 -0.019476 -0.028498
v -0.056200 -0.019476 -0.028498
v -0.056200 -0.019490 -0.028481
v -0.056210 -0.019476 -0.028498
v -0.056210 -0.019490 -0.028481
v -0.056200 -0.019500 -0.028463
v -0.056210 -0.019500 -0.028463
v -0.056200 -0.019506 -0.028444
v -0.056210 -0.019506 -0.028444
v -0.056200 -0.019508 -0.028423
v -0.056210 -0.019508 -0.028423
v -0.056200 -0.019508 -0.028423
v -0.056200 -0.019506 -0.028401
v -0.056210 -0.019508 -0.028423
v -0.056210 -0.019506 -0.028401
v -0.056200 -0.019501 -0.028382
v -0.056210 -0.019501 -0.028382
v -0.056200 -0.019491 -0.028363
v -0.056210 -0.019491 -0.028363
v -0.056200 -0.019478 -0.028347
v -0.056210 -0.019478 -0.028347
v -0.056200 -0.019478 -0.028347
v -0.056200 -0.019461 -0.028333
v -0.056210 -0.019478 -0.028347
v -0.056210 -0.019461 -0.028333
v -0.056200 -0.019441 -0.028323
v -0.056210 -0.019441 -0.028323
v -0.056200 -0.019418 -0.028317
v -0.056210 -0.019418 -0.028317
v -0.056200 -0.019391 -0.028315
v -0.056210 -0.019391 -0.028315
v -0.056200 -0.019391 -0.028315
v -0.056200 -0.017969 -0.028315
v -0.056210 -0.017969 -0.028315
v -0.056200 -0.017975 -0.028310
v -0.056210 -0.017975 -0.028310
v -0.056200 -0.017969 -0.028315
v -0.056210 -0.017969 -0.028315
v -0.056200 -0.019437 -0.027393
v -0.056210 -0.019437 -0.027393
v -0.056200 -0.017975 -0.028310
v -0.056210 -0.017975 -0.028310
v -0.056200 -0.019437 -0.027393
v -0.056200 -0.019470 -0.027365
v -0.056210 -0.019437 -0.027393
v -0.056210 -0.019470 -0.027365
v -0.056200 -0.019494 -0.027336
v -0.056210 -0.019494 -0.027336
v -0.056200 -0.019503 -0.027321
v -0.056210 -0.019503 -0.027321
v -0.056200 -0.019508 -0.027305
v -0.056210 -0.019508 -0.027305
v -0.056200 -0.019512 -0.027289
v -0.056210 -0.019512 -0.027289
v -0.056200 -0.019513 -0.027272
v -0.056210 -0.019513 -0.027272
v -0.056200 -0.019513 -0.027272
v -0.056200 -0.019511 -0.027252
v -0.056210 -0.019513 -0.027272
v -0.056210 -0.019511 -0.027252
v -0.056200 -0.019505 -0.027234
v -0.056210 -0.019505 -0.027234
v -0.056200 -0.019495 -0.027218
v -0.056210 -0.019495 -0.027218
v -0.056200 -0.019481 -0.027203
v -0.056210 -0.019481 -0.027203
v -0.056200 -0.019481 -0.027203
v -0.056200 -0.019463 -0.027192
v -0.056210 -0.019481 -0.027203
v -0.056210 -0.019463 -0.027192
v -0.056200 -0.019442 -0.027183
v -0.056210 -0.019442 -0.027183
v -0.056200 -0.019418 -0.027178
v -0.056210 -0.019418 -0.027178
v -0.056200 -0.019390 -0.027177
v -0.056210 -0.019390 -0.027177
v -0.056200 -0.019390 -0.027177
v -0.056200 -0.017661 -0.027177
v -0.056210 -0.017661 -0.027177
v -0.056200 -0.017633 -0.027179
v -0.056210 -0.017633 -0.027179
v -0.056200 -0.017607 -0.027185
v -0.056210 -0.017607 -0.027185
v -0.056200 -0.017586 -0.027195
v -0.056210 -0.017586 -0.027195
v -0.056200 -0.017567 -0.027208
v -0.056210 -0.017567 -0.027208
v -0.056200 -0.017567 -0.027208
v -0.056200 -0.017553 -0.027225
v -0.056210 -0.017567 -0.027208
v -0.056210 -0.017553 -0.027225
v -0.056200 -0.017542 -0.027244
v -0.056210 -0.017542 -0.027244
v -0.056200 -0.017536 -0.027264
v -0.056210 -0.017536 -0.027264
v -0.056200 -0.017534 -0.027287
v -0.056210 -0.017534 -0.027287
v -0.056200 -0.017534 -0.027287
v -0.056200 -0.017536 -0.027308
v -0.056210 -0.017536 -0.027308
v -0.056200 -0.017542 -0.027327
v -0.056210 -0.017542 -0.027327
v -0.056200 -0.017553 -0.027345
v -0.056210 -0.017553 -0.027345
v -0.056200 -0.017568 -0.027361
v -0.056210 -0.017568 -0.027361
v -0.056200 -0.017568 -0.027361
v -0.056200 -0.017587 -0.027375
v -0.056210 -0.017568 -0.027361
v -0.056210 -0.017587 -0.027375
v -0.056200 -0.017608 -0.027385
v -0.056210 -0.017608 -0.027385
v -0.056200 -0.017633 -0.027391
v -0.056210 -0.017633 -0.027391
v -0.056200 -0.017661 -0.027393
v -0.056210 -0.017661 -0.027393
v -0.056200 -0.019072 -0.027393
v -0.056210 -0.019072 -0.027393
v -0.056200 -0.017661 -0.027393
v -0.056210 -0.017661 -0.027393
v -0.056200 -0.019072 -0.027393
v -0.056200 -0.019072 -0.027395
v -0.056210 -0.019072 -0.027393
v -0.056210 -0.019072 -0.027395
v -0.056200 -0.019072 -0.027395
v -0.056200 -0.017610 -0.028315
v -0.056210 -0.019072 -0.027395
v -0.056210 -0.017610 -0.028315
v -0.056200 -0.017610 -0.028315
v -0.056200 -0.017574 -0.028341
v -0.056210 -0.017610 -0.028315
v -0.056210 -0.017574 -0.028341
v -0.056200 -0.017549 -0.028370
v -0.056210 -0.017549 -0.028370
v -0.056200 -0.017540 -0.028386
v -0.056210 -0.017540 -0.028386
v -0.056200 -0.017533 -0.028402
v -0.056210 -0.017533 -0.028402
v -0.056200 -0.017530 -0.028420
v -0.056210 -0.017530 -0.028420
v -0.056200 -0.017528 -0.028438
v -0.056210 -0.017528 -0.028438
v -0.056200 -0.017528 -0.028438
v -0.056200 -0.017530 -0.028458
v -0.056210 -0.017530 -0.028458
v -0.056200 -0.017537 -0.028475
v -0.056210 -0.017537 -0.028475
v -0.056200 -0.017547 -0.028491
v -0.056210 -0.017547 -0.028491
v -0.056200 -0.017562 -0.028504
v -0.056210 -0.017562 -0.028504
v -0.056210 -0.017547 -0.028491
v -0.056210 -0.017562 -0.028504
v -0.056210 -0.017528 -0.028438
v -0.056210 -0.017581 -0.028515
v -0.056210 -0.017530 -0.028420
v -0.056210 -0.017533 -0.028402
v -0.056210 -0.017603 -0.028523
v -0.056210 -0.017540 -0.028386
v -0.056210 -0.017969 -0.028315
v -0.056210 -0.017610 -0.028315
v -0.056210 -0.017656 -0.028529
v -0.056210 -0.017574 -0.028341
v -0.056210 -0.017549 -0.028370
v -0.056210 -0.019385 -0.028529
v -0.056210 -0.019391 -0.028315
v -0.056210 -0.019413 -0.028527
v -0.056210 -0.019418 -0.028317
v -0.056210 -0.019438 -0.028521
v -0.056210 -0.019508 -0.028423
v -0.056210 -0.019506 -0.028401
v -0.056210 -0.019459 -0.028511
v -0.056210 -0.019476 -0.028498
v -0.056210 -0.019490 -0.028481
v -0.056210 -0.019506 -0.028444
v -0.056210 -0.019500 -0.028463
v -0.056210 -0.019501 -0.028382
v -0.056210 -0.019491 -0.028363
v -0.056210 -0.019478 -0.028347
v -0.056210 -0.019441 -0.028323
v -0.056210 -0.019461 -0.028333
v -0.056210 -0.017975 -0.028310
v -0.056210 -0.019072 -0.027395
v -0.056210 -0.019437 -0.027393
v -0.056210 -0.019072 -0.027393
v -0.056210 -0.019390 -0.027177
v -0.056210 -0.019470 -0.027365
v -0.056210 -0.019418 -0.027178
v -0.056210 -0.019494 -0.027336
v -0.056210 -0.019503 -0.027321
v -0.056210 -0.019442 -0.027183
v -0.056210 -0.019508 -0.027305
v -0.056210 -0.019512 -0.027289
v -0.056210 -0.019463 -0.027192
v -0.056210 -0.019513 -0.027272
v -0.056210 -0.019481 -0.027203
v -0.056210 -0.019495 -0.027218
v -0.056210 -0.019511 -0.027252
v -0.056210 -0.019505 -0.027234
v -0.056210 -0.017661 -0.027177
v -0.056210 -0.017661 -0.027393
v -0.056210 -0.017633 -0.027391
v -0.056210 -0.017633 -0.027179
v -0.056210 -0.017608 -0.027385
v -0.056210 -0.017607 -0.027185
v -0.056210 -0.017587 -0.027375
v -0.056210 -0.017586 -0.027195
v -0.056210 -0.017567 -0.027208
v -0.056210 -0.017553 -0.027225
v -0.056210 -0.017536 -0.027264
v -0.056210 -0.017568 -0.027361
v -0.056210 -0.017542 -0.027244
v -0.056210 -0.017534 -0.027287
v -0.056210 -0.017553 -0.027345
v -0.056210 -0.017536 -0.027308
v -0.056210 -0.017542 -0.027327
v -0.056210 -0.017530 -0.028458
v -0.056210 -0.017537 -0.028475
v -0.056200 -0.017586 -0.026863
v -0.056200 -0.017606 -0.026875
v -0.056210 -0.017586 -0.026863
v -0.056210 -0.017606 -0.026875
v -0.056200 -0.017629 -0.026884
v -0.056210 -0.017629 -0.026884
v -0.056200 -0.017654 -0.026889
v -0.056210 -0.017654 -0.026889
v -0.056200 -0.017683 -0.026891
v -0.056210 -0.017683 -0.026891
v -0.056200 -0.019385 -0.026891
v -0.056210 -0.019385 -0.026891
v -0.056200 -0.017683 -0.026891
v -0.056210 -0.017683 -0.026891
v -0.056200 -0.019385 -0.026891
v -0.056200 -0.019412 -0.026889
v -0.056210 -0.019412 -0.026889
v -0.056200 -0.019436 -0.026883
v -0.056210 -0.019436 -0.026883
v -0.056200 -0.019457 -0.026873
v -0.056210 -0.019457 -0.026873
v -0.056200 -0.019475 -0.026859
v -0.056210 -0.019475 -0.026859
v -0.056200 -0.019475 -0.026859
v -0.056200 -0.019490 -0.026843
v -0.056210 -0.019475 -0.026859
v -0.056210 -0.019490 -0.026843
v -0.056200 -0.019500 -0.026825
v -0.056210 -0.019500 -0.026825
v -0.056200 -0.019506 -0.026806
v -0.056210 -0.019506 -0.026806
v -0.056200 -0.019508 -0.026785
v -0.056210 -0.019508 -0.026785
v -0.056200 -0.019508 -0.026785
v -0.056200 -0.019506 -0.026763
v -0.056210 -0.019508 -0.026785
v -0.056210 -0.019506 -0.026763
v -0.056200 -0.019500 -0.026744
v -0.056210 -0.019500 -0.026744
v -0.056200 -0.019489 -0.026726
v -0.056210 -0.019489 -0.026726
v -0.056200 -0.019475 -0.026709
v -0.056210 -0.019475 -0.026709
v -0.056200 -0.019475 -0.026709
v -0.056200 -0.019456 -0.026695
v -0.056210 -0.019475 -0.026709
v -0.056210 -0.019456 -0.026695
v -0.056200 -0.019434 -0.026685
v -0.056210 -0.019434 -0.026685
v -0.056200 -0.019409 -0.026679
v -0.056210 -0.019409 -0.026679
v -0.056200 -0.019380 -0.026677
v -0.056210 -0.019380 -0.026677
v -0.056200 -0.019380 -0.026677
v -0.056200 -0.018637 -0.026677
v -0.056210 -0.018637 -0.026677
v -0.056200 -0.018637 -0.026205
v -0.056210 -0.018637 -0.026205
v -0.056200 -0.018637 -0.026677
v -0.056210 -0.018637 -0.026677
v -0.056200 -0.018637 -0.026205
v -0.056200 -0.018635 -0.026186
v -0.056210 -0.018637 -0.026205
v -0.056210 -0.018635 -0.026186
v -0.056200 -0.018629 -0.026168
v -0.056210 -0.018629 -0.026168
v -0.056200 -0.018618 -0.026153
v -0.056210 -0.018618 -0.026153
v -0.056200 -0.018604 -0.026139
v -0.056210 -0.018604 -0.026139
v -0.056200 -0.018604 -0.026139
v -0.056200 -0.018587 -0.026128
v -0.056210 -0.018604 -0.026139
v -0.056210 -0.018587 -0.026128
v -0.056200 -0.018568 -0.026120
v -0.056210 -0.018568 -0.026120
v -0.056200 -0.018549 -0.026115
v -0.056210 -0.018549 -0.026115
v -0.056200 -0.018528 -0.026114
v -0.056210 -0.018528 -0.026114
v -0.056200 -0.018528 -0.026114
v -0.056200 -0.018504 -0.026115
v -0.056210 -0.018504 -0.026115
v -0.056200 -0.018483 -0.026120
v -0.056210 -0.018483 -0.026120
v -0.056200 -0.018463 -0.026128
v -0.056210 -0.018463 -0.026128
v -0.056200 -0.018446 -0.026139
v -0.056210 -0.018446 -0.026139
v -0.056200 -0.018446 -0.026139
v -0.056200 -0.018432 -0.026153
v -0.056210 -0.018446 -0.026139
v -0.056210 -0.018432 -0.026153
v -0.056200 -0.018421 -0.026169
v -0.056210 -0.018421 -0.026169
v -0.056200 -0.018415 -0.026188
v -0.056210 -0.018415 -0.026188
v -0.056200 -0.018413 -0.026210
v -0.056210 -0.018413 -0.026210
v -0.056200 -0.018413 -0.026677
v -0.056210 -0.018413 -0.026677
v -0.056200 -0.018413 -0.026677
v -0.056200 -0.017774 -0.026677
v -0.056210 -0.018413 -0.026677
v -0.056210 -0.017774 -0.026677
v -0.056200 -0.017774 -0.026158
v -0.056210 -0.017774 -0.026158
v -0.056200 -0.017774 -0.026677
v -0.056210 -0.017774 -0.026677
v -0.056200 -0.017774 -0.026158
v -0.056200 -0.017772 -0.026135
v -0.056210 -0.017774 -0.026158
v -0.056210 -0.017772 -0.026135
v -0.056200 -0.017767 -0.026114
v -0.056210 -0.017767 -0.026114
v -0.056200 -0.017757 -0.026097
v -0.056210 -0.017757 -0.026097
v -0.056200 -0.017744 -0.026083
v -0.056210 -0.017744 -0.026083
v -0.056200 -0.017744 -0.026083
v -0.056200 -0.017728 -0.026072
v -0.056210 -0.017744 -0.026083
v -0.056210 -0.017728 -0.026072
v -0.056200 -0.017710 -0.026064
v -0.056210 -0.017710 -0.026064
v -0.056200 -0.017690 -0.026059
v -0.056210 -0.017690 -0.026059
v -0.056200 -0.017668 -0.026057
v -0.056210 -0.017668 -0.026057
v -0.056200 -0.017668 -0.026057
v -0.056200 -0.017644 -0.026059
v -0.056210 -0.017644 -0.026059
v -0.056200 -0.017622 -0.026063
v -0.056210 -0.017622 -0.026063
v -0.056200 -0.017602 -0.026070
v -0.056210 -0.017602 -0.026070
v -0.056200 -0.017584 -0.026080
v -0.056210 -0.017584 -0.026080
v -0.056200 -0.017584 -0.026080
v -0.056200 -0.017569 -0.026092
v -0.056210 -0.017584 -0.026080
v -0.056210 -0.017569 -0.026092
v -0.056200 -0.017559 -0.026105
v -0.056210 -0.017559 -0.026105
v -0.056200 -0.017555 -0.026113
v -0.056210 -0.017555 -0.026113
v -0.056200 -0.017553 -0.026121
v -0.056210 -0.017553 -0.026121
v -0.056200 -0.017550 -0.026138
v -0.056210 -0.017550 -0.026138
v -0.056200 -0.017550 -0.026800
v -0.056210 -0.017550 -0.026800
v -0.056200 -0.017550 -0.026800
v -0.056200 -0.017553 -0.026817
v -0.056210 -0.017553 -0.026817
v -0.056200 -0.017559 -0.026834
v -0.056210 -0.017559 -0.026834
v -0.056200 -0.017571 -0.026849
v -0.056210 -0.017571 -0.026849
v -0.056200 -0.017586 -0.026863
v -0.056210 -0.017586 -0.026863
v -0.056210 -0.017571 -0.026849
v -0.056210 -0.017586 -0.026863
v -0.056210 -0.017550 -0.026800
v -0.056210 -0.017606 -0.026875
v -0.056210 -0.017629 -0.026884
v -0.056210 -0.017654 -0.026889
v -0.056210 -0.017774 -0.026677
v -0.056210 -0.017550 -0.026138
v -0.056210 -0.017774 -0.026158
v -0.056210 -0.017644 -0.026059
v -0.056210 -0.017668 -0.026057
v -0.056210 -0.017683 -0.026891
v -0.056210 -0.018413 -0.026677
v -0.056210 -0.018637 -0.026677
v -0.056210 -0.019385 -0.026891
v -0.056210 -0.019380 -0.026677
v -0.056210 -0.019409 -0.026679
v -0.056210 -0.019412 -0.026889
v -0.056210 -0.019434 -0.026685
v -0.056210 -0.019436 -0.026883
v -0.056210 -0.019457 -0.026873
v -0.056210 -0.019456 -0.026695
v -0.056210 -0.019475 -0.026709
v -0.056210 -0.019475 -0.026859
v -0.056210 -0.019489 -0.026726
v -0.056210 -0.019508 -0.026785
v -0.056210 -0.019490 -0.026843
v -0.056210 -0.019506 -0.026806
v -0.056210 -0.019500 -0.026825
v -0.056210 -0.019506 -0.026763
v -0.056210 -0.019500 -0.026744
v -0.056210 -0.018413 -0.026210
v -0.056210 -0.018637 -0.026205
v -0.056210 -0.018528 -0.026114
v -0.056210 -0.018549 -0.026115
v -0.056210 -0.018635 -0.026186
v -0.056210 -0.018618 -0.026153
v -0.056210 -0.018604 -0.026139
v -0.056210 -0.018587 -0.026128
v -0.056210 -0.018629 -0.026168
v -0.056210 -0.018568 -0.026120
v -0.056210 -0.018504 -0.026115
v -0.056210 -0.018483 -0.026120
v -0.056210 -0.018463 -0.026128
v -0.056210 -0.018446 -0.026139
v -0.056210 -0.018415 -0.026188
v -0.056210 -0.018432 -0.026153
v -0.056210 -0.018421 -0.026169
v -0.056210 -0.017744 -0.026083
v -0.056210 -0.017728 -0.026072
v -0.056210 -0.017772 -0.026135
v -0.056210 -0.017710 -0.026064
v -0.056210 -0.017690 -0.026059
v -0.056210 -0.017767 -0.026114
v -0.056210 -0.017757 -0.026097
v -0.056210 -0.017622 -0.026063
v -0.056210 -0.017602 -0.026070
v -0.056210 -0.017584 -0.026080
v -0.056210 -0.017569 -0.026092
v -0.056210 -0.017553 -0.026121
v -0.056210 -0.017559 -0.026105
v -0.056210 -0.017555 -0.026113
v -0.056210 -0.017553 -0.026817
v -0.056210 -0.017559 -0.026834
v -0.056200 -0.017741 -0.024702
v -0.056200 -0.017678 -0.024759
v -0.056210 -0.017741 -0.024702
v -0.056210 -0.017678 -0.024759
v -0.056200 -0.017626 -0.024832
v -0.056210 -0.017626 -0.024832
v -0.056200 -0.017626 -0.024832
v -0.056200 -0.017585 -0.024916
v -0.056210 -0.017626 -0.024832
v -0.056210 -0.017585 -0.024916
v -0.056200 -0.017557 -0.025006
v -0.056210 -0.017557 -0.025006
v -0.056200 -0.017557 -0.025006
v -0.056200 -0.017534 -0.025186
v -0.056210 -0.017557 -0.025006
v -0.056210 -0.017534 -0.025186
v -0.056200 -0.017534 -0.025186
v -0.056200 -0.017555 -0.025364
v -0.056210 -0.017534 -0.025186
v -0.056210 -0.017555 -0.025364
v -0.056200 -0.017616 -0.025521
v -0.056210 -0.017616 -0.025521
v -0.056200 -0.017616 -0.025521
v -0.056200 -0.017712 -0.025655
v -0.056210 -0.017616 -0.025521
v -0.056210 -0.017712 -0.025655
v -0.056200 -0.017838 -0.025765
v -0.056210 -0.017838 -0.025765
v -0.056200 -0.017838 -0.025765
v -0.056200 -0.017990 -0.025851
v -0.056210 -0.017838 -0.025765
v -0.056210 -0.017990 -0.025851
v -0.056200 -0.018163 -0.025912
v -0.056210 -0.018163 -0.025912
v -0.056200 -0.018163 -0.025912
v -0.056200 -0.018351 -0.025949
v -0.056210 -0.018163 -0.025912
v -0.056210 -0.018351 -0.025949
v -0.056200 -0.018549 -0.025961
v -0.056210 -0.018549 -0.025961
v -0.056200 -0.018549 -0.025961
v -0.056200 -0.018870 -0.025918
v -0.056210 -0.018549 -0.025961
v -0.056210 -0.018870 -0.025918
v -0.056200 -0.018870 -0.025918
v -0.056200 -0.019031 -0.025862
v -0.056210 -0.018870 -0.025918
v -0.056210 -0.019031 -0.025862
v -0.056200 -0.019181 -0.025782
v -0.056210 -0.019181 -0.025782
v -0.056200 -0.019181 -0.025782
v -0.056200 -0.019312 -0.025676
v -0.056210 -0.019181 -0.025782
v -0.056210 -0.019312 -0.025676
v -0.056200 -0.019416 -0.025542
v -0.056210 -0.019416 -0.025542
v -0.056200 -0.019416 -0.025542
v -0.056200 -0.019455 -0.025464
v -0.056210 -0.019416 -0.025542
v -0.056210 -0.019455 -0.025464
v -0.056200 -0.019484 -0.025380
v -0.056210 -0.019484 -0.025380
v -0.056200 -0.019508 -0.025191
v -0.056210 -0.019508 -0.025191
v -0.056200 -0.019508 -0.025191
v -0.056200 -0.019498 -0.025053
v -0.056210 -0.019508 -0.025191
v -0.056210 -0.019498 -0.025053
v -0.056200 -0.019466 -0.024911
v -0.056210 -0.019466 -0.024911
v -0.056200 -0.019466 -0.024911
v -0.056200 -0.019409 -0.024780
v -0.056210 -0.019466 -0.024911
v -0.056210 -0.019409 -0.024780
v -0.056200 -0.019371 -0.024723
v -0.056210 -0.019371 -0.024723
v -0.056200 -0.019326 -0.024672
v -0.056210 -0.019326 -0.024672
v -0.056200 -0.019326 -0.024672
v -0.056200 -0.019318 -0.024665
v -0.056210 -0.019326 -0.024672
v -0.056210 -0.019318 -0.024665
v -0.056200 -0.019310 -0.024658
v -0.056210 -0.019310 -0.024658
v -0.056200 -0.019289 -0.024648
v -0.056210 -0.019289 -0.024648
v -0.056200 -0.019265 -0.024642
v -0.056210 -0.019265 -0.024642
v -0.056200 -0.019236 -0.024640
v -0.056210 -0.019236 -0.024640
v -0.056200 -0.019214 -0.024641
v -0.056210 -0.019236 -0.024640
v -0.056210 -0.019214 -0.024641
v -0.056200 -0.019194 -0.024645
v -0.056210 -0.019194 -0.024645
v -0.056200 -0.019176 -0.024652
v -0.056210 -0.019176 -0.024652
v -0.056200 -0.019160 -0.024661
v -0.056210 -0.019160 -0.024661
v -0.056200 -0.019160 -0.024661
v -0.056200 -0.019147 -0.024673
v -0.056210 -0.019160 -0.024661
v -0.056210 -0.019147 -0.024673
v -0.056200 -0.019137 -0.024687
v -0.056210 -0.019137 -0.024687
v -0.056200 -0.019132 -0.024703
v -0.056210 -0.019132 -0.024703
v -0.056200 -0.019130 -0.024722
v -0.056210 -0.019130 -0.024722
v -0.056200 -0.019130 -0.024722
v -0.056200 -0.019131 -0.024741
v -0.056210 -0.019131 -0.024741
v -0.056200 -0.019135 -0.024759
v -0.056210 -0.019135 -0.024759
v -0.056200 -0.019142 -0.024776
v -0.056210 -0.019142 -0.024776
v -0.056200 -0.019152 -0.024792
v -0.056210 -0.019152 -0.024792
v -0.056200 -0.019152 -0.024792
v -0.056200 -0.019265 -0.024993
v -0.056210 -0.019152 -0.024792
v -0.056210 -0.019265 -0.024993
v -0.056200 -0.019265 -0.024993
v -0.056200 -0.019292 -0.025088
v -0.056210 -0.019265 -0.024993
v -0.056210 -0.019292 -0.025088
v -0.056200 -0.019301 -0.025206
v -0.056210 -0.019301 -0.025206
v -0.056200 -0.019301 -0.025206
v -0.056200 -0.019290 -0.025300
v -0.056210 -0.019301 -0.025206
v -0.056210 -0.019290 -0.025300
v -0.056200 -0.019262 -0.025383
v -0.056210 -0.019262 -0.025383
v -0.056200 -0.019219 -0.025457
v -0.056210 -0.019219 -0.025457
v -0.056200 -0.019160 -0.025520
v -0.056210 -0.019160 -0.025520
v -0.056200 -0.019160 -0.025520
v -0.056200 -0.019015 -0.025620
v -0.056210 -0.019160 -0.025520
v -0.056210 -0.019015 -0.025620
v -0.056200 -0.018846 -0.025684
v -0.056210 -0.018846 -0.025684
v -0.056200 -0.018846 -0.025684
v -0.056200 -0.018504 -0.025730
v -0.056210 -0.018846 -0.025684
v -0.056210 -0.018504 -0.025730
v -0.056200 -0.018504 -0.025730
v -0.056200 -0.018328 -0.025713
v -0.056210 -0.018504 -0.025730
v -0.056210 -0.018328 -0.025713
v -0.056200 -0.018153 -0.025670
v -0.056210 -0.018153 -0.025670
v -0.056200 -0.018153 -0.025670
v -0.056200 -0.017991 -0.025595
v -0.056210 -0.018153 -0.025670
v -0.056210 -0.017991 -0.025595
v -0.056200 -0.017859 -0.025487
v -0.056210 -0.017859 -0.025487
v -0.056200 -0.017859 -0.025487
v -0.056200 -0.017807 -0.025420
v -0.056210 -0.017859 -0.025487
v -0.056210 -0.017807 -0.025420
v -0.056200 -0.017770 -0.025345
v -0.056210 -0.017770 -0.025345
v -0.056200 -0.017748 -0.025262
v -0.056210 -0.017748 -0.025262
v -0.056200 -0.017741 -0.025172
v -0.056210 -0.017741 -0.025172
v -0.056200 -0.017741 -0.025172
v -0.056200 -0.017749 -0.025091
v -0.056210 -0.017741 -0.025172
v -0.056210 -0.017749 -0.025091
v -0.056200 -0.017769 -0.025024
v -0.056210 -0.017769 -0.025024
v -0.056200 -0.017769 -0.025024
v -0.056200 -0.017797 -0.024966
v -0.056210 -0.017769 -0.025024
v -0.056210 -0.017797 -0.024966
v -0.056200 -0.017833 -0.024915
v -0.056210 -0.017833 -0.024915
v -0.056200 -0.017833 -0.024915
v -0.056200 -0.017912 -0.024817
v -0.056210 -0.017833 -0.024915
v -0.056210 -0.017912 -0.024817
v -0.056200 -0.017912 -0.024817
v -0.056200 -0.017918 -0.024808
v -0.056210 -0.017912 -0.024817
v -0.056210 -0.017918 -0.024808
v -0.056200 -0.017923 -0.024796
v -0.056210 -0.017923 -0.024796
v -0.056200 -0.017934 -0.024763
v -0.056210 -0.017934 -0.024763
v -0.056200 -0.017934 -0.024763
v -0.056200 -0.017930 -0.024745
v -0.056210 -0.017934 -0.024763
v -0.056210 -0.017930 -0.024745
v -0.056200 -0.017924 -0.024728
v -0.056210 -0.017924 -0.024728
v -0.056200 -0.017914 -0.024713
v -0.056210 -0.017914 -0.024713
v -0.056200 -0.017901 -0.024699
v -0.056210 -0.017901 -0.024699
v -0.056200 -0.017901 -0.024699
v -0.056200 -0.017886 -0.024687
v -0.056210 -0.017901 -0.024699
v -0.056210 -0.017886 -0.024687
v -0.056200 -0.017870 -0.024679
v -0.056210 -0.017870 -0.024679
v -0.056200 -0.017852 -0.024674
v -0.056210 -0.017852 -0.024674
v -0.056200 -0.017834 -0.024672
v -0.056210 -0.017834 -0.024672
v -0.056200 -0.017834 -0.024672
v -0.056200 -0.017808 -0.024674
v -0.056210 -0.017808 -0.024674
v -0.056200 -0.017784 -0.024680
v -0.056210 -0.017784 -0.024680
v -0.056200 -0.017762 -0.024689
v -0.056210 -0.017762 -0.024689
v -0.056200 -0.017741 -0.024702
v -0.056210 -0.017741 -0.024702
v -0.056210 -0.017678 -0.024759
v -0.056210 -0.017833 -0.024915
v -0.056210 -0.017741 -0.024702
v -0.056210 -0.017912 -0.024817
v -0.056210 -0.017762 -0.024689
v -0.056210 -0.017784 -0.024680
v -0.056210 -0.017626 -0.024832
v -0.056210 -0.017797 -0.024966
v -0.056210 -0.017585 -0.024916
v -0.056210 -0.017769 -0.025024
v -0.056210 -0.017557 -0.025006
v -0.056210 -0.017749 -0.025091
v -0.056210 -0.017534 -0.025186
v -0.056210 -0.017741 -0.025172
v -0.056210 -0.017748 -0.025262
v -0.056210 -0.017555 -0.025364
v -0.056210 -0.017770 -0.025345
v -0.056210 -0.017616 -0.025521
v -0.056210 -0.017807 -0.025420
v -0.056210 -0.017859 -0.025487
v -0.056210 -0.017712 -0.025655
v -0.056210 -0.017838 -0.025765
v -0.056210 -0.017991 -0.025595
v -0.056210 -0.017990 -0.025851
v -0.056210 -0.018153 -0.025670
v -0.056210 -0.018163 -0.025912
v -0.056210 -0.018328 -0.025713
v -0.056210 -0.018351 -0.025949
v -0.056210 -0.018504 -0.025730
v -0.056210 -0.018549 -0.025961
v -0.056210 -0.018846 -0.025684
v -0.056210 -0.018870 -0.025918
v -0.056210 -0.019031 -0.025862
v -0.056210 -0.019015 -0.025620
v -0.056210 -0.019181 -0.025782
v -0.056210 -0.019160 -0.025520
v -0.056210 -0.019312 -0.025676
v -0.056210 -0.019219 -0.025457
v -0.056210 -0.019416 -0.025542
v -0.056210 -0.019262 -0.025383
v -0.056210 -0.019455 -0.025464
v -0.056210 -0.019484 -0.025380
v -0.056210 -0.019290 -0.025300
v -0.056210 -0.019508 -0.025191
v -0.056210 -0.019301 -0.025206
v -0.056210 -0.019292 -0.025088
v -0.056210 -0.019498 -0.025053
v -0.056210 -0.019265 -0.024993
v -0.056210 -0.019466 -0.024911
v -0.056210 -0.019409 -0.024780
v -0.056210 -0.019152 -0.024792
v -0.056210 -0.019371 -0.024723
v -0.056210 -0.019326 -0.024672
v -0.056210 -0.019318 -0.024665
v -0.056210 -0.019310 -0.024658
v -0.056210 -0.019289 -0.024648
v -0.056210 -0.019265 -0.024642
v -0.056210 -0.019236 -0.024640
v -0.056210 -0.019214 -0.024641
v -0.056210 -0.019147 -0.024673
v -0.056210 -0.019132 -0.024703
v -0.056210 -0.019160 -0.024661
v -0.056210 -0.019130 -0.024722
v -0.056210 -0.019176 -0.024652
v -0.056210 -0.019131 -0.024741
v -0.056210 -0.019194 -0.024645
v -0.056210 -0.019135 -0.024759
v -0.056210 -0.019142 -0.024776
v -0.056210 -0.019137 -0.024687
v -0.056210 -0.017918 -0.024808
v -0.056210 -0.017923 -0.024796
v -0.056210 -0.017886 -0.024687
v -0.056210 -0.017870 -0.024679
v -0.056210 -0.017934 -0.024763
v -0.056210 -0.017930 -0.024745
v -0.056210 -0.017924 -0.024728
v -0.056210 -0.017914 -0.024713
v -0.056210 -0.017901 -0.024699
v -0.056210 -0.017852 -0.024674
v -0.056210 -0.017834 -0.024672
v -0.056210 -0.017808 -0.024674
v -0.056200 -0.015978 0.020453
v -0.056200 -0.016007 0.020984
v -0.056210 -0.015978 0.020453
v -0.056210 -0.016007 0.020984
v -0.056200 -0.016026 0.021292
v -0.056210 -0.016026 0.021292
v -0.056200 -0.016035 0.021398
v -0.056210 -0.016035 0.021398
v -0.056200 -0.016039 0.021431
v -0.056210 -0.016039 0.021431
v -0.056200 -0.016043 0.021448
v -0.056210 -0.016043 0.021448
v -0.056200 -0.016043 0.022466
v -0.056210 -0.016043 0.022466
v -0.056200 -0.016043 0.021448
v -0.056210 -0.016043 0.021448
v -0.056200 -0.016043 0.022466
v -0.056200 -0.016037 0.022503
v -0.056210 -0.016043 0.022466
v -0.056210 -0.016037 0.022503
v -0.056200 -0.016032 0.022578
v -0.056210 -0.016032 0.022578
v -0.056200 -0.016021 0.022792
v -0.056210 -0.016021 0.022792
v -0.056200 -0.016006 0.023163
v -0.056210 -0.016006 0.023163
v -0.056200 -0.016006 0.023163
v -0.056200 -0.015953 0.023849
v -0.056210 -0.016006 0.023163
v -0.056210 -0.015953 0.023849
v -0.056200 -0.015953 0.023849
v -0.056200 -0.015589 0.026324
v -0.056210 -0.015953 0.023849
v -0.056210 -0.015589 0.026324
v -0.056200 -0.015290 0.027572
v -0.056210 -0.015290 0.027572
v -0.056200 -0.014911 0.028699
v -0.056210 -0.014911 0.028699
v -0.056200 -0.014911 0.028699
v -0.056200 -0.014742 0.029089
v -0.056210 -0.014911 0.028699
v -0.056210 -0.014742 0.029089
v -0.056200 -0.014628 0.029315
v -0.056210 -0.014628 0.029315
v -0.056200 -0.014579 0.029394
v -0.056210 -0.014579 0.029394
v -0.056200 -0.014557 0.029420
v -0.056210 -0.014557 0.029420
v -0.056200 -0.014548 0.029429
v -0.056210 -0.014548 0.029429
v -0.056200 -0.014539 0.029435
v -0.056210 -0.014539 0.029435
v -0.056200 -0.014539 0.029435
v -0.056200 -0.014516 0.029444
v -0.056210 -0.014539 0.029435
v -0.056210 -0.014516 0.029444
v -0.056200 -0.014497 0.029449
v -0.056210 -0.014497 0.029449
v -0.056200 -0.014488 0.029449
v -0.056210 -0.014488 0.029449
v -0.056200 -0.014480 0.029449
v -0.056210 -0.014480 0.029449
v -0.056200 -0.014472 0.029447
v -0.056210 -0.014472 0.029447
v -0.056200 -0.014466 0.029444
v -0.056210 -0.014466 0.029444
v -0.056200 -0.014459 0.029440
v -0.056210 -0.014459 0.029440
v -0.056200 -0.014454 0.029436
v -0.056210 -0.014454 0.029436
v -0.056200 -0.014444 0.029424
v -0.056210 -0.014444 0.029424
v -0.056200 -0.014436 0.029410
v -0.056210 -0.014436 0.029410
v -0.056200 -0.014430 0.029393
v -0.056210 -0.014430 0.029393
v -0.056200 -0.014418 0.029313
v -0.056210 -0.014418 0.029313
v -0.056200 -0.014418 0.029233
v -0.056210 -0.014418 0.029233
v -0.056200 -0.014418 0.029233
v -0.056200 -0.014418 0.014879
v -0.056210 -0.014418 0.029233
v -0.056210 -0.014418 0.014879
v -0.056200 -0.014418 0.014879
v -0.056200 -0.014414 0.014704
v -0.056210 -0.014418 0.014879
v -0.056210 -0.014414 0.014704
v -0.056200 -0.014418 0.014664
v -0.056210 -0.014418 0.014664
v -0.056200 -0.014427 0.014628
v -0.056210 -0.014427 0.014628
v -0.056200 -0.014442 0.014597
v -0.056210 -0.014442 0.014597
v -0.056200 -0.014453 0.014584
v -0.056210 -0.014453 0.014584
v -0.056200 -0.014465 0.014573
v -0.056210 -0.014465 0.014573
v -0.056200 -0.014465 0.014573
v -0.056200 -0.014499 0.014569
v -0.056210 -0.014465 0.014573
v -0.056210 -0.014499 0.014569
v -0.056200 -0.014527 0.014573
v -0.056210 -0.014527 0.014573
v -0.056200 -0.014538 0.014577
v -0.056210 -0.014538 0.014577
v -0.056200 -0.014549 0.014582
v -0.056210 -0.014549 0.014582
v -0.056200 -0.014567 0.014597
v -0.056210 -0.014567 0.014597
v -0.056200 -0.014582 0.014615
v -0.056210 -0.014582 0.014615
v -0.056200 -0.014596 0.014637
v -0.056210 -0.014596 0.014637
v -0.056200 -0.014620 0.014686
v -0.056210 -0.014620 0.014686
v -0.056200 -0.014620 0.014686
v -0.056200 -0.014711 0.014862
v -0.056210 -0.014620 0.014686
v -0.056210 -0.014711 0.014862
v -0.056200 -0.014711 0.014862
v -0.056200 -0.014874 0.015221
v -0.056210 -0.014711 0.014862
v -0.056210 -0.014874 0.015221
v -0.056200 -0.014874 0.015221
v -0.056200 -0.015586 0.017678
v -0.056210 -0.014874 0.015221
v -0.056210 -0.015586 0.017678
v -0.056200 -0.015586 0.017678
v -0.056200 -0.015978 0.020453
v -0.056210 -0.015586 0.017678
v -0.056210 -0.015978 0.020453
v -0.056210 -0.015586 0.017678
v -0.056210 -0.015978 0.020453
v -0.056210 -0.014418 0.014879
v -0.056210 -0.016007 0.020984
v -0.056210 -0.016021 0.022792
v -0.056210 -0.016026 0.021292
v -0.056210 -0.016032 0.022578
v -0.056210 -0.016037 0.022503
v -0.056210 -0.016035 0.021398
v -0.056210 -0.016039 0.021431
v -0.056210 -0.016043 0.022466
v -0.056210 -0.016043 0.021448
v -0.056210 -0.016006 0.023163
v -0.056210 -0.015953 0.023849
v -0.056210 -0.014418 0.029233
v -0.056210 -0.015589 0.026324
v -0.056210 -0.015290 0.027572
v -0.056210 -0.014911 0.028699
v -0.056210 -0.014742 0.029089
v -0.056210 -0.014628 0.029315
v -0.056210 -0.014418 0.029313
v -0.056210 -0.014579 0.029394
v -0.056210 -0.014430 0.029393
v -0.056210 -0.014557 0.029420
v -0.056210 -0.014539 0.029435
v -0.056210 -0.014548 0.029429
v -0.056210 -0.014516 0.029444
v -0.056210 -0.014436 0.029410
v -0.056210 -0.014497 0.029449
v -0.056210 -0.014444 0.029424
v -0.056210 -0.014488 0.029449
v -0.056210 -0.014454 0.029436
v -0.056210 -0.014480 0.029449
v -0.056210 -0.014459 0.029440
v -0.056210 -0.014472 0.029447
v -0.056210 -0.014466 0.029444
v -0.056210 -0.014549 0.014582
v -0.056210 -0.014567 0.014597
v -0.056210 -0.014427 0.014628
v -0.056210 -0.014582 0.014615
v -0.056210 -0.014418 0.014664
v -0.056210 -0.014596 0.014637
v -0.056210 -0.014414 0.014704
v -0.056210 -0.014620 0.014686
v -0.056210 -0.014711 0.014862
v -0.056210 -0.014874 0.015221
v -0.056210 -0.014442 0.014597
v -0.056210 -0.014499 0.014569
v -0.056210 -0.014527 0.014573
v -0.056210 -0.014538 0.014577
v -0.056210 -0.014453 0.014584
v -0.056210 -0.014465 0.014573
v -0.056200 -0.009768 0.023163
v -0.056200 -0.009752 0.022792
v -0.056210 -0.009768 0.023163
v -0.056210 -0.009752 0.022792
v -0.056200 -0.009742 0.022576
v -0.056210 -0.009742 0.022576
v -0.056200 -0.009736 0.022502
v -0.056210 -0.009736 0.022502
v -0.056200 -0.009734 0.022479
v -0.056210 -0.009734 0.022479
v -0.056200 -0.009731 0.022466
v -0.056210 -0.009731 0.022466
v -0.056200 -0.009731 0.022466
v -0.056200 -0.009731 0.021447
v -0.056210 -0.009731 0.022466
v -0.056210 -0.009731 0.021447
v -0.056200 -0.009731 0.021447
v -0.056200 -0.009735 0.021431
v -0.056210 -0.009731 0.021447
v -0.056210 -0.009735 0.021431
v -0.056200 -0.009738 0.021399
v -0.056210 -0.009738 0.021399
v -0.056200 -0.009747 0.021294
v -0.056210 -0.009747 0.021294
v -0.056200 -0.009766 0.020984
v -0.056210 -0.009766 0.020984
v -0.056200 -0.009796 0.020452
v -0.056210 -0.009796 0.020452
v -0.056200 -0.009796 0.020452
v -0.056200 -0.009948 0.019099
v -0.056210 -0.009796 0.020452
v -0.056210 -0.009948 0.019099
v -0.056200 -0.010208 0.017592
v -0.056210 -0.010208 0.017592
v -0.056200 -0.010579 0.016117
v -0.056210 -0.010579 0.016117
v -0.056200 -0.011063 0.014862
v -0.056210 -0.011063 0.014862
v -0.056200 -0.011063 0.014862
v -0.056200 -0.011154 0.014686
v -0.056210 -0.011063 0.014862
v -0.056210 -0.011154 0.014686
v -0.056200 -0.011154 0.014686
v -0.056200 -0.011179 0.014637
v -0.056210 -0.011154 0.014686
v -0.056210 -0.011179 0.014637
v -0.056200 -0.011192 0.014615
v -0.056210 -0.011192 0.014615
v -0.056200 -0.011207 0.014597
v -0.056210 -0.011207 0.014597
v -0.056200 -0.011225 0.014582
v -0.056210 -0.011225 0.014582
v -0.056200 -0.011236 0.014577
v -0.056210 -0.011236 0.014577
v -0.056200 -0.011248 0.014573
v -0.056210 -0.011248 0.014573
v -0.056200 -0.011275 0.014570
v -0.056210 -0.011275 0.014570
v -0.056200 -0.011309 0.014573
v -0.056210 -0.011309 0.014573
v -0.056200 -0.011309 0.014573
v -0.056200 -0.011322 0.014585
v -0.056210 -0.011309 0.014573
v -0.056210 -0.011322 0.014585
v -0.056200 -0.011332 0.014598
v -0.056210 -0.011332 0.014598
v -0.056200 -0.011347 0.014629
v -0.056210 -0.011347 0.014629
v -0.056200 -0.011356 0.014665
v -0.056210 -0.011356 0.014665
v -0.056200 -0.011360 0.014704
v -0.056210 -0.011360 0.014704
v -0.056200 -0.011357 0.014879
v -0.056210 -0.011357 0.014879
v -0.056200 -0.011357 0.014879
v -0.056200 -0.011357 0.029233
v -0.056210 -0.011357 0.014879
v -0.056210 -0.011357 0.029233
v -0.056200 -0.011357 0.029233
v -0.056200 -0.011356 0.029312
v -0.056210 -0.011357 0.029233
v -0.056210 -0.011356 0.029312
v -0.056200 -0.011344 0.029393
v -0.056210 -0.011344 0.029393
v -0.056200 -0.011338 0.029410
v -0.056210 -0.011338 0.029410
v -0.056200 -0.011330 0.029424
v -0.056210 -0.011330 0.029424
v -0.056200 -0.011321 0.029436
v -0.056210 -0.011321 0.029436
v -0.056200 -0.011315 0.029440
v -0.056210 -0.011315 0.029440
v -0.056200 -0.011309 0.029444
v -0.056210 -0.011309 0.029444
v -0.056200 -0.011302 0.029447
v -0.056210 -0.011302 0.029447
v -0.056200 -0.011294 0.029448
v -0.056210 -0.011294 0.029448
v -0.056200 -0.011286 0.029449
v -0.056210 -0.011286 0.029449
v -0.056200 -0.011278 0.029449
v -0.056210 -0.011278 0.029449
v -0.056200 -0.011258 0.029444
v -0.056210 -0.011258 0.029444
v -0.056200 -0.011235 0.029435
v -0.056210 -0.011235 0.029435
v -0.056200 -0.011235 0.029435
v -0.056200 -0.011226 0.029429
v -0.056210 -0.011235 0.029435
v -0.056210 -0.011226 0.029429
v -0.056200 -0.011216 0.029420
v -0.056210 -0.011216 0.029420
v -0.056200 -0.011196 0.029396
v -0.056210 -0.011196 0.029396
v -0.056200 -0.011155 0.029333
v -0.056210 -0.011155 0.029333
v -0.056200 -0.011092 0.029209
v -0.056210 -0.011092 0.029209
v -0.056200 -0.011092 0.029209
v -0.056200 -0.010614 0.028005
v -0.056210 -0.011092 0.029209
v -0.056210 -0.010614 0.028005
v -0.056200 -0.010245 0.026594
v -0.056210 -0.010245 0.026594
v -0.056200 -0.009982 0.025151
v -0.056210 -0.009982 0.025151
v -0.056200 -0.009822 0.023849
v -0.056210 -0.009822 0.023849
v -0.056200 -0.009822 0.023849
v -0.056200 -0.009768 0.023163
v -0.056210 -0.009822 0.023849
v -0.056210 -0.009768 0.023163
v -0.056210 -0.009768 0.023163
v -0.056210 -0.009752 0.022792
v -0.056210 -0.009822 0.023849
v -0.056210 -0.011357 0.029233
v -0.056210 -0.009982 0.025151
v -0.056210 -0.010245 0.026594
v -0.056210 -0.009731 0.022466
v -0.056210 -0.009735 0.021431
v -0.056210 -0.009734 0.022479
v -0.056210 -0.009738 0.021399
v -0.056210 -0.009736 0.022502
v -0.056210 -0.009747 0.021294
v -0.056210 -0.009742 0.022576
v -0.056210 -0.009766 0.020984
v -0.056210 -0.011357 0.014879
v -0.056210 -0.009731 0.021447
v -0.056210 -0.009796 0.020452
v -0.056210 -0.009948 0.019099
v -0.056210 -0.010208 0.017592
v -0.056210 -0.010579 0.016117
v -0.056210 -0.011063 0.014862
v -0.056210 -0.011154 0.014686
v -0.056210 -0.011360 0.014704
v -0.056210 -0.011179 0.014637
v -0.056210 -0.011356 0.014665
v -0.056210 -0.011192 0.014615
v -0.056210 -0.011347 0.014629
v -0.056210 -0.011207 0.014597
v -0.056210 -0.011225 0.014582
v -0.056210 -0.011236 0.014577
v -0.056210 -0.011248 0.014573
v -0.056210 -0.011275 0.014570
v -0.056210 -0.011309 0.014573
v -0.056210 -0.011322 0.014585
v -0.056210 -0.011332 0.014598
v -0.056210 -0.011226 0.029429
v -0.056210 -0.011216 0.029420
v -0.056210 -0.011344 0.029393
v -0.056210 -0.011196 0.029396
v -0.056210 -0.011356 0.029312
v -0.056210 -0.011155 0.029333
v -0.056210 -0.011092 0.029209
v -0.056210 -0.010614 0.028005
v -0.056210 -0.011309 0.029444
v -0.056210 -0.011302 0.029447
v -0.056210 -0.011315 0.029440
v -0.056210 -0.011294 0.029448
v -0.056210 -0.011321 0.029436
v -0.056210 -0.011286 0.029449
v -0.056210 -0.011330 0.029424
v -0.056210 -0.011278 0.029449
v -0.056210 -0.011338 0.029410
v -0.056210 -0.011258 0.029444
v -0.056210 -0.011235 0.029435
v -0.056210 -0.013366 -0.024215
v -0.056210 -0.013328 -0.024149
v -0.056215 -0.013366 -0.024215
v -0.056215 -0.013328 -0.024149
v -0.056210 -0.013273 -0.024092
v -0.056215 -0.013273 -0.024092
v -0.056210 -0.013273 -0.024092
v -0.056210 -0.013195 -0.024040
v -0.056215 -0.013273 -0.024092
v -0.056215 -0.013195 -0.024040
v -0.056210 -0.013105 -0.024004
v -0.056215 -0.013105 -0.024004
v -0.056210 -0.013105 -0.024004
v -0.056210 -0.012999 -0.023983
v -0.056215 -0.013105 -0.024004
v -0.056215 -0.012999 -0.023983
v -0.056210 -0.012876 -0.023976
v -0.056215 -0.012876 -0.023976
v -0.056210 -0.012876 -0.023976
v -0.056210 -0.012746 -0.023984
v -0.056215 -0.012746 -0.023984
v -0.056210 -0.012636 -0.024009
v -0.056215 -0.012636 -0.024009
v -0.056210 -0.012636 -0.024009
v -0.056210 -0.012547 -0.024046
v -0.056215 -0.012636 -0.024009
v -0.056215 -0.012547 -0.024046
v -0.056210 -0.012477 -0.024094
v -0.056215 -0.012477 -0.024094
v -0.056210 -0.012477 -0.024094
v -0.056210 -0.012422 -0.024151
v -0.056215 -0.012477 -0.024094
v -0.056215 -0.012422 -0.024151
v -0.056210 -0.012385 -0.024217
v -0.056215 -0.012385 -0.024217
v -0.056210 -0.012385 -0.024217
v -0.056210 -0.012364 -0.024288
v -0.056215 -0.012385 -0.024217
v -0.056215 -0.012364 -0.024288
v -0.056210 -0.012357 -0.024363
v -0.056215 -0.012357 -0.024363
v -0.056210 -0.012357 -0.024363
v -0.056210 -0.012364 -0.024437
v -0.056215 -0.012364 -0.024437
v -0.056210 -0.012384 -0.024507
v -0.056215 -0.012384 -0.024507
v -0.056210 -0.012420 -0.024572
v -0.056215 -0.012420 -0.024572
v -0.056210 -0.012474 -0.024632
v -0.056215 -0.012474 -0.024632
v -0.056210 -0.012474 -0.024632
v -0.056210 -0.012544 -0.024679
v -0.056215 -0.012474 -0.024632
v -0.056215 -0.012544 -0.024679
v -0.056210 -0.012637 -0.024717
v -0.056215 -0.012637 -0.024717
v -0.056210 -0.012637 -0.024717
v -0.056210 -0.012748 -0.024742
v -0.056215 -0.012637 -0.024717
v -0.056215 -0.012748 -0.024742
v -0.056210 -0.012877 -0.024750
v -0.056215 -0.012877 -0.024750
v -0.056210 -0.012877 -0.024750
v -0.056210 -0.013006 -0.024742
v -0.056215 -0.012877 -0.024750
v -0.056215 -0.013006 -0.024742
v -0.056210 -0.013115 -0.024718
v -0.056215 -0.013115 -0.024718
v -0.056210 -0.013204 -0.024681
v -0.056215 -0.013204 -0.024681
v -0.056210 -0.013275 -0.024634
v -0.056215 -0.013275 -0.024634
v -0.056210 -0.013275 -0.024634
v -0.056210 -0.013329 -0.024577
v -0.056215 -0.013275 -0.024634
v -0.056215 -0.013329 -0.024577
v -0.056210 -0.013367 -0.024511
v -0.056215 -0.013367 -0.024511
v -0.056210 -0.013367 -0.024511
v -0.056210 -0.013389 -0.024439
v -0.056215 -0.013367 -0.024511
v -0.056215 -0.013389 -0.024439
v -0.056210 -0.013396 -0.024363
v -0.056215 -0.013396 -0.024363
v -0.056210 -0.013396 -0.024363
v -0.056210 -0.013389 -0.024287
v -0.056215 -0.013396 -0.024363
v -0.056215 -0.013389 -0.024287
v -0.056210 -0.013366 -0.024215
v -0.056215 -0.013366 -0.024215
v -0.056215 -0.013328 -0.024149
v -0.056215 -0.013273 -0.024092
v -0.056215 -0.013366 -0.024215
v -0.056215 -0.013389 -0.024287
v -0.056215 -0.013396 -0.024363
v -0.056215 -0.013195 -0.024040
v -0.056215 -0.013204 -0.024681
v -0.056215 -0.013115 -0.024718
v -0.056215 -0.013105 -0.024004
v -0.056215 -0.013006 -0.024742
v -0.056215 -0.012999 -0.023983
v -0.056215 -0.012877 -0.024750
v -0.056215 -0.012876 -0.023976
v -0.056215 -0.012748 -0.024742
v -0.056215 -0.012746 -0.023984
v -0.056215 -0.012637 -0.024717
v -0.056215 -0.012636 -0.024009
v -0.056215 -0.012547 -0.024046
v -0.056215 -0.012544 -0.024679
v -0.056215 -0.012357 -0.024363
v -0.056215 -0.012364 -0.024437
v -0.056215 -0.012364 -0.024288
v -0.056215 -0.012477 -0.024094
v -0.056215 -0.012385 -0.024217
v -0.056215 -0.012422 -0.024151
v -0.056215 -0.012384 -0.024507
v -0.056215 -0.012420 -0.024572
v -0.056215 -0.012474 -0.024632
v -0.056215 -0.013389 -0.024439
v -0.056215 -0.013275 -0.024634
v -0.056215 -0.013367 -0.024511
v -0.056215 -0.013329 -0.024577
v -0.056210 -0.022098 -0.011472
v -0.056220 -0.022098 -0.011472
v -0.056210 -0.015398 -0.011472
v -0.056220 -0.015398 -0.011472
v -0.056210 -0.022098 0.008528
v -0.056220 -0.022098 0.008528
v -0.056210 -0.022098 -0.011472
v -0.056220 -0.022098 -0.011472
v -0.056210 -0.022098 0.008528
v -0.056210 -0.015398 0.008528
v -0.056220 -0.022098 0.008528
v -0.056220 -0.015398 0.008528
v -0.056210 -0.015398 -0.011472
v -0.056220 -0.015398 -0.011472
v -0.056210 -0.015398 0.008528
v -0.056220 -0.015398 0.008528
v -0.056220 -0.022098 -0.011472
v -0.056220 -0.022098 0.008528
v -0.056220 -0.015398 -0.011472
v -0.056220 -0.015398 0.008528
v -0.056210 -0.035798 -0.006823
v -0.056210 -0.036030 -0.006799
v -0.056220 -0.035798 -0.006823
v -0.056220 -0.036030 -0.006799
v -0.056210 -0.036245 -0.006732
v -0.056220 -0.036245 -0.006732
v -0.056210 -0.036441 -0.006626
v -0.056220 -0.036441 -0.006626
v -0.056210 -0.036611 -0.006486
v -0.056220 -0.036611 -0.006486
v -0.056210 -0.036751 -0.006316
v -0.056220 -0.036751 -0.006316
v -0.056210 -0.036857 -0.006120
v -0.056220 -0.036857 -0.006120
v -0.056210 -0.036924 -0.005904
v -0.056220 -0.036924 -0.005904
v -0.056210 -0.036948 -0.005673
v -0.056220 -0.036948 -0.005673
v -0.056210 -0.036948 -0.005673
v -0.056210 -0.036924 -0.005441
v -0.056220 -0.036948 -0.005673
v -0.056220 -0.036924 -0.005441
v -0.056210 -0.036857 -0.005225
v -0.056220 -0.036857 -0.005225
v -0.056210 -0.036751 -0.005030
v -0.056220 -0.036751 -0.005030
v -0.056210 -0.036611 -0.004859
v -0.056220 -0.036611 -0.004859
v -0.056210 -0.036441 -0.004719
v -0.056220 -0.036441 -0.004719
v -0.056210 -0.036245 -0.004613
v -0.056220 -0.036245 -0.004613
v -0.056210 -0.036030 -0.004546
v -0.056220 -0.036030 -0.004546
v -0.056210 -0.035798 -0.004523
v -0.056220 -0.035798 -0.004523
v -0.056210 -0.035798 -0.004523
v -0.056210 -0.035566 -0.004546
v -0.056220 -0.035566 -0.004546
v -0.056210 -0.035350 -0.004613
v -0.056220 -0.035350 -0.004613
v -0.056210 -0.035155 -0.004719
v -0.056220 -0.035155 -0.004719
v -0.056210 -0.034985 -0.004859
v -0.056220 -0.034985 -0.004859
v -0.056210 -0.034844 -0.005030
v -0.056220 -0.034844 -0.005030
v -0.056210 -0.034738 -0.005225
v -0.056220 -0.034738 -0.005225
v -0.056210 -0.034671 -0.005441
v -0.056220 -0.034671 -0.005441
v -0.056210 -0.034648 -0.005673
v -0.056220 -0.034648 -0.005673
v -0.056210 -0.034648 -0.005673
v -0.056210 -0.034671 -0.005904
v -0.056220 -0.034671 -0.005904
v -0.056210 -0.034738 -0.006120
v -0.056220 -0.034738 -0.006120
v -0.056210 -0.034844 -0.006316
v -0.056220 -0.034844 -0.006316
v -0.056210 -0.034985 -0.006486
v -0.056220 -0.034985 -0.006486
v -0.056210 -0.035155 -0.006626
v -0.056220 -0.035155 -0.006626
v -0.056210 -0.035350 -0.006732
v -0.056220 -0.035350 -0.006732
v -0.056210 -0.035566 -0.006799
v -0.056220 -0.035566 -0.006799
v -0.056210 -0.035798 -0.006823
v -0.056220 -0.035798 -0.006823
v -0.056220 -0.036030 -0.006799
v -0.056220 -0.036441 -0.006626
v -0.056220 -0.035798 -0.006823
v -0.056220 -0.036611 -0.006486
v -0.056220 -0.034985 -0.006486
v -0.056220 -0.034985 -0.004859
v -0.056220 -0.034648 -0.005673
v -0.056220 -0.034844 -0.005030
v -0.056220 -0.034671 -0.005441
v -0.056220 -0.034738 -0.005225
v -0.056220 -0.036245 -0.006732
v -0.056220 -0.036857 -0.006120
v -0.056220 -0.036924 -0.005904
v -0.056220 -0.036751 -0.006316
v -0.056220 -0.036948 -0.005673
v -0.056220 -0.036611 -0.004859
v -0.056220 -0.035798 -0.004523
v -0.056220 -0.035155 -0.004719
v -0.056220 -0.035566 -0.004546
v -0.056220 -0.035350 -0.004613
v -0.056220 -0.036751 -0.005030
v -0.056220 -0.036924 -0.005441
v -0.056220 -0.036857 -0.005225
v -0.056220 -0.036441 -0.004719
v -0.056220 -0.036030 -0.004546
v -0.056220 -0.036245 -0.004613
v -0.056220 -0.034844 -0.006316
v -0.056220 -0.034671 -0.005904
v -0.056220 -0.034738 -0.006120
v -0.056220 -0.035155 -0.006626
v -0.056220 -0.035566 -0.006799
v -0.056220 -0.035350 -0.006732
v -0.056210 -0.035798 0.004177
v -0.056210 -0.036030 0.004201
v -0.056220 -0.035798 0.004177
v -0.056220 -0.036030 0.004201
v -0.056210 -0.036245 0.004268
v -0.056220 -0.036245 0.004268
v -0.056210 -0.036441 0.004374
v -0.056220 -0.036441 0.004374
v -0.056210 -0.036611 0.004514
v -0.056220 -0.036611 0.004514
v -0.056210 -0.036751 0.004684
v -0.056220 -0.036751 0.004684
v -0.056210 -0.036857 0.004880
v -0.056220 -0.036857 0.004880
v -0.056210 -0.036924 0.005096
v -0.056220 -0.036924 0.005096
v -0.056210 -0.036948 0.005327
v -0.056220 -0.036948 0.005327
v -0.056210 -0.036948 0.005327
v -0.056210 -0.036924 0.005559
v -0.056220 -0.036948 0.005327
v -0.056220 -0.036924 0.005559
v -0.056210 -0.036857 0.005775
v -0.056220 -0.036857 0.005775
v -0.056210 -0.036751 0.005970
v -0.056220 -0.036751 0.005970
v -0.056210 -0.036611 0.006141
v -0.056220 -0.036611 0.006141
v -0.056210 -0.036441 0.006281
v -0.056220 -0.036441 0.006281
v -0.056210 -0.036245 0.006387
v -0.056220 -0.036245 0.006387
v -0.056210 -0.036030 0.006454
v -0.056220 -0.036030 0.006454
v -0.056210 -0.035798 0.006477
v -0.056220 -0.035798 0.006477
v -0.056210 -0.035798 0.006477
v -0.056210 -0.035566 0.006454
v -0.056220 -0.035566 0.006454
v -0.056210 -0.035350 0.006387
v -0.056220 -0.035350 0.006387
v -0.056210 -0.035155 0.006281
v -0.056220 -0.035155 0.006281
v -0.056210 -0.034985 0.006141
v -0.056220 -0.034985 0.006141
v -0.056210 -0.034844 0.005970
v -0.056220 -0.034844 0.005970
v -0.056210 -0.034738 0.005775
v -0.056220 -0.034738 0.005775
v -0.056210 -0.034671 0.005559
v -0.056220 -0.034671 0.005559
v -0.056210 -0.034648 0.005327
v -0.056220 -0.034648 0.005327
v -0.056210 -0.034648 0.005327
v -0.056210 -0.034671 0.005096
v -0.056220 -0.034671 0.005096
v -0.056210 -0.034738 0.004880
v -0.056220 -0.034738 0.004880
v -0.056210 -0.034844 0.004684
v -0.056220 -0.034844 0.004684
v -0.056210 -0.034985 0.004514
v -0.056220 -0.034985 0.004514
v -0.056210 -0.035155 0.004374
v -0.056220 -0.035155 0.004374
v -0.056210 -0.035350 0.004268
v -0.056220 -0.035350 0.004268
v -0.056210 -0.035566 0.004201
v -0.056220 -0.035566 0.004201
v -0.056210 -0.035798 0.004177
v -0.056220 -0.035798 0.004177
v -0.056220 -0.036030 0.004201
v -0.056220 -0.036441 0.004374
v -0.056220 -0.035798 0.004177
v -0.056220 -0.036611 0.004514
v -0.056220 -0.034985 0.004514
v -0.056220 -0.034985 0.006141
v -0.056220 -0.034648 0.005327
v -0.056220 -0.034844 0.005970
v -0.056220 -0.034671 0.005559
v -0.056220 -0.034738 0.005775
v -0.056220 -0.036245 0.004268
v -0.056220 -0.036857 0.004880
v -0.056220 -0.036924 0.005096
v -0.056220 -0.036751 0.004684
v -0.056220 -0.036948 0.005327
v -0.056220 -0.036611 0.006141
v -0.056220 -0.035798 0.006477
v -0.056220 -0.035155 0.006281
v -0.056220 -0.035566 0.006454
v -0.056220 -0.035350 0.006387
v -0.056220 -0.036751 0.005970
v -0.056220 -0.036924 0.005559
v -0.056220 -0.036857 0.005775
v -0.056220 -0.036441 0.006281
v -0.056220 -0.036030 0.006454
v -0.056220 -0.036245 0.006387
v -0.056220 -0.034844 0.004684
v -0.056220 -0.034671 0.005096
v -0.056220 -0.034738 0.004880
v -0.056220 -0.035155 0.004374
v -0.056220 -0.035566 0.004201
v -0.056220 -0.035350 0.004268
v -0.056210 -0.028798 -0.006822
v -0.056210 -0.029030 -0.006798
v -0.056220 -0.028798 -0.006822
v -0.056220 -0.029030 -0.006798
v -0.056210 -0.029245 -0.006731
v -0.056220 -0.029245 -0.006731
v -0.056210 -0.029441 -0.006625
v -0.056220 -0.029441 -0.006625
v -0.056210 -0.029611 -0.006485
v -0.056220 -0.029611 -0.006485
v -0.056210 -0.029751 -0.006315
v -0.056220 -0.029751 -0.006315
v -0.056210 -0.029857 -0.006119
v -0.056220 -0.029857 -0.006119
v -0.056210 -0.029924 -0.005903
v -0.056220 -0.029924 -0.005903
v -0.056210 -0.029948 -0.005672
v -0.056220 -0.029948 -0.005672
v -0.056210 -0.029948 -0.005672
v -0.056210 -0.029924 -0.005440
v -0.056220 -0.029948 -0.005672
v -0.056220 -0.029924 -0.005440
v -0.056210 -0.029857 -0.005224
v -0.056220 -0.029857 -0.005224
v -0.056210 -0.029751 -0.005029
v -0.056220 -0.029751 -0.005029
v -0.056210 -0.029611 -0.004858
v -0.056220 -0.029611 -0.004858
v -0.056210 -0.029441 -0.004718
v -0.056220 -0.029441 -0.004718
v -0.056210 -0.029245 -0.004612
v -0.056220 -0.029245 -0.004612
v -0.056210 -0.029030 -0.004545
v -0.056220 -0.029030 -0.004545
v -0.056210 -0.028798 -0.004522
v -0.056220 -0.028798 -0.004522
v -0.056210 -0.028798 -0.004522
v -0.056210 -0.028566 -0.004545
v -0.056220 -0.028566 -0.004545
v -0.056210 -0.028350 -0.004612
v -0.056220 -0.028350 -0.004612
v -0.056210 -0.028155 -0.004718
v -0.056220 -0.028155 -0.004718
v -0.056210 -0.027985 -0.004858
v -0.056220 -0.027985 -0.004858
v -0.056210 -0.027844 -0.005029
v -0.056220 -0.027844 -0.005029
v -0.056210 -0.027738 -0.005224
v -0.056220 -0.027738 -0.005224
v -0.056210 -0.027671 -0.005440
v -0.056220 -0.027671 -0.005440
v -0.056210 -0.027648 -0.005672
v -0.056220 -0.027648 -0.005672
v -0.056210 -0.027648 -0.005672
v -0.056210 -0.027671 -0.005903
v -0.056220 -0.027671 -0.005903
v -0.056210 -0.027738 -0.006119
v -0.056220 -0.027738 -0.006119
v -0.056210 -0.027844 -0.006315
v -0.056220 -0.027844 -0.006315
v -0.056210 -0.027985 -0.006485
v -0.056220 -0.027985 -0.006485
v -0.056210 -0.028155 -0.006625
v -0.056220 -0.028155 -0.006625
v -0.056210 -0.028350 -0.006731
v -0.056220 -0.028350 -0.006731
v -0.056210 -0.028566 -0.006798
v -0.056220 -0.028566 -0.006798
v -0.056210 -0.028798 -0.006822
v -0.056220 -0.028798 -0.006822
v -0.056220 -0.029030 -0.006798
v -0.056220 -0.029441 -0.006625
v -0.056220 -0.028798 -0.006822
v -0.056220 -0.029611 -0.006485
v -0.056220 -0.027985 -0.006485
v -0.056220 -0.027985 -0.004858
v -0.056220 -0.027648 -0.005672
v -0.056220 -0.027844 -0.005029
v -0.056220 -0.027671 -0.005440
v -0.056220 -0.027738 -0.005224
v -0.056220 -0.029245 -0.006731
v -0.056220 -0.029857 -0.006119
v -0.056220 -0.029924 -0.005903
v -0.056220 -0.029751 -0.006315
v -0.056220 -0.029948 -0.005672
v -0.056220 -0.029611 -0.004858
v -0.056220 -0.028798 -0.004522
v -0.056220 -0.028155 -0.004718
v -0.056220 -0.028566 -0.004545
v -0.056220 -0.028350 -0.004612
v -0.056220 -0.029751 -0.005029
v -0.056220 -0.029924 -0.005440
v -0.056220 -0.029857 -0.005224
v -0.056220 -0.029441 -0.004718
v -0.056220 -0.029030 -0.004545
v -0.056220 -0.029245 -0.004612
v -0.056220 -0.027844 -0.006315
v -0.056220 -0.027671 -0.005903
v -0.056220 -0.027738 -0.006119
v -0.056220 -0.028155 -0.006625
v -0.056220 -0.028566 -0.006798
v -0.056220 -0.028350 -0.006731
v -0.056210 -0.028798 0.004177
v -0.056210 -0.029030 0.004201
v -0.056220 -0.028798 0.004177
v -0.056220 -0.029030 0.004201
v -0.056210 -0.029245 0.004268
v -0.056220 -0.029245 0.004268
v -0.056210 -0.029441 0.004374
v -0.056220 -0.029441 0.004374
v -0.056210 -0.029611 0.004515
v -0.056220 -0.029611 0.004515
v -0.056210 -0.029751 0.004685
v -0.056220 -0.029751 0.004685
v -0.056210 -0.029857 0.004881
v -0.056220 -0.029857 0.004881
v -0.056210 -0.029923 0.005097
v -0.056220 -0.029923 0.005097
v -0.056210 -0.029947 0.005328
v -0.056220 -0.029947 0.005328
v -0.056210 -0.029947 0.005328
v -0.056210 -0.029923 0.005560
v -0.056220 -0.029947 0.005328
v -0.056220 -0.029923 0.005560
v -0.056210 -0.029856 0.005776
v -0.056220 -0.029856 0.005776
v -0.056210 -0.029750 0.005971
v -0.056220 -0.029750 0.005971
v -0.056210 -0.029610 0.006142
v -0.056220 -0.029610 0.006142
v -0.056210 -0.029440 0.006282
v -0.056220 -0.029440 0.006282
v -0.056210 -0.029244 0.006388
v -0.056220 -0.029244 0.006388
v -0.056210 -0.029028 0.006455
v -0.056220 -0.029028 0.006455
v -0.056210 -0.028797 0.006478
v -0.056220 -0.028797 0.006478
v -0.056210 -0.028797 0.006478
v -0.056210 -0.028565 0.006455
v -0.056220 -0.028797 0.006478
v -0.056220 -0.028565 0.006455
v -0.056210 -0.028349 0.006388
v -0.056220 -0.028349 0.006388
v -0.056210 -0.028154 0.006281
v -0.056220 -0.028154 0.006281
v -0.056210 -0.027984 0.006141
v -0.056220 -0.027984 0.006141
v -0.056210 -0.027844 0.005970
v -0.056220 -0.027844 0.005970
v -0.056210 -0.027738 0.005775
v -0.056220 -0.027738 0.005775
v -0.056210 -0.027671 0.005559
v -0.056220 -0.027671 0.005559
v -0.056210 -0.027648 0.005327
v -0.056220 -0.027648 0.005327
v -0.056210 -0.027648 0.005327
v -0.056210 -0.027671 0.005095
v -0.056220 -0.027648 0.005327
v -0.056220 -0.027671 0.005095
v -0.056210 -0.027738 0.004880
v -0.056220 -0.027738 0.004880
v -0.056210 -0.027844 0.004684
v -0.056220 -0.027844 0.004684
v -0.056210 -0.027985 0.004514
v -0.056220 -0.027985 0.004514
v -0.056210 -0.028155 0.004374
v -0.056220 -0.028155 0.004374
v -0.056210 -0.028350 0.004268
v -0.056220 -0.028350 0.004268
v -0.056210 -0.028566 0.004201
v -0.056220 -0.028566 0.004201
v -0.056210 -0.028798 0.004177
v -0.056220 -0.028798 0.004177
v -0.056220 -0.029030 0.004201
v -0.056220 -0.029441 0.004374
v -0.056220 -0.028798 0.004177
v -0.056220 -0.029611 0.004515
v -0.056220 -0.027985 0.004514
v -0.056220 -0.027648 0.005327
v -0.056220 -0.027844 0.004684
v -0.056220 -0.027671 0.005095
v -0.056220 -0.027738 0.004880
v -0.056220 -0.029245 0.004268
v -0.056220 -0.029947 0.005328
v -0.056220 -0.029751 0.004685
v -0.056220 -0.029923 0.005097
v -0.056220 -0.029857 0.004881
v -0.056220 -0.029923 0.005560
v -0.056220 -0.029750 0.005971
v -0.056220 -0.029610 0.006142
v -0.056220 -0.027984 0.006141
v -0.056220 -0.028797 0.006478
v -0.056220 -0.028154 0.006281
v -0.056220 -0.028565 0.006455
v -0.056220 -0.028349 0.006388
v -0.056220 -0.029856 0.005776
v -0.056220 -0.029440 0.006282
v -0.056220 -0.029028 0.006455
v -0.056220 -0.029244 0.006388
v -0.056220 -0.027844 0.005970
v -0.056220 -0.027671 0.005559
v -0.056220 -0.027738 0.005775
v -0.056220 -0.028155 0.004374
v -0.056220 -0.028566 0.004201
v -0.056220 -0.028350 0.004268
v -0.009875 0.012000 -0.034442
v -0.015573 0.012000 -0.050095
v -0.009922 0.012488 -0.034429
v -0.015641 0.012598 -0.050070
v -0.010059 0.012958 -0.034389
v -0.015842 0.013162 -0.049997
v -0.010280 0.013388 -0.034324
v -0.016163 0.013658 -0.049880
v -0.010579 0.013768 -0.034233
v -0.016587 0.014057 -0.049726
v -0.010940 0.014078 -0.034119
v -0.017089 0.014338 -0.049543
v -0.011351 0.014310 -0.033985
v -0.011795 0.014452 -0.033833
v -0.017639 0.014482 -0.049343
v -0.012254 0.014500 -0.033669
v -0.018205 0.014482 -0.049137
v -0.012712 0.014452 -0.033499
v -0.018755 0.014338 -0.048937
v -0.013148 0.014310 -0.033330
v -0.019256 0.014057 -0.048754
v -0.013551 0.014079 -0.033169
v -0.013900 0.013768 -0.033024
v -0.019680 0.013658 -0.048600
v -0.014187 0.013390 -0.032902
v -0.020002 0.013162 -0.048483
v -0.014400 0.012957 -0.032809
v -0.020203 0.012598 -0.048410
v -0.014530 0.012489 -0.032752
v -0.020271 0.012000 -0.048385
v -0.014574 0.012000 -0.032732
v -0.014530 0.011513 -0.032752
v -0.020203 0.011402 -0.048410
v -0.014400 0.011044 -0.032809
v -0.020002 0.010838 -0.048483
v -0.014188 0.010612 -0.032901
v -0.019680 0.010342 -0.048600
v -0.013902 0.010233 -0.033023
v -0.019256 0.009943 -0.048754
v -0.013551 0.009922 -0.033169
v -0.018755 0.009662 -0.048937
v -0.013151 0.009691 -0.033329
v -0.012713 0.009548 -0.033499
v -0.018205 0.009518 -0.049137
v -0.012256 0.009500 -0.033668
v -0.017639 0.009518 -0.049343
v -0.011797 0.009548 -0.033832
v -0.017089 0.009662 -0.049543
v -0.011352 0.009690 -0.033984
v -0.016587 0.009943 -0.049726
v -0.010942 0.009920 -0.034118
v -0.010580 0.010231 -0.034232
v -0.016163 0.010342 -0.049880
v -0.010282 0.010608 -0.034323
v -0.015842 0.010838 -0.049997
v -0.010060 0.011041 -0.034389
v -0.015641 0.011402 -0.050070
v -0.009923 0.011509 -0.034429
v -0.020271 0.012000 -0.048385
v -0.020203 0.012598 -0.048410
v -0.020203 0.011402 -0.048410
v -0.020002 0.010838 -0.048483
v -0.020002 0.013162 -0.048483
v -0.019680 0.010342 -0.048600
v -0.019680 0.013658 -0.048600
v -0.019256 0.009943 -0.048754
v -0.019256 0.014057 -0.048754
v -0.018755 0.009662 -0.048937
v -0.018755 0.014338 -0.048937
v -0.018205 0.009518 -0.049137
v -0.018205 0.014482 -0.049137
v -0.017639 0.009518 -0.049343
v -0.017639 0.014482 -0.049343
v -0.017089 0.009662 -0.049543
v -0.017089 0.014338 -0.049543
v -0.016587 0.009943 -0.049726
v -0.016587 0.014057 -0.049726
v -0.016163 0.010342 -0.049880
v -0.016163 0.013658 -0.049880
v -0.015842 0.010838 -0.049997
v -0.015842 0.013162 -0.049997
v -0.015641 0.011402 -0.050070
v -0.015641 0.012598 -0.050070
v -0.015573 0.012000 -0.050095
v -0.009875 0.012000 -0.034442
v -0.009922 0.012488 -0.034429
v -0.009923 0.011509 -0.034429
v -0.010059 0.012958 -0.034389
v -0.010060 0.011041 -0.034389
v -0.010280 0.013388 -0.034324
v -0.010282 0.010608 -0.034323
v -0.010579 0.013768 -0.034233
v -0.010580 0.010231 -0.034232
v -0.010940 0.014078 -0.034119
v -0.010942 0.009920 -0.034118
v -0.011351 0.014310 -0.033985
v -0.011352 0.009690 -0.033984
v -0.011795 0.014452 -0.033833
v -0.011797 0.009548 -0.033832
v -0.012254 0.014500 -0.033669
v -0.012256 0.009500 -0.033668
v -0.012712 0.014452 -0.033499
v -0.012713 0.009548 -0.033499
v -0.013148 0.014310 -0.033330
v -0.013151 0.009691 -0.033329
v -0.013551 0.014079 -0.033169
v -0.013551 0.009922 -0.033169
v -0.013900 0.013768 -0.033024
v -0.013902 0.010233 -0.033023
v -0.014187 0.013390 -0.032902
v -0.014188 0.010612 -0.032901
v -0.014400 0.012957 -0.032809
v -0.014400 0.011044 -0.032809
v -0.014530 0.012489 -0.032752
v -0.014530 0.011513 -0.032752
v -0.014574 0.012000 -0.032732
v 0.035743 0.012000 0.002500
v 0.052400 0.012000 0.002500
v 0.035746 0.012488 0.002452
v 0.052400 0.012556 0.002437
v 0.035755 0.012958 0.002309
v 0.052400 0.013085 0.002252
v 0.035770 0.013388 0.002079
v 0.052400 0.013559 0.001955
v 0.035786 0.013768 0.001767
v 0.052400 0.013955 0.001559
v 0.035803 0.014078 0.001390
v 0.052400 0.014252 0.001085
v 0.035817 0.014310 0.000957
v 0.052400 0.014437 0.000556
v 0.035827 0.014452 0.000488
v 0.052400 0.014500 0.000000
v 0.035830 0.014500 0.000001
v 0.035827 0.014452 -0.000488
v 0.052400 0.014437 -0.000556
v 0.035817 0.014310 -0.000956
v 0.052400 0.014252 -0.001085
v 0.035803 0.014079 -0.001389
v 0.052400 0.013955 -0.001559
v 0.035786 0.013768 -0.001767
v 0.052400 0.013559 -0.001955
v 0.035770 0.013390 -0.002078
v 0.052400 0.013085 -0.002252
v 0.035755 0.012957 -0.002310
v 0.052400 0.012556 -0.002437
v 0.035746 0.012489 -0.002452
v 0.052400 0.012000 -0.002500
v 0.035743 0.012000 -0.002500
v 0.035746 0.011513 -0.002452
v 0.052400 0.011444 -0.002437
v 0.035755 0.011044 -0.002310
v 0.052400 0.010915 -0.002252
v 0.035770 0.010612 -0.002079
v 0.052400 0.010441 -0.001955
v 0.035786 0.010233 -0.001769
v 0.052400 0.010045 -0.001559
v 0.035803 0.009922 -0.001390
v 0.052400 0.009748 -0.001085
v 0.035817 0.009691 -0.000959
v 0.052400 0.009563 -0.000556
v 0.035827 0.009548 -0.000489
v 0.052400 0.009500 0.000000
v 0.035830 0.009500 -0.000002
v 0.035827 0.009548 0.000486
v 0.052400 0.009563 0.000556
v 0.035817 0.009690 0.000956
v 0.052400 0.009748 0.001085
v 0.035803 0.009920 0.001387
v 0.052400 0.010045 0.001559
v 0.035786 0.010231 0.001767
v 0.052400 0.010441 0.001955
v 0.035770 0.010608 0.002077
v 0.052400 0.010915 0.002252
v 0.035756 0.011041 0.002309
v 0.052400 0.011444 0.002437
v 0.035746 0.011509 0.002451
v 0.052400 0.014437 -0.000556
v 0.052400 0.014437 0.000556
v 0.052400 0.014252 -0.001085
v 0.052400 0.014252 0.001085
v 0.052400 0.013955 -0.001559
v 0.052400 0.013955 0.001559
v 0.052400 0.013559 -0.001955
v 0.052400 0.013559 0.001955
v 0.052400 0.013085 -0.002252
v 0.052400 0.013085 0.002252
v 0.052400 0.012556 -0.002437
v 0.052400 0.012556 0.002437
v 0.052400 0.012000 -0.002500
v 0.052400 0.012000 0.002500
v 0.052400 0.011444 -0.002437
v 0.052400 0.011444 0.002437
v 0.052400 0.010915 -0.002252
v 0.052400 0.010915 0.002252
v 0.052400 0.010441 -0.001955
v 0.052400 0.010441 0.001955
v 0.052400 0.010045 -0.001559
v 0.052400 0.010045 0.001559
v 0.052400 0.009748 -0.001085
v 0.052400 0.009748 0.001085
v 0.052400 0.009563 -0.000556
v 0.052400 0.009563 0.000556
v 0.052400 0.009500 0.000000
v 0.052400 0.014500 0.000000
v 0.035743 0.012000 0.002500
v 0.035746 0.012488 0.002452
v 0.035746 0.011509 0.002451
v 0.035755 0.012958 0.002309
v 0.035756 0.011041 0.002309
v 0.035770 0.013388 0.002079
v 0.035770 0.010608 0.002077
v 0.035786 0.013768 0.001767
v 0.035786 0.010231 0.001767
v 0.035803 0.014078 0.001390
v 0.035803 0.009920 0.001387
v 0.035817 0.014310 0.000957
v 0.035817 0.009690 0.000956
v 0.035827 0.014452 0.000488
v 0.035827 0.009548 0.000486
v 0.035830 0.014500 0.000001
v 0.035830 0.009500 -0.000002
v 0.035827 0.014452 -0.000488
v 0.035827 0.009548 -0.000489
v 0.035817 0.014310 -0.000956
v 0.035817 0.009691 -0.000959
v 0.035803 0.014079 -0.001389
v 0.035803 0.009922 -0.001390
v 0.035786 0.013768 -0.001767
v 0.035786 0.010233 -0.001769
v 0.035770 0.013390 -0.002078
v 0.035770 0.010612 -0.002079
v 0.035755 0.012957 -0.002310
v 0.035755 0.011044 -0.002310
v 0.035746 0.012489 -0.002452
v 0.035746 0.011513 -0.002452
v 0.035743 0.012000 -0.002500
v -0.014574 0.012000 0.032732
v -0.020271 0.012000 0.048385
v -0.014530 0.012488 0.032752
v -0.020203 0.012598 0.048410
v -0.014399 0.012958 0.032809
v -0.020002 0.013162 0.048483
v -0.014188 0.013388 0.032901
v -0.019680 0.013658 0.048600
v -0.013901 0.013768 0.033024
v -0.019256 0.014057 0.048754
v -0.013551 0.014078 0.033169
v -0.018755 0.014338 0.048937
v -0.013150 0.014310 0.033330
v -0.012712 0.014452 0.033499
v -0.018205 0.014482 0.049137
v -0.012255 0.014500 0.033669
v -0.017639 0.014482 0.049343
v -0.011795 0.014452 0.033833
v -0.017089 0.014338 0.049543
v -0.011352 0.014310 0.033984
v -0.016587 0.014057 0.049726
v -0.010940 0.014079 0.034119
v -0.010579 0.013768 0.034233
v -0.016163 0.013658 0.049880
v -0.010281 0.013390 0.034323
v -0.015842 0.013162 0.049997
v -0.010059 0.012957 0.034389
v -0.015641 0.012598 0.050070
v -0.009922 0.012489 0.034429
v -0.015573 0.012000 0.050095
v -0.009875 0.012000 0.034442
v -0.009922 0.011513 0.034429
v -0.015641 0.011402 0.050070
v -0.010058 0.011044 0.034389
v -0.015842 0.010838 0.049997
v -0.010280 0.010612 0.034324
v -0.016163 0.010342 0.049880
v -0.010577 0.010233 0.034233
v -0.016587 0.009943 0.049726
v -0.010940 0.009922 0.034119
v -0.017089 0.009662 0.049543
v -0.011349 0.009691 0.033985
v -0.011794 0.009548 0.033833
v -0.017639 0.009518 0.049343
v -0.012253 0.009500 0.033670
v -0.018205 0.009518 0.049137
v -0.012710 0.009548 0.033500
v -0.018755 0.009662 0.048937
v -0.013148 0.009690 0.033330
v -0.019256 0.009943 0.048754
v -0.013548 0.009920 0.033170
v -0.013900 0.010231 0.033024
v -0.019680 0.010342 0.048600
v -0.014186 0.010608 0.032902
v -0.020002 0.010838 0.048483
v -0.014399 0.011041 0.032810
v -0.020203 0.011402 0.048410
v -0.014529 0.011509 0.032752
v -0.015573 0.012000 0.050095
v -0.015641 0.012598 0.050070
v -0.015641 0.011402 0.050070
v -0.015842 0.010838 0.049997
v -0.015842 0.013162 0.049997
v -0.016163 0.010342 0.049880
v -0.016163 0.013658 0.049880
v -0.016587 0.009943 0.049726
v -0.016587 0.014057 0.049726
v -0.017089 0.009662 0.049543
v -0.017089 0.014338 0.049543
v -0.017639 0.009518 0.049343
v -0.017639 0.014482 0.049343
v -0.018205 0.009518 0.049137
v -0.018205 0.014482 0.049137
v -0.018755 0.009662 0.048937
v -0.018755 0.014338 0.048937
v -0.019256 0.009943 0.048754
v -0.019256 0.014057 0.048754
v -0.019680 0.010342 0.048600
v -0.019680 0.013658 0.048600
v -0.020002 0.010838 0.048483
v -0.020002 0.013162 0.048483
v -0.020203 0.011402 0.048410
v -0.020203 0.012598 0.048410
v -0.020271 0.012000 0.048385
v -0.014574 0.012000 0.032732
v -0.014530 0.012488 0.032752
v -0.014529 0.011509 0.032752
v -0.014399 0.012958 0.032809
v -0.014399 0.011041 0.032810
v -0.014188 0.013388 0.032901
v -0.014186 0.010608 0.032902
v -0.013901 0.013768 0.033024
v -0.013900 0.010231 0.033024
v -0.013551 0.014078 0.033169
v -0.013548 0.009920 0.033170
v -0.013150 0.014310 0.033330
v -0.013148 0.009690 0.033330
v -0.012712 0.014452 0.033499
v -0.012710 0.009548 0.033500
v -0.012255 0.014500 0.033669
v -0.012253 0.009500 0.033670
v -0.011795 0.014452 0.033833
v -0.011794 0.009548 0.033833
v -0.011352 0.014310 0.033984
v -0.011349 0.009691 0.033985
v -0.010940 0.014079 0.034119
v -0.010940 0.009922 0.034119
v -0.010579 0.013768 0.034233
v -0.010577 0.010233 0.034233
v -0.010281 0.013390 0.034323
v -0.010280 0.010612 0.034324
v -0.010059 0.012957 0.034389
v -0.010058 0.011044 0.034389
v -0.009922 0.012489 0.034429
v -0.009922 0.011513 0.034429
v -0.009875 0.012000 0.034442
v 0.015556 -0.060633 0.014687
v 0.015556 -0.060400 0.014656
v 0.015713 -0.060563 0.014685
v 0.015789 -0.060400 0.014687
v 0.016006 -0.060543 0.014790
v 0.016006 -0.060400 0.014777
v 0.016193 -0.060400 0.014920
v 0.016246 -0.060506 0.014988
v 0.016336 -0.060400 0.015106
v 0.016402 -0.060457 0.015254
v 0.016426 -0.060400 0.015323
v 0.016449 -0.060400 0.015439
v 0.016456 -0.060400 0.015556
v 0.016449 -0.060400 0.015674
v 0.016402 -0.060511 0.015843
v 0.016426 -0.060400 0.015789
v 0.016336 -0.060400 0.016006
v 0.016246 -0.060609 0.016096
v 0.016193 -0.060400 0.016193
v 0.016006 -0.060682 0.016283
v 0.016006 -0.060400 0.016336
v 0.015789 -0.060400 0.016426
v 0.015556 -0.060400 0.016456
v 0.015556 -0.060633 0.016426
v 0.015713 -0.060720 0.016383
v 0.016006 -0.060925 0.016132
v 0.016246 -0.060790 0.015984
v 0.016246 -0.060918 0.015814
v 0.016402 -0.060676 0.015694
v 0.016402 -0.060707 0.015585
v 0.015556 -0.060850 0.016336
v 0.015713 -0.060997 0.016211
v 0.016006 -0.061098 0.015904
v 0.016246 -0.060976 0.015610
v 0.016402 -0.060696 0.015472
v 0.015556 -0.061036 0.016193
v 0.015556 -0.061179 0.016006
v 0.015713 -0.061193 0.015951
v 0.015556 -0.061269 0.015789
v 0.015713 -0.061283 0.015638
v 0.015556 -0.061300 0.015556
v 0.015713 -0.061252 0.015314
v 0.015556 -0.061269 0.015323
v 0.015556 -0.061179 0.015106
v 0.015713 -0.061107 0.015022
v 0.015556 -0.061036 0.014920
v 0.015713 -0.060867 0.014803
v 0.015556 -0.060850 0.014777
v 0.016402 -0.060607 0.015784
v 0.016402 -0.060562 0.015295
v 0.016246 -0.060705 0.015064
v 0.016246 -0.060862 0.015208
v 0.016006 -0.061022 0.015087
v 0.016006 -0.061150 0.015343
v 0.016006 -0.060810 0.014894
v 0.016006 -0.061176 0.015628
v 0.016246 -0.060956 0.015398
v 0.016402 -0.060646 0.015371
v -0.029500 0.004833 0.000869
v -0.029500 0.004600 0.000900
v -0.029344 0.004763 0.000871
v -0.029267 0.004600 0.000869
v -0.029050 0.004743 0.000766
v -0.029050 0.004600 0.000779
v -0.028864 0.004600 0.000636
v -0.028811 0.004706 0.000569
v -0.028721 0.004600 0.000450
v -0.028654 0.004657 0.000303
v -0.028631 0.004600 0.000233
v -0.028608 0.004600 0.000117
v -0.028600 0.004600 0.000000
v -0.028608 0.004600 -0.000117
v -0.028654 0.004711 -0.000287
v -0.028631 0.004600 -0.000233
v -0.028721 0.004600 -0.000450
v -0.028811 0.004809 -0.000539
v -0.028864 0.004600 -0.000636
v -0.029050 0.004882 -0.000727
v -0.029050 0.004600 -0.000779
v -0.029267 0.004600 -0.000869
v -0.029500 0.004600 -0.000900
v -0.029500 0.004833 -0.000869
v -0.029344 0.004920 -0.000826
v -0.029050 0.005125 -0.000576
v -0.028811 0.004990 -0.000428
v -0.028811 0.005118 -0.000258
v -0.028654 0.004876 -0.000137
v -0.028654 0.004907 -0.000028
v -0.029500 0.005050 -0.000779
v -0.029344 0.005197 -0.000655
v -0.029050 0.005298 -0.000347
v -0.028811 0.005176 -0.000053
v -0.028654 0.004896 0.000084
v -0.029500 0.005236 -0.000636
v -0.029500 0.005379 -0.000450
v -0.029344 0.005393 -0.000395
v -0.029500 0.005469 -0.000233
v -0.029344 0.005483 -0.000082
v -0.029500 0.005500 0.000000
v -0.029344 0.005452 0.000243
v -0.029500 0.005469 0.000233
v -0.029500 0.005379 0.000450
v -0.029344 0.005307 0.000534
v -0.029500 0.005236 0.000636
v -0.029344 0.005067 0.000754
v -0.029500 0.005050 0.000779
v -0.028654 0.004807 -0.000227
v -0.028654 0.004762 0.000262
v -0.028811 0.004905 0.000492
v -0.028811 0.005062 0.000349
v -0.029050 0.005222 0.000470
v -0.029050 0.005350 0.000213
v -0.029050 0.005010 0.000663
v -0.029050 0.005376 -0.000072
v -0.028811 0.005156 0.000158
v -0.028654 0.004846 0.000186
v -0.029500 0.004600 -0.000900
v -0.029500 0.004000 -0.000900
v -0.029267 0.004000 -0.000869
v -0.029050 0.004000 -0.000779
v -0.028864 0.004000 -0.000636
v -0.028721 0.004000 -0.000450
v -0.028631 0.004000 -0.000233
v -0.028600 0.004000 0.000000
v -0.028600 0.004600 0.000000
v -0.028631 0.004000 0.000233
v -0.028864 0.004000 0.000636
v -0.028721 0.004000 0.000450
v -0.029050 0.004000 0.000779
v -0.029267 0.004000 0.000869
v -0.029500 0.004600 0.000900
v -0.029500 0.004000 0.000900
v 0.001901 0.016000 0.032666
v 0.001854 0.016000 0.031722
v 0.001901 0.004000 0.032666
v 0.001854 0.004000 0.031722
v 0.002041 0.016000 0.030796
v 0.002041 0.004000 0.030796
v 0.002451 0.004000 0.029945
v 0.002451 0.016000 0.029945
v 0.003059 0.016000 0.029221
v 0.003059 0.004000 0.029221
v 0.003826 0.016000 0.028669
v 0.003826 0.004000 0.028669
v 0.004706 0.004000 0.028324
v 0.004706 0.016000 0.028324
v 0.005644 0.016000 0.028206
v 0.005644 0.004000 0.028206
v 0.000835 0.004000 -0.031839
v 0.000835 0.014000 -0.031839
v 0.000557 0.004000 -0.031845
v 0.000557 0.014000 -0.031845
v 0.000278 0.004000 -0.031849
v 0.000278 0.014000 -0.031849
v 0.000000 0.004000 -0.031850
v 0.000000 0.014000 -0.031850
v 0.000000 0.008000 -0.009960
v 0.002578 0.008000 -0.009621
v 0.000000 0.004000 -0.009960
v 0.002578 0.004000 -0.009621
v 0.004980 0.004000 -0.008626
v 0.004980 0.008000 -0.008626
v 0.007043 0.008000 -0.007043
v 0.007043 0.004000 -0.007043
v 0.008626 0.008000 -0.004980
v 0.008626 0.004000 -0.004980
v 0.009621 0.008000 -0.002578
v 0.009621 0.004000 -0.002578
v 0.009960 0.004000 0.000000
v 0.009960 0.008000 0.000000
v 0.009621 0.008000 0.002578
v 0.009621 0.004000 0.002578
v 0.008626 0.008000 0.004980
v 0.008626 0.004000 0.004980
v 0.007043 0.004000 0.007043
v 0.007043 0.008000 0.007043
v 0.004980 0.008000 0.008626
v 0.004980 0.004000 0.008626
v 0.002578 0.008000 0.009621
v 0.002578 0.004000 0.009621
v 0.000000 0.004000 0.009960
v 0.000000 0.008000 0.009960
v 0.015556 -0.060400 0.016456
v 0.015789 -0.060400 0.016426
v 0.015556 -0.059800 0.016456
v 0.015789 -0.059800 0.016426
v 0.016006 -0.059800 0.016336
v 0.016006 -0.060400 0.016336
v 0.016193 -0.060400 0.016193
v 0.016193 -0.059800 0.016193
v 0.016336 -0.060400 0.016006
v 0.016336 -0.059800 0.016006
v 0.016426 -0.059800 0.015789
v 0.016449 -0.060400 0.015674
v 0.016456 -0.059800 0.015556
v 0.016456 -0.060400 0.015556
v 0.016426 -0.059800 0.015323
v 0.016193 -0.059800 0.014920
v 0.016336 -0.059800 0.015106
v 0.016006 -0.059800 0.014777
v 0.015789 -0.059800 0.014687
v 0.015556 -0.060400 0.014656
v 0.015556 -0.059800 0.014656
v -0.038741 0.001747 0.056515
v -0.038744 0.001000 0.056501
v -0.038984 0.002023 0.055055
v -0.039000 0.001000 0.054560
v -0.038987 0.002201 0.054115
v -0.038744 0.001000 0.052618
v -0.038845 0.002431 0.053043
v -0.038550 0.002685 0.052000
v -0.038223 0.001481 0.057883
v -0.037995 0.001000 0.058310
v -0.037451 0.001260 0.059124
v -0.036803 0.001000 0.059863
v -0.036439 0.001111 0.060203
v -0.035250 0.001000 0.061055
v -0.035237 0.001060 0.061062
v -0.034353 0.001084 0.061496
v -0.033441 0.001000 0.061804
v -0.033429 0.001152 0.061807
v -0.032468 0.001261 0.061997
v -0.031500 0.001402 0.062060
v -0.031500 0.001000 0.062060
v -0.037995 0.001000 0.050810
v -0.038112 0.002955 0.051020
v -0.037539 0.003240 0.050112
v -0.036803 0.001000 0.049256
v -0.036845 0.003531 0.049298
v -0.036044 0.003822 0.048593
v -0.035250 0.001000 0.048064
v -0.035144 0.004107 0.048004
v -0.033441 0.001000 0.047315
v -0.034173 0.004376 0.047552
v -0.032865 0.004682 0.047185
v -0.031500 0.001000 0.047060
v -0.031500 0.004937 0.047060
v 0.000000 -0.048800 -0.005000
v -0.001294 -0.048800 -0.004830
v 0.000000 -0.057800 -0.005000
v -0.001294 -0.057800 -0.004830
v -0.002500 -0.057800 -0.004330
v -0.002500 -0.048800 -0.004330
v -0.003536 -0.048800 -0.003536
v -0.003536 -0.057800 -0.003536
v -0.004330 -0.048800 -0.002500
v -0.004330 -0.057800 -0.002500
v -0.004830 -0.048800 -0.001294
v -0.004830 -0.057800 -0.001294
v -0.005000 -0.057800 0.000000
v -0.005000 -0.048800 0.000000
v -0.004830 -0.048800 0.001294
v -0.004830 -0.057800 0.001294
v -0.004330 -0.048800 0.002500
v -0.004330 -0.057800 0.002500
v -0.003536 -0.057800 0.003536
v -0.003536 -0.048800 0.003536
v -0.002500 -0.048800 0.004330
v -0.002500 -0.057800 0.004330
v -0.001294 -0.048800 0.004830
v -0.001294 -0.057800 0.004830
v 0.000000 -0.057800 0.005000
v 0.000000 -0.048800 0.005000
v 0.000000 -0.057800 -0.006900
v -0.001786 -0.057800 -0.006665
v 0.000000 -0.059800 -0.006900
v -0.001786 -0.059800 -0.006665
v -0.003450 -0.059800 -0.005976
v -0.003450 -0.057800 -0.005976
v -0.004879 -0.057800 -0.004879
v -0.004879 -0.059800 -0.004879
v -0.005976 -0.057800 -0.003450
v -0.005976 -0.059800 -0.003450
v -0.006665 -0.057800 -0.001786
v -0.006665 -0.059800 -0.001786
v -0.006900 -0.059800 0.000000
v -0.006900 -0.057800 0.000000
v -0.006665 -0.057800 0.001786
v -0.006665 -0.059800 0.001786
v -0.005976 -0.057800 0.003450
v -0.005976 -0.059800 0.003450
v -0.004879 -0.059800 0.004879
v -0.004879 -0.057800 0.004879
v -0.003450 -0.057800 0.005976
v -0.003450 -0.059800 0.005976
v -0.001786 -0.057800 0.006665
v -0.001786 -0.059800 0.006665
v 0.000000 -0.059800 0.006900
v 0.000000 -0.057800 0.006900
v 0.000000 -0.048800 0.021350
v -0.000427 -0.048800 0.021406
v 0.000000 -0.059800 0.021350
v -0.000427 -0.059800 0.021406
v -0.000825 -0.059800 0.021571
v -0.000825 -0.048800 0.021571
v -0.001167 -0.048800 0.021833
v -0.001167 -0.059800 0.021833
v -0.001429 -0.048800 0.022175
v -0.001429 -0.059800 0.022175
v -0.001594 -0.048800 0.022573
v -0.001594 -0.059800 0.022573
v -0.001650 -0.059800 0.023000
v -0.001650 -0.048800 0.023000
v -0.001594 -0.048800 0.023427
v -0.001594 -0.059800 0.023427
v -0.001429 -0.048800 0.023825
v -0.001429 -0.059800 0.023825
v -0.001167 -0.059800 0.024167
v -0.001167 -0.048800 0.024167
v -0.000825 -0.048800 0.024429
v -0.000825 -0.059800 0.024429
v -0.000427 -0.048800 0.024594
v -0.000427 -0.059800 0.024594
v 0.000000 -0.059800 0.024650
v 0.000000 -0.048800 0.024650
v -0.023000 -0.048800 -0.001650
v -0.023427 -0.048800 -0.001594
v -0.023000 -0.059800 -0.001650
v -0.023427 -0.059800 -0.001594
v -0.023825 -0.059800 -0.001429
v -0.023825 -0.048800 -0.001429
v -0.024167 -0.048800 -0.001167
v -0.024167 -0.059800 -0.001167
v -0.024429 -0.048800 -0.000825
v -0.024429 -0.059800 -0.000825
v -0.024594 -0.048800 -0.000427
v -0.024594 -0.059800 -0.000427
v -0.024650 -0.059800 0.000000
v -0.024650 -0.048800 0.000000
v -0.024594 -0.048800 0.000427
v -0.024594 -0.059800 0.000427
v -0.024429 -0.048800 0.000825
v -0.024429 -0.059800 0.000825
v -0.024167 -0.059800 0.001167
v -0.024167 -0.048800 0.001167
v -0.023825 -0.048800 0.001429
v -0.023825 -0.059800 0.001429
v -0.023427 -0.048800 0.001594
v -0.023427 -0.059800 0.001594
v -0.023000 -0.059800 0.001650
v -0.023000 -0.048800 0.001650
v 0.000000 -0.048800 -0.024650
v -0.000427 -0.048800 -0.024594
v 0.000000 -0.059800 -0.024650
v -0.000427 -0.059800 -0.024594
v -0.000825 -0.059800 -0.024429
v -0.000825 -0.048800 -0.024429
v -0.001167 -0.048800 -0.024167
v -0.001167 -0.059800 -0.024167
v -0.001429 -0.048800 -0.023825
v -0.001429 -0.059800 -0.023825
v -0.001594 -0.048800 -0.023427
v -0.001594 -0.059800 -0.023427
v -0.001650 -0.059800 -0.023000
v -0.001650 -0.048800 -0.023000
v -0.001594 -0.048800 -0.022573
v -0.001594 -0.059800 -0.022573
v -0.001429 -0.048800 -0.022175
v -0.001429 -0.059800 -0.022175
v -0.001167 -0.059800 -0.021833
v -0.001167 -0.048800 -0.021833
v -0.000825 -0.048800 -0.021571
v -0.000825 -0.059800 -0.021571
v -0.000427 -0.048800 -0.021406
v -0.000427 -0.059800 -0.021406
v 0.000000 -0.059800 -0.021350
v 0.000000 -0.048800 -0.021350
v 0.023000 -0.048800 -0.001650
v 0.022573 -0.048800 -0.001594
v 0.023000 -0.059800 -0.001650
v 0.022573 -0.059800 -0.001594
v 0.022175 -0.059800 -0.001429
v 0.022175 -0.048800 -0.001429
v 0.021833 -0.048800 -0.001167
v 0.021833 -0.059800 -0.001167
v 0.021571 -0.048800 -0.000825
v 0.021571 -0.059800 -0.000825
v 0.021406 -0.048800 -0.000427
v 0.021406 -0.059800 -0.000427
v 0.021350 -0.059800 0.000000
v 0.021350 -0.048800 0.000000
v 0.021406 -0.048800 0.000427
v 0.021406 -0.059800 0.000427
v 0.021571 -0.048800 0.000825
v 0.021571 -0.059800 0.000825
v 0.021833 -0.059800 0.001167
v 0.021833 -0.048800 0.001167
v 0.022175 -0.048800 0.001429
v 0.022175 -0.059800 0.001429
v 0.022573 -0.048800 0.001594
v 0.022573 -0.059800 0.001594
v 0.023000 -0.059800 0.001650
v 0.023000 -0.048800 0.001650
v 0.000000 -0.065600 -0.027750
v 0.000000 -0.059800 -0.027750
v -0.006641 -0.065600 -0.026944
v -0.006641 -0.059800 -0.026944
v -0.012896 -0.065600 -0.024571
v -0.012896 -0.059800 -0.024571
v -0.018402 -0.065600 -0.020771
v -0.018402 -0.059800 -0.020771
v -0.022838 -0.065600 -0.015764
v -0.022838 -0.059800 -0.015764
v -0.025947 -0.065600 -0.009840
v -0.025947 -0.059800 -0.009840
v -0.027548 -0.065600 -0.003345
v -0.027548 -0.059800 -0.003345
v -0.027548 -0.065600 0.003345
v -0.027548 -0.059800 0.003345
v -0.025947 -0.065600 0.009840
v -0.025947 -0.059800 0.009840
v -0.022838 -0.065600 0.015764
v -0.022838 -0.059800 0.015764
v -0.018402 -0.065600 0.020771
v -0.018402 -0.059800 0.020771
v -0.012896 -0.065600 0.024571
v -0.012896 -0.059800 0.024571
v -0.006641 -0.065600 0.026944
v -0.006641 -0.059800 0.026944
v 0.000000 -0.065600 0.027750
v 0.000000 -0.059800 0.027750
v -0.012403 0.009839 0.039730
v -0.012366 0.009864 0.039709
v -0.010306 0.009951 0.034316
v -0.011899 0.010232 0.039417
v -0.009961 0.010389 0.034418
v -0.011499 0.010649 0.039097
v -0.009702 0.010891 0.034491
v -0.011168 0.011115 0.038759
v -0.009543 0.011436 0.034536
v -0.010922 0.011622 0.038416
v -0.009489 0.012000 0.034551
v -0.010808 0.012000 0.038174
v -0.010728 0.009589 0.034186
v -0.012833 0.009581 0.039934
v -0.011203 0.009322 0.034033
v -0.013304 0.009365 0.040091
v -0.013614 0.009257 0.040152
v -0.011720 0.009156 0.033859
v -0.013936 0.009173 0.040175
v -0.014263 0.009119 0.040148
v -0.012252 0.009100 0.033670
v -0.014585 0.009100 0.040064
v -0.014884 0.009119 0.039921
v -0.012783 0.009155 0.033472
v -0.015152 0.009174 0.039730
v -0.015383 0.009257 0.039507
v -0.013290 0.009320 0.033274
v -0.015580 0.009365 0.039261
v -0.013754 0.009587 0.033085
v -0.015993 0.009771 0.038514
v -0.014160 0.009948 0.032913
v -0.016239 0.010290 0.037768
v -0.014491 0.010386 0.032769
v -0.016351 0.010912 0.037065
v -0.014737 0.010887 0.032659
v -0.014888 0.011431 0.032591
v -0.016327 0.011619 0.036451
v -0.014939 0.012000 0.032567
v -0.016258 0.012000 0.036190
v -0.010808 0.012000 -0.038174
v -0.010924 0.011616 -0.038420
v -0.009489 0.012000 -0.034551
v -0.009544 0.011431 -0.034536
v -0.011304 0.010906 -0.038908
v -0.009704 0.010887 -0.034491
v -0.009963 0.010386 -0.034417
v -0.011842 0.010286 -0.039374
v -0.010309 0.009948 -0.034315
v -0.012513 0.009766 -0.039787
v -0.010731 0.009587 -0.034185
v -0.013310 0.009362 -0.040092
v -0.011207 0.009320 -0.034032
v -0.013618 0.009255 -0.040152
v -0.011724 0.009155 -0.033858
v -0.013936 0.009173 -0.040175
v -0.014263 0.009119 -0.040148
v -0.012257 0.009100 -0.033668
v -0.014582 0.009100 -0.040065
v -0.014880 0.009119 -0.039924
v -0.012786 0.009156 -0.033471
v -0.015147 0.009172 -0.039734
v -0.015377 0.009255 -0.039512
v -0.013294 0.009322 -0.033272
v -0.015574 0.009362 -0.039269
v -0.013757 0.009589 -0.033084
v -0.015990 0.009767 -0.038521
v -0.014163 0.009951 -0.032912
v -0.016238 0.010285 -0.037776
v -0.014493 0.010389 -0.032768
v -0.016351 0.010905 -0.037072
v -0.014738 0.010891 -0.032658
v -0.014889 0.011436 -0.032590
v -0.016327 0.011615 -0.036455
v -0.014939 0.012000 -0.032567
v -0.016258 0.012000 -0.036190
v 0.039568 0.012000 0.002900
v 0.039839 0.011616 0.002875
v 0.035712 0.012000 0.002900
v 0.035717 0.011431 0.002843
v 0.040404 0.010932 0.002696
v 0.035730 0.010887 0.002678
v 0.041001 0.010330 0.002371
v 0.035749 0.010386 0.002409
v 0.035771 0.009948 0.002049
v 0.041597 0.009822 0.001915
v 0.035794 0.009587 0.001608
v 0.042147 0.009416 0.001317
v 0.035813 0.009320 0.001109
v 0.042227 0.009362 0.001204
v 0.042388 0.009255 0.000936
v 0.035826 0.009155 0.000563
v 0.042518 0.009173 0.000644
v 0.042605 0.009119 0.000329
v 0.035830 0.009100 -0.000002
v 0.042636 0.009100 0.000000
v 0.042605 0.009119 -0.000328
v 0.035826 0.009156 -0.000567
v 0.042519 0.009172 -0.000644
v 0.042389 0.009255 -0.000936
v 0.035813 0.009322 -0.001112
v 0.042227 0.009362 -0.001204
v 0.035794 0.009589 -0.001612
v 0.041667 0.009767 -0.001850
v 0.035771 0.009951 -0.002052
v 0.041051 0.010285 -0.002338
v 0.035749 0.010389 -0.002412
v 0.040429 0.010905 -0.002685
v 0.035730 0.010891 -0.002680
v 0.035717 0.011436 -0.002845
v 0.039840 0.011615 -0.002874
v 0.035712 0.012000 -0.002900
v 0.039568 0.012000 -0.002900
v 0.011327 0.017539 -0.036273
v 0.011363 0.016003 -0.036386
v 0.007381 0.017539 -0.037276
v 0.007430 0.014504 -0.037748
v 0.000000 0.017539 -0.038000
v -0.000860 0.014504 -0.038462
v -0.000842 0.017539 -0.037991
v -0.004923 0.017539 -0.037680
v 0.011468 0.014504 -0.036723
v 0.011651 0.013004 -0.037311
v 0.007713 0.011623 -0.039186
v 0.011905 0.011623 -0.038122
v 0.012221 0.010398 -0.039136
v 0.008159 0.009361 -0.041451
v 0.012593 0.009361 -0.040326
v 0.012988 0.008574 -0.041590
v 0.013414 0.008000 -0.042954
v 0.009590 0.008000 -0.043967
v 0.008691 0.008000 -0.044154
v 0.000826 0.008000 -0.044992
v -0.000944 0.009361 -0.042235
v -0.001006 0.008000 -0.044989
v -0.008010 0.008000 -0.044281
v -0.010003 0.009361 -0.041045
v -0.010655 0.008000 -0.043720
v -0.013310 0.009362 -0.040092
v -0.013618 0.009255 -0.040152
v -0.013936 0.009173 -0.040175
v -0.016466 0.008000 -0.041879
v -0.014263 0.009119 -0.040148
v -0.014582 0.009100 -0.040065
v -0.014880 0.009119 -0.039924
v -0.019805 0.008000 -0.040407
v -0.015147 0.009172 -0.039734
v -0.015377 0.009255 -0.039512
v -0.020493 0.008000 -0.040063
v -0.018593 0.009361 -0.037934
v -0.015574 0.009362 -0.039269
v -0.024323 0.008000 -0.037860
v -0.026314 0.009361 -0.033050
v -0.024876 0.011623 -0.031244
v -0.032804 0.009361 -0.026620
v -0.031012 0.011623 -0.025166
v -0.035697 0.011623 -0.017910
v -0.034386 0.014504 -0.017253
v -0.037292 0.014504 -0.009457
v -0.035599 0.017539 -0.013294
v -0.036827 0.017539 -0.009370
v -0.027894 0.008000 -0.035312
v -0.028030 0.008000 -0.035204
v -0.031206 0.008000 -0.032422
v -0.034943 0.008000 -0.028355
v -0.036928 0.008000 -0.025717
v -0.037760 0.009361 -0.018945
v -0.040222 0.008000 -0.020180
v -0.041225 0.008000 -0.018043
v -0.040950 0.009361 -0.010385
v -0.043619 0.008000 -0.011062
v -0.043940 0.008000 -0.009710
v -0.042225 0.009361 -0.001339
v -0.044977 0.008000 -0.001426
v -0.044988 0.008000 -0.001044
v -0.044876 0.008000 0.003343
v -0.041526 0.009361 0.007769
v -0.039257 0.011623 0.007345
v -0.036760 0.011623 0.015612
v -0.035411 0.014504 0.015039
v -0.032545 0.011623 0.023148
v -0.031350 0.014504 0.022299
v -0.025825 0.014504 0.028516
v -0.028409 0.017539 0.025237
v -0.025507 0.017539 0.028168
v -0.044338 0.008000 0.007692
v -0.044233 0.008000 0.008276
v -0.041989 0.008000 0.016184
v -0.038885 0.009361 0.016514
v -0.041420 0.008000 0.017591
v -0.038055 0.008000 0.024017
v -0.034426 0.009361 0.024486
v -0.036670 0.008000 0.026083
v -0.032655 0.008000 0.030962
v -0.028358 0.009361 0.031314
v -0.030207 0.008000 0.033356
v -0.026011 0.008000 0.036721
v -0.020964 0.009361 0.036677
v -0.022331 0.008000 0.039068
v -0.022300 0.008000 0.039086
v -0.018394 0.008000 0.041069
v -0.015580 0.009365 0.039261
v -0.015993 0.009771 0.038514
v -0.013936 0.009173 0.040175
v -0.014263 0.009119 0.040148
v -0.013411 0.008000 0.042955
v -0.014585 0.009100 0.040064
v -0.014296 0.008000 0.042669
v -0.014884 0.009119 0.039921
v -0.015152 0.009174 0.039730
v -0.015383 0.009257 0.039507
v -0.013380 0.008000 0.042965
v -0.012955 0.008574 0.041600
v -0.013614 0.009257 0.040152
v -0.012366 0.009864 0.039709
v -0.012403 0.009839 0.039730
v -0.012561 0.009361 0.040335
v -0.012591 0.009361 0.040326
v -0.013304 0.009365 0.040091
v -0.012833 0.009581 0.039934
v -0.016239 0.010290 0.037768
v -0.016351 0.010912 0.037065
v -0.019819 0.011623 0.034673
v -0.016327 0.011619 0.036451
v -0.016258 0.012000 0.036190
v -0.016037 0.012692 0.035828
v -0.019091 0.014504 0.033401
v -0.026809 0.011623 0.029603
v -0.015873 0.013042 0.035698
v -0.015673 0.013383 0.035608
v -0.015436 0.013707 0.035557
v -0.015162 0.014010 0.035545
v -0.014858 0.014277 0.035569
v -0.014523 0.014504 0.035625
v -0.014188 0.014675 0.035703
v -0.015186 0.017539 0.034834
v -0.018868 0.017539 0.032985
v -0.013839 0.014799 0.035801
v -0.013479 0.014875 0.035915
v -0.013119 0.014900 0.036041
v -0.012760 0.014875 0.036177
v -0.011334 0.016004 0.036395
v -0.011325 0.017539 0.036273
v -0.012412 0.014799 0.036321
v -0.012081 0.014675 0.036470
v -0.011466 0.014504 0.036723
v -0.011773 0.014503 0.036626
v -0.011487 0.014282 0.036794
v -0.011463 0.014259 0.036810
v -0.011439 0.014504 0.036732
v -0.011298 0.017539 0.036282
v -0.022318 0.017539 0.030756
v -0.030977 0.017539 0.022009
v -0.033176 0.017539 0.018531
v -0.034985 0.017539 0.014835
v -0.036382 0.017539 0.010971
v -0.037816 0.014504 0.007075
v -0.037354 0.017539 0.006979
v -0.037890 0.017539 0.002886
v -0.038452 0.014504 -0.001219
v -0.037980 0.017539 -0.001241
v -0.037623 0.017539 -0.005337
v -0.033954 0.017539 -0.017063
v -0.031903 0.017539 -0.020645
v -0.029873 0.014504 -0.024242
v -0.029475 0.017539 -0.023984
v -0.026713 0.017539 -0.027026
v -0.023963 0.014504 -0.030097
v -0.023639 0.017539 -0.029752
v -0.020282 0.017539 -0.032135
v -0.016932 0.014504 -0.034545
v -0.016687 0.017539 -0.034140
v -0.014523 0.014504 -0.035625
v -0.014187 0.014675 -0.035704
v -0.012892 0.017539 -0.035746
v -0.013839 0.014799 -0.035801
v -0.011233 0.014010 -0.036975
v -0.011482 0.014277 -0.036797
v -0.009109 0.014504 -0.037378
v -0.011774 0.014504 -0.036626
v -0.008946 0.017539 -0.036932
v -0.012081 0.014675 -0.036470
v -0.012411 0.014799 -0.036321
v -0.012761 0.014875 -0.036177
v -0.000892 0.011623 -0.039928
v -0.010924 0.011616 -0.038420
v -0.010808 0.012000 -0.038174
v -0.009456 0.011623 -0.038802
v -0.010744 0.012692 -0.037754
v -0.010787 0.013043 -0.037549
v -0.010882 0.013383 -0.037351
v -0.011031 0.013708 -0.037160
v -0.013118 0.014900 -0.036042
v -0.013480 0.014874 -0.035915
v -0.014856 0.014278 -0.035569
v -0.015162 0.014010 -0.035545
v -0.015434 0.013710 -0.035557
v -0.015672 0.013384 -0.035608
v -0.015874 0.013041 -0.035699
v -0.016037 0.012693 -0.035828
v -0.017577 0.011623 -0.035862
v -0.016258 0.012000 -0.036190
v -0.016327 0.011615 -0.036455
v -0.016351 0.010905 -0.037072
v -0.016238 0.010285 -0.037776
v -0.015990 0.009767 -0.038521
v -0.012513 0.009766 -0.039787
v -0.011842 0.010286 -0.039374
v -0.011304 0.010906 -0.038908
v -0.038713 0.011623 -0.009817
v -0.039918 0.011623 -0.001266
v 0.000000 0.017539 -0.038000
v 0.000000 0.023000 -0.038000
v 0.007381 0.017539 -0.037276
v 0.007901 0.023000 -0.037170
v 0.011327 0.017539 -0.036273
v 0.015456 0.023000 -0.034715
v 0.015160 0.017539 -0.034845
v 0.018817 0.017539 -0.033014
v 0.022336 0.023000 -0.030743
v 0.022282 0.017539 -0.030782
v 0.025485 0.017539 -0.028187
v 0.028240 0.023000 -0.025427
v 0.028385 0.017539 -0.025264
v 0.030953 0.017539 -0.022044
v 0.032909 0.023000 -0.019000
v 0.033151 0.017539 -0.018575
v 0.034962 0.017539 -0.014889
v 0.036140 0.023000 -0.011743
v 0.036370 0.017539 -0.011011
v 0.037349 0.017539 -0.007003
v 0.037792 0.023000 -0.003972
v 0.037887 0.017539 -0.002925
v 0.037981 0.017539 0.001186
v 0.037792 0.023000 0.003972
v 0.037631 0.017539 0.005280
v 0.036841 0.017539 0.009312
v 0.036140 0.023000 0.011743
v 0.035614 0.017539 0.013252
v 0.033967 0.017539 0.017036
v 0.032909 0.023000 0.019000
v 0.031929 0.017539 0.020604
v 0.028240 0.023000 0.025427
v 0.029518 0.017539 0.023931
v 0.026760 0.017539 0.026980
v 0.022336 0.023000 0.030743
v 0.023689 0.017539 0.029713
v 0.020328 0.017539 0.032105
v 0.015456 0.023000 0.034715
v 0.016728 0.017539 0.034120
v 0.012949 0.017539 0.035726
v 0.007901 0.023000 0.037170
v 0.009019 0.017539 0.036914
v 0.004974 0.017539 0.037673
v 0.000000 0.023000 0.038000
v 0.000870 0.017539 0.037990
v -0.000000 0.017539 0.038000
v -0.048072 -0.007467 0.054396
v -0.048072 -0.044754 0.054396
v -0.046193 -0.007587 0.057764
v -0.046194 -0.044570 0.057762
v -0.043819 -0.044447 0.060802
v -0.043818 -0.007669 0.060804
v -0.041028 -0.044376 0.063421
v -0.041028 -0.007715 0.063422
v -0.037846 -0.044353 0.065598
v -0.037846 -0.007730 0.065597
v -0.034391 -0.044377 0.067250
v -0.034393 -0.007715 0.067249
v -0.030704 -0.044448 0.068359
v -0.030706 -0.007668 0.068358
v -0.025366 -0.007544 0.068935
v -0.025366 -0.044637 0.068935
v 0.056130 0.002501 -0.022672
v 0.053853 0.003866 -0.019308
v 0.060818 0.002354 -0.016680
v 0.054702 0.004533 -0.013698
v 0.061786 0.002321 -0.015349
v 0.056497 0.004533 -0.009705
v 0.063511 0.002258 -0.012885
v 0.064600 0.002217 -0.011156
v 0.052764 0.004530 -0.017368
v 0.051604 0.005242 -0.014938
v 0.050739 0.005772 -0.012763
v 0.049339 0.006616 -0.007888
v 0.057750 0.004533 -0.005461
v 0.048773 0.006939 -0.004514
v 0.048636 0.007015 -0.003186
v 0.048509 0.007084 -0.000816
v 0.068213 0.001950 -0.001195
v 0.067548 0.001996 -0.005056
v 0.048521 0.007077 0.001254
v 0.068251 0.001947 -0.000012
v 0.067786 0.001979 0.004126
v 0.048607 0.007031 0.002830
v 0.067554 0.001995 0.005035
v 0.048949 0.006840 0.005784
v 0.065865 0.002123 0.009093
v 0.049091 0.006759 0.006633
v 0.065498 0.002153 0.009715
v 0.049892 0.006287 0.010122
v 0.063511 0.002258 0.012885
v 0.067095 0.002028 -0.006440
v 0.065498 0.002153 -0.009715
v -0.050043 -0.053657 0.037646
v -0.047236 -0.055599 0.037218
v -0.047427 -0.053633 0.044028
v -0.042294 -0.057989 0.039011
v -0.046932 -0.053626 0.045131
v -0.039072 -0.057989 0.044211
v -0.044443 -0.053579 0.050290
v -0.043425 -0.057979 0.036981
v -0.040601 -0.059523 0.037055
v -0.040330 -0.059661 0.037073
v -0.039298 -0.060166 0.037161
v -0.033712 -0.062388 0.038147
v -0.009971 0.008000 0.043882
v -0.013380 0.008000 0.042965
v -0.016155 0.006281 0.048294
v -0.013411 0.008000 0.042955
v -0.014296 0.008000 0.042669
v -0.023630 0.007085 0.042368
v -0.020282 0.006922 0.044643
v -0.018394 0.008000 0.041069
v -0.019908 0.006887 0.044931
v -0.016298 0.006314 0.048148
v -0.022300 0.008000 0.039086
v -0.024250 0.007089 0.042002
v -0.022331 0.008000 0.039068
v -0.027556 0.006988 0.040306
v -0.026011 0.008000 0.036721
v -0.028515 0.006923 0.039888
v -0.030207 0.008000 0.033356
v -0.033553 0.006314 0.038188
v -0.032655 0.008000 0.030962
v -0.037461 0.005544 0.037389
v -0.036670 0.008000 0.026083
v -0.043361 0.005246 0.029244
v -0.038727 0.005245 0.037222
v -0.038055 0.008000 0.024017
v -0.047191 0.005246 0.019622
v -0.051774 0.002706 0.023939
v -0.052184 0.002725 0.022184
v -0.041420 0.008000 0.017591
v -0.041989 0.008000 0.016184
v -0.049484 0.005246 0.009466
v -0.044233 0.008000 0.008276
v -0.044338 0.008000 0.007692
v -0.050157 0.005246 -0.000950
v -0.044876 0.008000 0.003343
v -0.044988 0.008000 -0.001044
v -0.044977 0.008000 -0.001426
v -0.049202 0.005246 -0.011249
v -0.049208 0.005243 -0.011251
v -0.043940 0.008000 -0.009710
v -0.053883 0.002796 -0.012618
v -0.054221 0.002808 -0.009683
v -0.054700 0.002823 -0.001064
v -0.054706 0.002824 -0.000016
v -0.054224 0.002808 0.009651
v -0.054132 0.002805 0.010531
v -0.050547 0.002647 0.028586
v -0.048967 0.002567 0.033671
v -0.043251 0.003989 0.036979
v -0.047699 0.002501 0.037274
v -0.012224 0.005246 0.052191
v -0.012388 0.005038 0.052818
v -0.010200 0.003863 0.056301
v -0.008430 0.002501 0.059945
v -0.002863 0.002596 0.058859
v -0.001935 0.005246 0.052037
v -0.008657 0.008000 0.044160
v 0.000565 0.002648 0.058055
v 0.005235 0.002707 0.056784
v 0.008282 0.005246 0.050276
v 0.008869 0.002745 0.055643
v 0.018769 0.002808 0.051777
v 0.018145 0.005246 0.046923
v 0.019849 0.002812 0.051281
v 0.027344 0.002824 0.047382
v 0.027379 0.005246 0.042054
v 0.029904 0.002822 0.045851
v 0.035476 0.002808 0.042129
v 0.035728 0.005246 0.035800
v 0.039338 0.002786 0.039211
v 0.039442 0.002785 0.039128
v 0.043061 0.002753 0.036112
v 0.042969 0.005246 0.028341
v 0.034957 0.008000 0.028338
v 0.037215 0.008000 0.025300
v 0.048309 0.002679 0.031225
v 0.050031 0.002647 0.029479
v 0.048922 0.005246 0.019897
v 0.055864 0.002658 0.022318
v 0.053537 0.004058 0.018772
v 0.056130 0.002501 0.022672
v 0.051598 0.005245 0.014926
v 0.043625 0.008000 0.011040
v 0.041501 0.008000 0.017397
v 0.044102 0.008000 0.008947
v 0.040231 0.008000 0.020161
v 0.031478 0.008000 0.032158
v 0.028048 0.008000 0.035189
v 0.024458 0.008000 0.037773
v 0.019828 0.008000 0.040396
v 0.016489 0.008000 0.041870
v 0.010682 0.008000 0.043715
v 0.007864 0.008000 0.044308
v 0.001036 0.008000 0.044988
v -0.001099 0.008000 0.044987
v -0.029799 -0.065600 0.033720
v -0.030471 -0.063236 0.039133
v -0.027160 -0.065600 0.035879
v -0.029857 -0.063357 0.039357
v -0.026718 -0.063786 0.040697
v -0.023759 -0.065600 0.038217
v -0.025652 -0.063857 0.041232
v -0.023329 -0.063876 0.042552
v -0.020205 -0.065600 0.040209
v -0.021831 -0.063780 0.043525
v -0.020086 -0.063545 0.044794
v -0.016397 -0.065600 0.041907
v -0.018112 -0.063087 0.046427
v -0.012221 -0.065600 0.043309
v -0.014321 -0.061425 0.050317
v -0.007863 -0.065600 0.044308
v -0.013537 -0.060919 0.051279
v 0.010071 -0.065600 0.043858
v 0.011036 -0.059556 0.050525
v 0.005607 -0.065600 0.044649
v 0.005861 -0.059556 0.051908
v 0.001098 -0.065600 0.044987
v 0.000609 -0.059556 0.052894
v -0.003408 -0.065600 0.044871
v -0.004686 -0.059556 0.053479
v -0.009990 -0.059556 0.053664
v -0.011799 -0.059531 0.053676
v 0.014441 -0.065600 0.042620
v 0.018669 -0.065600 0.040945
v 0.023077 -0.053537 0.052359
v 0.022708 -0.065600 0.038850
v 0.028607 -0.053529 0.049384
v 0.026515 -0.065600 0.036358
v 0.034354 -0.053539 0.045800
v 0.038652 -0.059556 0.034433
v 0.036844 -0.053550 0.044076
v 0.038825 -0.053560 0.042625
v 0.030049 -0.065600 0.033497
v 0.033272 -0.065600 0.030298
v 0.036151 -0.065600 0.026797
v 0.042406 -0.059556 0.030613
v 0.038657 -0.065600 0.023035
v 0.045852 -0.059556 0.026531
v 0.040767 -0.065600 0.019054
v 0.048971 -0.059556 0.022215
v 0.042462 -0.065600 0.014898
v 0.051747 -0.059556 0.017693
v 0.050529 -0.061662 0.012168
v 0.052378 -0.059538 0.016608
v 0.043731 -0.065600 0.010613
v 0.050306 -0.061917 0.011497
v 0.049163 -0.063196 0.007019
v 0.044556 -0.065600 0.006307
v 0.048898 -0.063479 0.005447
v 0.044948 -0.065600 0.002174
v 0.048575 -0.063815 0.002367
v 0.048500 -0.063892 0.000000
v 0.044960 -0.065600 -0.001899
v 0.048557 -0.063833 -0.002069
v 0.048897 -0.063479 -0.005443
v 0.044595 -0.065600 -0.006024
v 0.049099 -0.063265 -0.006676
v 0.043800 -0.065600 -0.010321
v 0.050306 -0.061917 -0.011497
v 0.050405 -0.061804 -0.011800
v 0.042561 -0.065600 -0.014613
v 0.051921 -0.059556 -0.017382
v 0.052374 -0.059543 -0.016599
v 0.052931 -0.058903 -0.017683
v 0.049169 -0.059556 -0.021916
v 0.040894 -0.065600 -0.018779
v 0.046072 -0.059556 -0.026248
v 0.038812 -0.065600 -0.022774
v 0.042648 -0.059556 -0.030346
v 0.036332 -0.065600 -0.026552
v 0.033523 -0.065600 -0.030020
v 0.030379 -0.065600 -0.033198
v 0.039617 -0.053565 -0.042025
v 0.048032 -0.053624 -0.034842
v 0.048798 -0.053629 -0.034108
v 0.051511 -0.053645 -0.031392
v 0.053139 -0.053652 -0.029668
v 0.057235 -0.053658 -0.024987
v 0.053505 -0.058245 -0.018717
v 0.057624 -0.053657 -0.024516
v 0.053141 -0.058662 0.018071
v 0.053176 -0.058622 0.018133
v 0.053485 -0.058268 0.018683
v 0.057624 -0.053657 0.024516
v 0.056880 -0.053658 0.025414
v 0.052588 -0.053650 0.030260
v 0.051577 -0.053645 0.031325
v 0.048541 -0.053627 0.034356
v 0.044539 -0.053599 0.038010
v 0.043959 -0.053595 0.038510
v 0.040771 -0.053573 0.041128
v 0.017658 -0.053560 0.054870
v 0.011989 -0.053591 0.057104
v 0.006176 -0.053624 0.059013
v 0.006111 -0.053624 0.059032
v 0.001442 -0.053645 0.060303
v 0.000483 -0.053648 0.060537
v -0.005741 -0.053658 0.061844
v -0.010455 -0.058144 0.055849
v -0.007580 -0.053657 0.062162
v -0.010880 -0.058617 0.055125
v 0.002444 0.004000 0.035747
v 0.001630 0.004000 0.035793
v 0.002444 0.016000 0.035747
v 0.000815 0.004000 0.035821
v 0.000000 0.004000 0.035830
v 0.000000 0.023000 0.035830
v 0.001807 0.023000 0.035784
v 0.003609 0.023000 0.035648
v 0.005403 0.023000 0.035420
v 0.004420 0.016000 0.035556
v 0.003433 0.016000 0.035665
v 0.005403 0.016000 0.035420
v -0.000764 0.023000 0.035822
v -0.000764 0.004000 0.035822
v -0.001527 0.023000 0.035797
v -0.001527 0.004000 0.035797
v -0.002290 0.023000 0.035757
v -0.002290 0.004000 0.035757
v 0.007038 0.016000 0.035132
v 0.007038 0.023000 0.035132
v 0.008008 0.016000 0.034924
v 0.008972 0.016000 0.034689
v 0.009929 0.016000 0.034427
v 0.013371 0.023000 0.033242
v 0.015415 0.004000 0.032344
v 0.019249 0.023000 0.030220
v 0.020488 0.004000 0.029395
v 0.024473 0.023000 0.026170
v 0.025011 0.004000 0.025656
v 0.028863 0.023000 0.021230
v 0.028863 0.004000 0.021230
v 0.009929 0.004000 0.034427
v 0.002444 0.016000 0.035747
v 0.003433 0.016000 0.035665
v 0.001901 0.016000 0.032666
v 0.004420 0.016000 0.035556
v 0.004694 0.016000 0.031401
v 0.005403 0.016000 0.035420
v 0.007349 0.016000 0.028610
v 0.006520 0.016000 0.028309
v 0.006329 0.016000 0.031113
v 0.005644 0.016000 0.028206
v 0.005786 0.016000 0.031218
v 0.004706 0.016000 0.028324
v 0.005241 0.016000 0.031315
v 0.003826 0.016000 0.028669
v 0.003059 0.016000 0.029221
v 0.002451 0.016000 0.029945
v 0.007038 0.016000 0.035132
v 0.008008 0.016000 0.034924
v 0.009386 0.016000 0.031346
v 0.009133 0.016000 0.030501
v 0.008972 0.016000 0.034689
v 0.009929 0.016000 0.034427
v 0.008692 0.016000 0.029737
v 0.008086 0.016000 0.029095
v 0.002041 0.016000 0.030796
v 0.001854 0.016000 0.031722
v -0.002290 0.004000 0.035757
v -0.001527 0.004000 0.035797
v -0.001943 0.004000 0.031791
v -0.000764 0.004000 0.035822
v 0.000000 0.004000 0.035830
v 0.001901 0.004000 0.032666
v 0.000815 0.004000 0.035821
v 0.001630 0.004000 0.035793
v 0.002444 0.004000 0.035747
v 0.001854 0.004000 0.031722
v 0.002041 0.004000 0.030796
v 0.002451 0.004000 0.029945
v -0.002499 0.004000 0.031752
v 0.003059 0.004000 0.029221
v -0.003053 0.004000 0.031703
v -0.003607 0.004000 0.031645
v 0.005644 0.004000 0.028206
v 0.002578 0.004000 0.009621
v 0.004706 0.004000 0.028324
v 0.000000 0.004000 0.009960
v 0.003826 0.004000 0.028669
v -0.002578 0.004000 0.009621
v -0.006025 0.004000 0.031173
v -0.005121 0.004000 0.035462
v -0.003954 0.004000 0.035611
v 0.006520 0.004000 0.028309
v 0.004980 0.004000 0.008626
v 0.007349 0.004000 0.028610
v 0.025602 0.004000 0.018946
v 0.007043 0.004000 0.007043
v 0.008626 0.004000 0.004980
v 0.008086 0.004000 0.029095
v 0.020488 0.004000 0.029395
v 0.025011 0.004000 0.025656
v 0.008692 0.004000 0.029737
v 0.015415 0.004000 0.032344
v 0.009133 0.004000 0.030501
v 0.009386 0.004000 0.031346
v 0.009929 0.004000 0.034427
v 0.028863 0.004000 0.021230
v 0.025929 0.004000 0.018496
v 0.026249 0.004000 0.018040
v 0.026560 0.004000 0.017578
v 0.029821 0.004000 0.019862
v 0.032442 0.004000 0.015209
v 0.031354 0.004000 0.005000
v 0.009621 0.004000 0.002578
v 0.009960 0.004000 0.000000
v 0.034342 0.004000 0.010218
v 0.035479 0.004000 0.005000
v 0.031706 0.004000 0.001673
v 0.031706 0.004000 -0.001673
v 0.031354 0.004000 -0.005000
v 0.035479 0.004000 -0.005000
v 0.035102 0.004000 -0.007186
v 0.034590 0.004000 -0.009344
v 0.030205 0.004000 -0.010105
v 0.033946 0.004000 -0.011467
v 0.009621 0.004000 -0.002578
v 0.030023 0.004000 -0.010631
v 0.029833 0.004000 -0.011155
v 0.029633 0.004000 -0.011674
v 0.008626 0.004000 -0.004980
v 0.033374 0.004000 -0.013036
v 0.030348 0.004000 -0.019046
v 0.026252 0.004000 -0.024385
v 0.018946 0.004000 -0.025602
v 0.021230 0.004000 -0.028863
v 0.018496 0.004000 -0.025929
v 0.004980 0.004000 -0.008626
v 0.007043 0.004000 -0.007043
v 0.018040 0.004000 -0.026249
v 0.017578 0.004000 -0.026560
v 0.002578 0.004000 -0.009621
v 0.000835 0.004000 -0.031839
v 0.000000 0.004000 -0.009960
v 0.000557 0.004000 -0.031845
v 0.000278 0.004000 -0.031849
v 0.019862 0.004000 -0.029821
v 0.013936 0.004000 -0.033009
v 0.007518 0.004000 -0.035032
v 0.000835 0.004000 -0.035820
v 0.000000 0.004000 -0.031850
v -0.000278 0.004000 -0.031849
v -0.000557 0.004000 -0.031845
v -0.000835 0.004000 -0.031839
v -0.006025 0.004000 -0.031173
v -0.002578 0.004000 -0.009621
v -0.009272 0.004000 -0.030366
v -0.012416 0.004000 -0.029222
v -0.000835 0.004000 -0.035820
v -0.003050 0.004000 -0.035700
v -0.005253 0.004000 -0.035443
v -0.007436 0.004000 -0.035050
v -0.004980 0.004000 -0.008626
v -0.015422 0.004000 -0.027753
v -0.007043 0.004000 -0.007043
v -0.025602 0.004000 -0.018946
v -0.008626 0.004000 -0.004980
v -0.025929 0.004000 -0.018496
v -0.026249 0.004000 -0.018040
v -0.016833 0.004000 -0.031630
v -0.021347 0.004000 -0.028776
v -0.025387 0.004000 -0.025284
v -0.028863 0.004000 -0.021230
v -0.026560 0.004000 -0.017578
v -0.009621 0.004000 -0.002578
v -0.029821 0.004000 -0.019862
v -0.032962 0.004000 -0.014047
v -0.029267 0.004000 -0.000869
v -0.029050 0.004000 -0.000779
v -0.034981 0.004000 -0.007755
v -0.029500 0.004000 -0.000900
v -0.030279 0.004000 -0.000450
v -0.030136 0.004000 -0.000636
v -0.035810 0.004000 -0.001199
v -0.029950 0.004000 -0.000779
v -0.029733 0.004000 -0.000869
v -0.035421 0.004000 0.005398
v -0.031500 0.004000 0.004706
v -0.030279 0.004000 0.000450
v -0.030369 0.004000 0.000233
v -0.031413 0.004000 0.005256
v -0.029050 0.004000 0.000779
v -0.029267 0.004000 0.000869
v -0.029500 0.004000 0.000900
v -0.031317 0.004000 0.005805
v -0.031210 0.004000 0.006351
v -0.028864 0.004000 0.000636
v -0.009621 0.004000 0.002578
v -0.028721 0.004000 0.000450
v -0.028631 0.004000 0.000233
v -0.035131 0.004000 0.007042
v -0.033240 0.004000 0.013374
v -0.030219 0.004000 0.019251
v -0.008626 0.004000 0.004980
v -0.018946 0.004000 0.025602
v -0.007043 0.004000 0.007043
v -0.004980 0.004000 0.008626
v -0.026169 0.004000 0.024474
v -0.021230 0.004000 0.028863
v -0.018496 0.004000 0.025929
v -0.018040 0.004000 0.026249
v -0.017578 0.004000 0.026560
v -0.019862 0.004000 0.029821
v -0.018872 0.004000 0.030457
v -0.015422 0.004000 0.027753
v -0.012416 0.004000 0.029222
v -0.009272 0.004000 0.030366
v -0.017862 0.004000 0.031060
v -0.016833 0.004000 0.031630
v -0.007436 0.004000 0.035050
v -0.006282 0.004000 0.035275
v -0.029733 0.004000 0.000869
v -0.029950 0.004000 0.000779
v -0.030136 0.004000 0.000636
v -0.030400 0.004000 0.000000
v -0.030369 0.004000 -0.000233
v -0.028864 0.004000 -0.000636
v -0.028721 0.004000 -0.000450
v -0.028631 0.004000 -0.000233
v -0.009960 0.004000 0.000000
v -0.028600 0.004000 0.000000
v -0.035421 0.004000 0.005398
v -0.035810 0.004000 -0.001199
v -0.035421 0.023000 0.005398
v -0.035810 0.023000 -0.001199
v -0.034981 0.004000 -0.007755
v -0.034981 0.023000 -0.007755
v -0.032962 0.004000 -0.014047
v -0.032962 0.023000 -0.014047
v -0.029821 0.004000 -0.019862
v -0.029821 0.023000 -0.019862
v -0.035131 0.004000 0.007042
v -0.035131 0.023000 0.007042
v -0.033240 0.004000 0.013374
v -0.033240 0.023000 0.013374
v -0.030219 0.004000 0.019251
v -0.030219 0.023000 0.019251
v -0.026169 0.004000 0.024474
v -0.026169 0.023000 0.024474
v -0.021230 0.004000 0.028863
v -0.021230 0.023000 0.028863
v -0.018872 0.004000 0.030457
v -0.019862 0.004000 0.029821
v -0.016833 0.012000 0.031630
v -0.019862 0.023000 0.029821
v -0.016764 0.012785 0.031666
v -0.017672 0.023000 0.031169
v -0.016559 0.013536 0.031774
v -0.016227 0.014227 0.031945
v -0.015780 0.014830 0.032168
v -0.015391 0.023000 0.032356
v -0.015231 0.015327 0.032432
v -0.014603 0.015695 0.032719
v -0.013912 0.015923 0.033019
v -0.013031 0.023000 0.033376
v -0.013190 0.016000 0.033314
v -0.013137 0.016000 0.033335
v -0.013031 0.016000 0.033376
v -0.013084 0.016000 0.033356
v -0.016833 0.004000 0.031630
v -0.017862 0.004000 0.031060
v -0.003954 0.004000 0.035611
v -0.007436 0.012000 0.035050
v -0.003954 0.023000 0.035611
v -0.007512 0.012780 0.035034
v -0.006497 0.023000 0.035236
v -0.007737 0.013532 0.034985
v -0.008099 0.014221 0.034903
v -0.005121 0.004000 0.035462
v -0.006282 0.004000 0.035275
v -0.007436 0.004000 0.035050
v -0.008587 0.014828 0.034786
v -0.009008 0.023000 0.034679
v -0.009174 0.015324 0.034636
v -0.009842 0.015694 0.034452
v -0.010563 0.015922 0.034238
v -0.011471 0.023000 0.033944
v -0.011310 0.016000 0.033998
v -0.011364 0.016000 0.033980
v -0.011418 0.016000 0.033962
v -0.011471 0.016000 0.033944
v 0.029821 0.004000 0.019862
v 0.029821 0.023000 0.019862
v 0.032442 0.004000 0.015209
v 0.033010 0.023000 0.013934
v 0.034342 0.004000 0.010218
v 0.035033 0.023000 0.007515
v 0.035479 0.012000 0.005000
v 0.035490 0.012785 0.004922
v 0.035786 0.015923 0.001780
v 0.035740 0.015695 0.002531
v 0.035820 0.023000 0.000830
v 0.035685 0.015327 0.003220
v 0.035625 0.014830 0.003827
v 0.035568 0.014227 0.004323
v 0.035820 0.016000 0.000830
v 0.035819 0.016000 0.000887
v 0.035818 0.016000 0.000943
v 0.035816 0.016000 0.001000
v 0.035521 0.013536 0.004693
v 0.035479 0.004000 0.005000
v 0.033946 0.004000 -0.011467
v 0.034590 0.004000 -0.009344
v 0.033946 0.023000 -0.011467
v 0.034928 0.023000 -0.007990
v 0.035102 0.004000 -0.007186
v 0.035479 0.012000 -0.005000
v 0.035490 0.012780 -0.004923
v 0.035479 0.004000 -0.005000
v 0.035521 0.013532 -0.004695
v 0.035555 0.023000 -0.004433
v 0.035568 0.014221 -0.004326
v 0.035625 0.014828 -0.003829
v 0.035685 0.015324 -0.003225
v 0.035740 0.015694 -0.002535
v 0.035820 0.023000 -0.000830
v 0.035786 0.015922 -0.001784
v 0.035816 0.016000 -0.001000
v 0.035818 0.016000 -0.000943
v 0.035819 0.016000 -0.000887
v 0.035820 0.016000 -0.000830
v 0.033374 0.004000 -0.013036
v 0.033374 0.023000 -0.013036
v 0.030348 0.004000 -0.019046
v 0.030348 0.023000 -0.019046
v 0.026252 0.004000 -0.024385
v 0.026252 0.023000 -0.024385
v 0.021230 0.004000 -0.028863
v 0.021230 0.023000 -0.028863
v 0.019862 0.004000 -0.029821
v 0.019862 0.023000 -0.029821
v 0.013936 0.004000 -0.033009
v 0.013936 0.023000 -0.033009
v 0.007518 0.004000 -0.035032
v 0.007518 0.023000 -0.035032
v 0.000835 0.004000 -0.035820
v 0.000835 0.023000 -0.035820
v -0.000835 0.004000 -0.035820
v -0.000835 0.023000 -0.035820
v -0.003050 0.004000 -0.035700
v -0.004438 0.023000 -0.035554
v -0.005253 0.004000 -0.035443
v -0.007436 0.012000 -0.035050
v -0.007436 0.004000 -0.035050
v -0.007513 0.012785 -0.035033
v -0.007995 0.023000 -0.034927
v -0.007739 0.013536 -0.034984
v -0.008103 0.014227 -0.034902
v -0.011310 0.016000 -0.033998
v -0.010567 0.015923 -0.034236
v -0.011471 0.023000 -0.033944
v -0.009845 0.015695 -0.034451
v -0.009179 0.015327 -0.034634
v -0.008588 0.014830 -0.034785
v -0.011471 0.016000 -0.033944
v -0.011418 0.016000 -0.033962
v -0.011364 0.016000 -0.033980
v -0.028863 0.004000 -0.021230
v -0.025387 0.004000 -0.025284
v -0.028863 0.023000 -0.021230
v -0.024384 0.023000 -0.026253
v -0.021347 0.004000 -0.028776
v -0.019043 0.023000 -0.030350
v -0.016833 0.004000 -0.031630
v -0.016833 0.012000 -0.031630
v -0.016765 0.012780 -0.031666
v -0.016561 0.013532 -0.031773
v -0.016230 0.014221 -0.031943
v -0.015782 0.014828 -0.032167
v -0.015236 0.015324 -0.032429
v -0.013031 0.023000 -0.033376
v -0.014606 0.015694 -0.032718
v -0.013916 0.015922 -0.033017
v -0.013190 0.016000 -0.033314
v -0.013137 0.016000 -0.033335
v -0.013084 0.016000 -0.033356
v -0.013031 0.016000 -0.033376
v -0.011471 0.016000 0.033944
v -0.011418 0.016000 0.033962
v -0.010075 0.016000 0.030109
v -0.011364 0.016000 0.033980
v -0.010022 0.016000 0.030127
v -0.011310 0.016000 0.033998
v -0.009968 0.016000 0.030145
v -0.009914 0.016000 0.030162
v -0.011741 0.016000 0.029499
v -0.013190 0.016000 0.033314
v -0.011688 0.016000 0.029520
v -0.013137 0.016000 0.033335
v -0.011635 0.016000 0.029541
v -0.013084 0.016000 0.033356
v -0.013031 0.016000 0.033376
v -0.011793 0.016000 0.029478
v 0.035820 0.016000 -0.000830
v 0.035819 0.016000 -0.000887
v 0.031739 0.016000 -0.000830
v 0.035818 0.016000 -0.000943
v 0.031738 0.016000 -0.000887
v 0.035816 0.016000 -0.001000
v 0.031736 0.016000 -0.000943
v 0.031734 0.016000 -0.001000
v 0.031736 0.016000 0.000943
v 0.035816 0.016000 0.001000
v 0.031738 0.016000 0.000887
v 0.035818 0.016000 0.000943
v 0.031739 0.016000 0.000830
v 0.035819 0.016000 0.000887
v 0.035820 0.016000 0.000830
v 0.031734 0.016000 0.001000
v -0.013031 0.016000 -0.033376
v -0.013084 0.016000 -0.033356
v -0.011635 0.016000 -0.029541
v -0.013137 0.016000 -0.033335
v -0.011688 0.016000 -0.029520
v -0.013190 0.016000 -0.033314
v -0.011741 0.016000 -0.029499
v -0.011793 0.016000 -0.029478
v -0.009968 0.016000 -0.030145
v -0.011310 0.016000 -0.033998
v -0.010022 0.016000 -0.030127
v -0.011364 0.016000 -0.033980
v -0.010075 0.016000 -0.030109
v -0.011418 0.016000 -0.033962
v -0.011471 0.016000 -0.033944
v -0.009914 0.016000 -0.030162
v 0.038716 -0.053560 -0.042707
v 0.030689 -0.053530 -0.048146
v 0.024064 -0.065600 -0.038025
v 0.020094 -0.065600 -0.040265
v 0.028486 -0.053529 -0.049454
v 0.019766 -0.053550 -0.053938
v 0.015918 -0.065600 -0.042091
v 0.019557 -0.053551 -0.054033
v 0.007641 -0.059532 -0.051508
v 0.011584 -0.065600 -0.043483
v 0.007139 -0.065600 -0.044430
v 0.002632 -0.065600 -0.044923
v 0.002399 -0.059532 -0.052634
v 0.008281 -0.053613 -0.058364
v 0.002452 -0.053641 -0.060047
v -0.001889 -0.065600 -0.044960
v -0.002898 -0.059532 -0.053358
v 0.001345 -0.053645 -0.060327
v -0.003724 -0.053657 -0.061460
v -0.006375 -0.065600 -0.044546
v -0.008216 -0.059532 -0.053682
v -0.009151 -0.056440 -0.058337
v -0.010563 -0.058268 -0.055661
v -0.013039 -0.060561 -0.051926
v -0.010778 -0.065600 -0.043690
v -0.015196 -0.061917 -0.049315
v -0.016856 -0.062665 -0.047595
v -0.015049 -0.065600 -0.042409
v -0.019732 -0.063479 -0.045070
v -0.018980 -0.065600 -0.040801
v -0.020601 -0.063629 -0.044403
v -0.024250 -0.063892 -0.042002
v -0.022612 -0.065600 -0.038906
v -0.024370 -0.063891 -0.041933
v -0.026060 -0.065600 -0.036686
v -0.028428 -0.063592 -0.039925
v -0.029163 -0.063479 -0.039625
v -0.029415 -0.065600 -0.034055
v -0.033115 -0.062571 -0.038305
v -0.032644 -0.065600 -0.030974
v -0.035110 -0.061917 -0.037818
v -0.038858 -0.060374 -0.037208
v -0.035567 -0.065600 -0.027569
v -0.042543 -0.059532 -0.033659
v -0.044900 -0.059532 -0.028880
v -0.046697 -0.055955 -0.037160
v -0.051441 -0.053657 -0.033727
v -0.050043 -0.053657 -0.037646
v -0.038145 -0.065600 -0.023874
v -0.046897 -0.059532 -0.023920
v -0.053271 -0.053641 -0.027746
v -0.053798 -0.053632 -0.025760
v -0.040348 -0.065600 -0.019925
v -0.048519 -0.059532 -0.018809
v -0.054739 -0.053611 -0.021762
v -0.056200 -0.053565 -0.013319
v -0.042149 -0.065600 -0.015763
v -0.043524 -0.065600 -0.011431
v -0.044456 -0.065600 -0.006974
v -0.056200 -0.053969 -0.009448
v -0.044934 -0.065600 -0.002442
v -0.056200 -0.054360 0.002838
v -0.044950 -0.065600 0.002117
v -0.049824 -0.059532 0.013201
v -0.044505 -0.065600 0.006653
v -0.043606 -0.065600 0.011116
v -0.042261 -0.065600 0.015459
v -0.048620 -0.059532 0.018439
v -0.055893 -0.053576 0.015487
v -0.054827 -0.053609 0.021349
v -0.040491 -0.065600 0.019635
v -0.047026 -0.059532 0.023560
v -0.053797 -0.053632 0.025765
v -0.038315 -0.065600 0.023600
v -0.045054 -0.059532 0.028532
v -0.053386 -0.053639 0.027322
v -0.052042 -0.053654 0.031888
v -0.035762 -0.065600 0.027314
v -0.042723 -0.059532 0.033325
v -0.032863 -0.065600 0.030741
v -0.051586 -0.053656 0.033293
v -0.056200 -0.053565 0.013319
v -0.052044 -0.053654 -0.031883
v -0.042962 -0.058245 -0.036978
v -0.040608 -0.059520 -0.037055
v -0.011781 -0.059515 -0.053703
v -0.010921 -0.058662 -0.055057
v -0.007580 -0.053657 -0.062162
v 0.010660 -0.053599 -0.057573
v 0.015247 -0.053572 -0.055867
v 0.017519 -0.053560 -0.054929
v -0.053623 0.002786 -0.014485
v -0.052801 0.002752 -0.019253
v -0.046643 0.005243 -0.021333
v -0.041225 0.008000 -0.018043
v -0.043619 0.008000 -0.011062
v -0.040222 0.008000 -0.020180
v -0.042547 0.005243 -0.030864
v -0.050543 0.002647 -0.028597
v -0.048305 0.002532 -0.035597
v -0.036928 0.008000 -0.025717
v -0.034943 0.008000 -0.028355
v -0.038741 0.005241 -0.037221
v -0.035407 0.005978 -0.037755
v -0.031206 0.008000 -0.032422
v -0.033551 0.006314 -0.038188
v -0.028030 0.008000 -0.035204
v -0.030334 0.006754 -0.039182
v -0.027894 0.008000 -0.035312
v -0.028522 0.006922 -0.039886
v -0.024323 0.008000 -0.037860
v -0.026072 0.007058 -0.041016
v -0.024250 0.007089 -0.042002
v -0.020493 0.008000 -0.040063
v -0.022263 0.007050 -0.043233
v -0.019805 0.008000 -0.040407
v -0.020286 0.006922 -0.044640
v -0.016466 0.008000 -0.041879
v -0.018554 0.006725 -0.046041
v -0.016293 0.006313 -0.048154
v -0.010655 0.008000 -0.043720
v -0.013409 0.005456 -0.051442
v -0.010316 0.005243 -0.052293
v -0.008010 0.008000 -0.044281
v 0.000011 0.005243 -0.051836
v -0.001006 0.008000 -0.044989
v 0.000826 0.008000 -0.044992
v 0.010211 0.005243 -0.049761
v 0.008691 0.008000 -0.044154
v 0.009590 0.008000 -0.043967
v 0.013414 0.008000 -0.042954
v 0.020002 0.005243 -0.046097
v 0.018747 0.002808 -0.051788
v 0.021699 0.002817 -0.050395
v 0.017963 0.008000 -0.041259
v 0.022301 0.008000 -0.039085
v 0.029108 0.005243 -0.040929
v 0.025651 0.008000 -0.036974
v 0.030183 0.008000 -0.033376
v 0.037277 0.005243 -0.034401
v 0.032376 0.008000 -0.031254
v 0.036654 0.008000 -0.026106
v 0.044292 0.005243 -0.026704
v 0.037829 0.008000 -0.024371
v 0.041409 0.008000 -0.017615
v 0.049982 0.005243 -0.018065
v 0.041861 0.008000 -0.016512
v 0.044228 0.008000 -0.008299
v 0.044273 0.008000 -0.008059
v 0.044850 0.008000 -0.003665
v 0.044994 0.008000 0.000729
v 0.044978 0.008000 0.001403
v 0.044708 0.008000 0.005116
v 0.050074 0.002646 -0.029435
v 0.049995 0.002648 -0.029517
v 0.046558 0.002707 -0.032926
v 0.041212 0.002771 -0.037687
v 0.035456 0.002808 -0.042143
v 0.031674 0.002820 -0.044728
v 0.027362 0.002824 -0.047371
v 0.014288 0.002786 -0.053673
v 0.010969 0.002763 -0.054919
v 0.009744 0.002753 -0.055348
v 0.000514 0.002647 -0.058068
v -0.000649 0.002630 -0.058352
v -0.008430 0.002501 -0.059945
v -0.010947 0.004314 -0.055014
v -0.043263 0.003985 -0.036979
v -0.047699 0.002501 -0.037274
v -0.051721 0.002704 -0.024156
v -0.006425 -0.006867 0.066199
v -0.006425 -0.045519 0.066199
v 0.002566 -0.006561 0.063832
v 0.002764 -0.045880 0.063772
v 0.007516 -0.046046 0.062229
v 0.038432 -0.006072 0.046652
v 0.029997 -0.006000 0.051963
v 0.030005 -0.046458 0.051958
v 0.021206 -0.006072 0.056600
v 0.019025 -0.046350 0.057621
v 0.014381 -0.006211 0.059634
v 0.007355 -0.006408 0.062285
v 0.038409 -0.046388 0.046668
v 0.040457 -0.046349 0.045238
v 0.042516 -0.006158 0.043740
v 0.042480 -0.046302 0.043766
v 0.046428 -0.046185 0.040716
v 0.046496 -0.006274 0.040662
v 0.053914 -0.045877 0.034217
v 0.054042 -0.006562 0.034097
v 0.060543 -0.045519 0.027535
v 0.060543 -0.006867 0.027535
v 0.060543 -0.045519 0.027535
v 0.053914 -0.045877 0.034217
v 0.060358 -0.047755 0.027363
v 0.053366 -0.050181 0.033394
v 0.059740 -0.050098 0.026770
v 0.052588 -0.053650 0.030260
v 0.058802 -0.052072 0.025817
v 0.056880 -0.053658 0.025414
v 0.057624 -0.053657 0.024516
v 0.045980 -0.050241 0.039973
v 0.046428 -0.046185 0.040716
v 0.042064 -0.050261 0.043057
v 0.042480 -0.046302 0.043766
v 0.040052 -0.050268 0.044544
v 0.040457 -0.046349 0.045238
v 0.038014 -0.050274 0.045986
v 0.038409 -0.046388 0.046668
v 0.029624 -0.050285 0.051299
v 0.030005 -0.046458 0.051958
v 0.019025 -0.046350 0.057621
v 0.018626 -0.050268 0.056924
v 0.007516 -0.046046 0.062229
v 0.007085 -0.050215 0.061414
v 0.002764 -0.045880 0.063772
v 0.002323 -0.050182 0.062888
v -0.006482 -0.047754 0.065953
v -0.006686 -0.050099 0.065121
v -0.006425 -0.045519 0.066199
v -0.005741 -0.053658 0.061844
v -0.007043 -0.052071 0.063833
v -0.007580 -0.053657 0.062162
v 0.000483 -0.053648 0.060537
v 0.001442 -0.053645 0.060303
v 0.006111 -0.053624 0.059032
v 0.006176 -0.053624 0.059013
v 0.011989 -0.053591 0.057104
v 0.017658 -0.053560 0.054870
v 0.023077 -0.053537 0.052359
v 0.028607 -0.053529 0.049384
v 0.034354 -0.053539 0.045800
v 0.036844 -0.053550 0.044076
v 0.038825 -0.053560 0.042625
v 0.040771 -0.053573 0.041128
v 0.043959 -0.053595 0.038510
v 0.044539 -0.053599 0.038010
v 0.048541 -0.053627 0.034356
v 0.051577 -0.053645 0.031325
v 0.056130 0.002501 0.022672
v 0.050031 0.002647 0.029479
v 0.056986 0.001885 0.023758
v 0.057808 0.001065 0.024728
v 0.052208 0.000510 0.031792
v 0.048309 0.002679 0.031225
v 0.044937 0.000580 0.038424
v 0.043061 0.002753 0.036112
v 0.039442 0.002785 0.039128
v 0.041064 0.000603 0.041537
v 0.039338 0.002786 0.039211
v 0.035476 0.002808 0.042129
v 0.037067 0.000617 0.044476
v 0.029904 0.002822 0.045851
v 0.028740 0.000628 0.049788
v 0.027344 0.002824 0.047382
v 0.019849 0.002812 0.051281
v 0.020004 0.000617 0.054329
v 0.018769 0.002808 0.051777
v 0.008869 0.002745 0.055643
v 0.006228 0.000550 0.059690
v 0.005235 0.002707 0.056784
v 0.001486 0.000511 0.061094
v 0.000565 0.002648 0.058055
v -0.002863 0.002596 0.058859
v -0.008430 0.002501 0.059945
v -0.007919 0.001886 0.061229
v -0.007491 0.001069 0.062423
v -0.007250 0.000417 0.063157
v -0.006862 -0.001158 0.064464
v 0.002231 -0.002804 0.063167
v -0.006605 -0.002994 0.065440
v -0.006518 -0.004039 0.065802
v -0.006448 -0.005439 0.066099
v 0.002566 -0.006561 0.063832
v 0.007015 -0.002721 0.061656
v 0.007355 -0.006408 0.062285
v 0.014381 -0.006211 0.059634
v -0.006425 -0.006867 0.066199
v 0.020880 -0.002547 0.056044
v 0.021206 -0.006072 0.056600
v 0.029682 -0.002512 0.051420
v 0.029997 -0.006000 0.051963
v 0.038432 -0.006072 0.046652
v 0.038114 -0.002547 0.046092
v 0.042186 -0.002591 0.043165
v 0.046496 -0.006274 0.040662
v 0.046147 -0.002650 0.040069
v 0.054042 -0.006562 0.034097
v 0.053633 -0.002805 0.033474
v 0.060468 -0.005441 0.027466
v 0.060247 -0.004049 0.027258
v 0.060543 -0.006867 0.027535
v 0.059975 -0.002993 0.026999
v 0.059257 -0.001156 0.026288
v 0.058321 0.000417 0.025300
v -0.054117 -0.006867 0.038664
v -0.054020 -0.005441 0.038634
v -0.056200 -0.006610 0.031202
v -0.056200 -0.006217 0.031170
v -0.056200 -0.005836 0.031078
v -0.053730 -0.004049 0.038546
v -0.056200 -0.005123 0.030745
v -0.053370 -0.002993 0.038440
v -0.056200 -0.004495 0.030273
v -0.055813 -0.002804 0.029679
v -0.056200 -0.003944 0.029714
v -0.056200 -0.002763 0.028012
v -0.052395 -0.001156 0.038174
v -0.053645 0.000511 0.029287
v -0.054801 0.000550 0.024478
v -0.056200 -0.001289 0.024674
v -0.056200 0.000595 0.016929
v -0.051071 0.000417 0.037857
v -0.050319 0.001065 0.037699
v -0.050547 0.002647 0.028586
v -0.048967 0.002567 0.033671
v -0.049068 0.001885 0.037472
v -0.047699 0.002501 0.037274
v -0.051774 0.002706 0.023939
v -0.052184 0.002725 0.022184
v -0.054132 0.002805 0.010531
v -0.054224 0.002808 0.009651
v -0.056200 0.001457 0.009811
v -0.056200 0.001846 0.000021
v -0.054706 0.002824 -0.000016
v -0.054700 0.002823 -0.001064
v -0.056200 0.001458 -0.009801
v -0.054221 0.002808 -0.009683
v -0.053883 0.002796 -0.012618
v -0.056200 0.000925 -0.014740
v -0.053623 0.002786 -0.014485
v -0.056200 0.000595 -0.016929
v -0.052801 0.002752 -0.019253
v -0.055746 0.000580 -0.019697
v -0.051721 0.002704 -0.024156
v -0.053638 0.000510 -0.029314
v -0.050543 0.002647 -0.028597
v -0.048305 0.002532 -0.035597
v -0.047699 0.002501 -0.037274
v -0.049066 0.001886 -0.037472
v -0.050314 0.001069 -0.037698
v -0.051071 0.000417 -0.037857
v -0.052396 -0.001158 -0.038175
v -0.055807 -0.002805 -0.029707
v -0.053370 -0.002994 -0.038441
v -0.056200 -0.005142 -0.030756
v -0.053727 -0.004039 -0.038545
v -0.056200 -0.005841 -0.031080
v -0.054020 -0.005439 -0.038634
v -0.056200 -0.006219 -0.031170
v -0.056200 -0.006610 -0.031202
v -0.054117 -0.006867 -0.038664
v -0.056200 -0.004519 -0.030294
v -0.056200 -0.003970 -0.029744
v -0.056200 -0.002766 -0.028017
v -0.056200 -0.001048 -0.023958
v -0.056200 0.000063 -0.019743
v -0.054117 -0.045519 0.038664
v -0.054117 -0.006867 0.038664
v -0.055852 -0.045765 0.032577
v -0.056188 -0.007550 0.031250
v -0.056188 -0.043050 0.031250
v -0.056200 -0.006610 0.031202
v -0.056192 -0.007550 0.031234
v -0.056200 -0.007550 0.031202
v -0.056196 -0.007550 0.031218
v -0.056200 -0.045818 0.031202
v -0.056192 -0.043050 0.031234
v -0.056196 -0.043050 0.031218
v -0.056200 -0.043050 0.031202
v -0.056200 -0.053565 0.013319
v -0.055893 -0.053576 0.015487
v -0.056200 -0.052499 0.019840
v -0.054827 -0.053609 0.021349
v -0.056200 -0.050580 0.026170
v -0.055250 -0.052082 0.026045
v -0.056200 -0.050210 0.026989
v -0.053602 -0.052091 0.032256
v -0.054823 -0.050156 0.032492
v -0.053054 -0.050098 0.038351
v -0.053876 -0.047755 0.038590
v -0.053797 -0.053632 0.025765
v -0.053386 -0.053639 0.027322
v -0.052042 -0.053654 0.031888
v -0.051586 -0.053656 0.033293
v -0.050043 -0.053657 0.037646
v -0.051759 -0.052072 0.038015
v -0.054117 -0.045519 0.038664
v -0.055852 -0.045765 0.032577
v -0.055587 -0.047990 0.032599
v -0.056200 -0.048047 0.030172
v -0.056200 -0.049271 0.028678
v -0.056200 -0.045818 0.031202
v -0.056200 -0.046442 0.031121
v -0.056200 -0.047028 0.030900
v -0.056200 -0.047564 0.030572
v -0.006425 -0.045519 -0.066199
v 0.002676 -0.045877 -0.063800
v -0.006482 -0.047755 -0.065953
v 0.002237 -0.050181 -0.062913
v -0.006686 -0.050098 -0.065122
v -0.003724 -0.053657 -0.061460
v -0.007043 -0.052072 -0.063832
v -0.007580 -0.053657 -0.062162
v 0.011628 -0.050241 -0.059806
v 0.012047 -0.046185 -0.060566
v 0.016256 -0.050261 -0.057957
v 0.016662 -0.046302 -0.058672
v 0.018550 -0.050268 -0.056958
v 0.018948 -0.046349 -0.057656
v 0.020818 -0.050274 -0.055914
v 0.021211 -0.046388 -0.056597
v 0.029614 -0.050285 -0.051305
v 0.029995 -0.046458 -0.051965
v 0.040389 -0.046350 -0.045287
v 0.039985 -0.050268 -0.044592
v 0.050134 -0.046046 -0.037624
v 0.049643 -0.050215 -0.036843
v 0.053847 -0.045880 -0.034280
v 0.053301 -0.050182 -0.033456
v 0.060358 -0.047754 -0.027363
v 0.059740 -0.050099 -0.026770
v 0.060543 -0.045519 -0.027535
v 0.053139 -0.053652 -0.029668
v 0.058803 -0.052071 -0.025818
v 0.057235 -0.053658 -0.024987
v 0.057624 -0.053657 -0.024516
v 0.051511 -0.053645 -0.031392
v 0.048798 -0.053629 -0.034108
v 0.048032 -0.053624 -0.034842
v 0.039617 -0.053565 -0.042025
v 0.038716 -0.053560 -0.042707
v 0.030689 -0.053530 -0.048146
v 0.028486 -0.053529 -0.049454
v 0.019766 -0.053550 -0.053938
v 0.019557 -0.053551 -0.054033
v 0.017519 -0.053560 -0.054929
v 0.015247 -0.053572 -0.055867
v 0.010660 -0.053599 -0.057573
v 0.008281 -0.053613 -0.058364
v 0.002452 -0.053641 -0.060047
v 0.001345 -0.053645 -0.060327
v -0.008430 0.002501 -0.059945
v -0.000649 0.002630 -0.058352
v -0.007918 0.001885 -0.061230
v -0.007489 0.001065 -0.062427
v 0.000514 0.002647 -0.058068
v 0.001428 0.000510 -0.061109
v -0.007250 0.000417 -0.063157
v 0.009744 0.002753 -0.055348
v 0.010808 0.000580 -0.058129
v 0.002173 -0.002805 -0.063184
v 0.011627 -0.002650 -0.060000
v 0.002508 -0.006562 -0.063850
v 0.011966 -0.006274 -0.060598
v 0.010969 0.002763 -0.054919
v 0.015440 0.000603 -0.056331
v 0.016289 -0.002591 -0.058116
v 0.016622 -0.006158 -0.058689
v 0.014288 0.002786 -0.053673
v 0.018747 0.002808 -0.051788
v 0.019984 0.000617 -0.054339
v 0.021699 0.002817 -0.050395
v 0.028748 0.000628 -0.049784
v 0.027362 0.002824 -0.047371
v 0.031674 0.002820 -0.044728
v 0.037049 0.000617 -0.044488
v 0.035456 0.002808 -0.042143
v 0.041212 0.002771 -0.037687
v 0.048579 0.000550 -0.035239
v 0.046558 0.002707 -0.032926
v 0.049995 0.002648 -0.029517
v 0.052166 0.000511 -0.031834
v 0.050074 0.002646 -0.029435
v 0.057805 0.001069 -0.024724
v 0.056985 0.001886 -0.023757
v 0.056130 0.002501 -0.022672
v 0.058320 0.000417 -0.025300
v 0.059258 -0.001158 -0.026289
v 0.053589 -0.002804 -0.033515
v 0.059976 -0.002994 -0.027000
v 0.060245 -0.004039 -0.027257
v 0.060468 -0.005439 -0.027465
v 0.053997 -0.006561 -0.034138
v 0.049889 -0.002721 -0.036903
v 0.050263 -0.006408 -0.037512
v 0.044454 -0.006211 -0.042272
v 0.060543 -0.006867 -0.027535
v 0.038096 -0.002547 -0.046105
v 0.038414 -0.006072 -0.046665
v 0.029690 -0.002512 -0.051415
v 0.030003 -0.006000 -0.051960
v 0.021186 -0.006072 -0.056609
v 0.020860 -0.002547 -0.056054
v -0.006425 -0.006867 -0.066199
v -0.006448 -0.005441 -0.066100
v -0.006517 -0.004049 -0.065805
v -0.006606 -0.002993 -0.065440
v -0.006862 -0.001156 -0.064463
v 0.060543 -0.006867 -0.027535
v 0.060543 -0.045519 -0.027535
v 0.053997 -0.006561 -0.034138
v 0.053847 -0.045880 -0.034280
v 0.050134 -0.046046 -0.037624
v 0.021186 -0.006072 -0.056609
v 0.030003 -0.006000 -0.051960
v 0.029995 -0.046458 -0.051965
v 0.038414 -0.006072 -0.046665
v 0.040389 -0.046350 -0.045287
v 0.044454 -0.006211 -0.042272
v 0.050263 -0.006408 -0.037512
v 0.021211 -0.046388 -0.056597
v 0.018948 -0.046349 -0.057656
v 0.016662 -0.046302 -0.058672
v 0.012047 -0.046185 -0.060566
v 0.011966 -0.006274 -0.060598
v 0.002676 -0.045877 -0.063800
v 0.002508 -0.006562 -0.063850
v -0.006425 -0.045519 -0.066199
v -0.006425 -0.006867 -0.066199
v -0.042903 -0.053547 0.052925
v -0.042252 -0.053501 0.053965
v -0.039477 -0.053389 0.057343
v -0.038491 -0.053368 0.058264
v -0.035050 -0.053340 0.060729
v -0.033626 -0.053344 0.061481
v -0.023949 -0.058649 0.053739
v -0.029903 -0.053389 0.062865
v -0.028076 -0.053429 0.063275
v -0.019301 -0.058649 0.054694
v -0.022412 -0.053590 0.063629
v -0.021330 -0.053579 0.063634
v -0.014620 -0.058649 0.055026
v -0.015635 -0.053626 0.063212
v -0.016999 -0.053616 0.063336
v -0.024383 -0.053547 0.063618
v -0.015963 0.002354 0.061010
v -0.020597 0.002258 0.061444
v -0.020817 0.002256 0.061453
v -0.024060 0.003822 0.055510
v -0.024001 0.004108 0.054435
v -0.024096 0.004377 0.053366
v -0.027753 0.005267 0.048063
v -0.026400 0.005205 0.049060
v -0.025311 0.005024 0.050323
v -0.024533 0.004741 0.051782
v -0.028633 0.005245 0.047629
v -0.032865 0.004682 0.047185
v -0.031500 0.004937 0.047060
v -0.030526 0.005078 0.047123
v -0.029567 0.005181 0.047313
v -0.034173 0.004376 0.047552
v -0.035144 0.004107 0.048004
v -0.036044 0.003822 0.048593
v -0.044854 0.002354 0.044331
v -0.042914 0.002258 0.048559
v -0.042812 0.002256 0.048754
v -0.036845 0.003531 0.049298
v -0.038845 0.002431 0.053043
v -0.038550 0.002685 0.052000
v -0.041162 0.002153 0.051865
v -0.038112 0.002955 0.051020
v -0.037539 0.003240 0.050112
v -0.038987 0.002201 0.054115
v -0.039352 0.002037 0.054608
v -0.038984 0.002023 0.055055
v -0.024271 0.003531 0.056556
v -0.024630 0.003239 0.057568
v -0.025128 0.002956 0.058515
v -0.024335 0.002153 0.061580
v -0.025757 0.002685 0.059384
v -0.026513 0.002432 0.060161
v -0.027369 0.002202 0.060819
v -0.027616 0.002037 0.061383
v -0.028187 0.002023 0.061288
v -0.023072 -0.044754 0.068830
v -0.014542 -0.045177 0.067758
v -0.023072 -0.007467 0.068830
v -0.014558 -0.007144 0.067761
v -0.015635 -0.053626 0.063212
v -0.007580 -0.053657 0.062162
v -0.015284 -0.052059 0.065090
v -0.007043 -0.052071 0.063833
v -0.014954 -0.050001 0.066565
v -0.006686 -0.050099 0.065121
v -0.014700 -0.047629 0.067474
v -0.006482 -0.047754 0.065953
v -0.006425 -0.045519 0.066199
v -0.014542 -0.045177 0.067758
v -0.023204 -0.046072 0.068754
v -0.023349 -0.047367 0.068503
v -0.023512 -0.048663 0.068064
v -0.023684 -0.049884 0.067450
v -0.023861 -0.051008 0.066674
v -0.024041 -0.052013 0.065749
v -0.021330 -0.053579 0.063634
v -0.022412 -0.053590 0.063629
v -0.024214 -0.052851 0.064735
v -0.016999 -0.053616 0.063336
v -0.006425 -0.006867 0.066199
v -0.006448 -0.005439 0.066099
v -0.014558 -0.007144 0.067761
v -0.014737 -0.004136 0.067320
v -0.023180 -0.005894 0.068714
v -0.023308 -0.004361 0.068353
v -0.006518 -0.004039 0.065802
v -0.006605 -0.002994 0.065440
v -0.015064 -0.001279 0.065914
v -0.006862 -0.001158 0.064464
v -0.007250 0.000417 0.063157
v -0.015500 0.000978 0.063686
v -0.007491 0.001069 0.062423
v -0.007919 0.001886 0.061229
v -0.008430 0.002501 0.059945
v -0.015963 0.002354 0.061010
v -0.020597 0.002258 0.061444
v -0.023992 0.000848 0.064428
v -0.020817 0.002256 0.061453
v -0.024166 0.001614 0.063056
v -0.023809 -0.000186 0.065724
v -0.023630 -0.001422 0.066830
v -0.023462 -0.002827 0.067715
v -0.023072 -0.007467 0.068830
v 0.058803 -0.052071 -0.025818
v 0.060531 -0.053644 -0.020826
v 0.064012 -0.052059 -0.019309
v 0.062560 -0.053626 -0.018066
v 0.064886 -0.053594 -0.014694
v 0.065124 -0.050001 -0.020332
v 0.059740 -0.050099 -0.026770
v 0.065784 -0.047629 -0.021006
v 0.060358 -0.047754 -0.027363
v 0.060543 -0.045519 -0.027535
v 0.065951 -0.045177 -0.021286
v 0.071144 -0.046072 -0.014282
v 0.071000 -0.047367 -0.014031
v 0.071145 -0.044754 -0.014434
v 0.070701 -0.048663 -0.013670
v 0.070256 -0.049884 -0.013214
v 0.069672 -0.051008 -0.012672
v 0.068961 -0.052013 -0.012054
v 0.065774 -0.053579 -0.013344
v 0.068169 -0.052851 -0.011398
v 0.067286 -0.053547 -0.010693
v 0.060543 -0.006867 -0.027535
v 0.060468 -0.005439 -0.027465
v 0.065962 -0.007144 -0.021273
v 0.065669 -0.004136 -0.020897
v 0.071098 -0.005894 -0.014283
v 0.070850 -0.004361 -0.013991
v 0.060245 -0.004039 -0.027257
v 0.059976 -0.002994 -0.027000
v 0.064615 -0.001279 -0.019911
v 0.059258 -0.001158 -0.026289
v 0.058320 0.000417 -0.025300
v 0.062904 0.000978 -0.018419
v 0.057805 0.001069 -0.024724
v 0.056985 0.001886 -0.023757
v 0.056130 0.002501 -0.022672
v 0.060818 0.002354 -0.016680
v 0.061786 0.002321 -0.015349
v 0.067792 0.000848 -0.011436
v 0.063511 0.002258 -0.012885
v 0.064600 0.002217 -0.011156
v 0.066691 0.001614 -0.010600
v 0.068823 -0.000186 -0.012243
v 0.069692 -0.001422 -0.012951
v 0.070374 -0.002827 -0.013539
v 0.071145 -0.007467 -0.014434
v 0.071145 -0.044754 -0.014434
v 0.065951 -0.045177 -0.021286
v 0.071145 -0.007467 -0.014434
v 0.065962 -0.007144 -0.021273
v 0.060531 -0.053644 0.020826
v 0.055999 -0.058668 0.012743
v 0.062549 -0.053626 0.018082
v 0.064886 -0.053594 0.014695
v 0.068625 -0.053444 0.007883
v 0.067286 -0.053547 0.010693
v 0.069399 -0.053389 0.005517
v 0.070118 -0.053340 -0.000000
v 0.070118 -0.053340 -0.000010
v 0.069394 -0.053389 -0.005536
v 0.068624 -0.053444 -0.007888
v 0.055999 -0.058668 -0.012743
v 0.065774 -0.053579 -0.013344
v 0.060531 -0.053644 -0.020826
v 0.062560 -0.053626 -0.018066
v 0.064886 -0.053594 -0.014694
v 0.065774 -0.053579 0.013344
v -0.056200 -0.045818 -0.031202
v -0.055852 -0.045765 -0.032577
v -0.056200 -0.046439 -0.031122
v -0.055587 -0.047990 -0.032599
v -0.056200 -0.047028 -0.030900
v -0.056200 -0.047563 -0.030574
v -0.054117 -0.045519 -0.038664
v -0.053876 -0.047754 -0.038590
v -0.054823 -0.050156 -0.032492
v -0.053054 -0.050099 -0.038351
v -0.053602 -0.052091 -0.032256
v -0.051760 -0.052071 -0.038016
v -0.051441 -0.053657 -0.033727
v -0.050043 -0.053657 -0.037646
v -0.052044 -0.053654 -0.031883
v -0.053271 -0.053641 -0.027746
v -0.055250 -0.052082 -0.026045
v -0.053798 -0.053632 -0.025760
v -0.054739 -0.053611 -0.021762
v -0.056200 -0.053565 -0.013319
v -0.056200 -0.052496 -0.019847
v -0.056200 -0.050580 -0.026171
v -0.056200 -0.050209 -0.026993
v -0.056200 -0.049272 -0.028676
v -0.056200 -0.048048 -0.030172
v -0.054117 -0.045519 -0.038664
v -0.055852 -0.045765 -0.032577
v -0.054117 -0.006867 -0.038664
v -0.056188 -0.007550 -0.031250
v -0.056200 -0.006610 -0.031202
v -0.056192 -0.007550 -0.031234
v -0.056196 -0.007550 -0.031218
v -0.056188 -0.043050 -0.031250
v -0.056200 -0.045818 -0.031202
v -0.056192 -0.043050 -0.031234
v -0.056196 -0.043050 -0.031218
v -0.056200 -0.043050 -0.031202
v -0.056200 -0.007550 -0.031202
v -0.044854 0.002354 0.044331
v -0.047699 0.002501 0.037274
v -0.047398 0.000978 0.045280
v -0.049068 0.001885 0.037472
v -0.050319 0.001065 0.037699
v -0.051071 0.000417 0.037857
v -0.049546 -0.001279 0.046017
v -0.045015 -0.000186 0.053481
v -0.046062 -0.001422 0.053880
v -0.052395 -0.001156 0.038174
v -0.053370 -0.002993 0.038440
v -0.050927 -0.004136 0.046437
v -0.053730 -0.004049 0.038546
v -0.054020 -0.005441 0.038634
v -0.054117 -0.006867 0.038664
v -0.051402 -0.007144 0.046493
v -0.047918 -0.005894 0.054432
v -0.047541 -0.004361 0.054362
v -0.046912 -0.002827 0.054176
v -0.043800 0.000848 0.052992
v -0.042914 0.002258 0.048559
v -0.042812 0.002256 0.048754
v -0.042525 0.001614 0.052456
v 0.060812 0.002354 0.016689
v -0.044859 0.002354 -0.044321
v -0.042914 0.002258 -0.048559
v -0.042813 0.002256 -0.048752
v -0.041162 0.002153 -0.051865
v -0.034126 0.001947 -0.059107
v -0.034136 0.001947 -0.059102
v -0.036248 0.001959 -0.057678
v -0.038152 0.001996 -0.055970
v -0.039348 0.002037 -0.054612
v -0.031830 0.001959 -0.060229
v -0.029416 0.001995 -0.061021
v -0.027621 0.002037 -0.061382
v -0.024335 0.002153 -0.061580
v -0.020813 0.002256 -0.061453
v -0.020597 0.002258 -0.061444
v -0.015953 0.002354 -0.061009
v -0.048072 -0.044754 -0.054396
v -0.051409 -0.045177 -0.046475
v -0.048072 -0.007467 -0.054396
v -0.051402 -0.007144 -0.046493
v -0.054117 -0.045519 -0.038664
v -0.051402 -0.007144 0.046493
v -0.051409 -0.045177 0.046473
v -0.054117 -0.045519 0.038664
v -0.056200 -0.043050 0.031202
v -0.054750 -0.043050 0.031250
v -0.056200 -0.043050 -0.031202
v -0.054750 -0.043050 -0.031250
v -0.056196 -0.043050 -0.031218
v -0.056192 -0.043050 -0.031234
v -0.056196 -0.043050 0.031218
v -0.056192 -0.043050 0.031234
v -0.056188 -0.043050 0.031250
v -0.056188 -0.043050 -0.031250
v -0.056196 -0.007550 0.031218
v -0.056200 -0.007550 0.031202
v -0.054750 -0.007550 0.031250
v -0.056200 -0.007550 -0.031202
v -0.054750 -0.007550 -0.031250
v -0.056196 -0.007550 -0.031218
v -0.056192 -0.007550 -0.031234
v -0.056188 -0.007550 -0.031250
v -0.056188 -0.007550 0.031250
v -0.056192 -0.007550 0.031234
v -0.023072 -0.007467 -0.068830
v -0.023072 -0.044754 -0.068830
v -0.025366 -0.007544 -0.068935
v -0.025366 -0.044637 -0.068935
v -0.030746 -0.007669 -0.068349
v -0.030742 -0.044447 -0.068351
v -0.033209 -0.007703 -0.067673
v -0.034407 -0.044376 -0.067243
v -0.037885 -0.007730 -0.065575
v -0.037885 -0.044353 -0.065575
v -0.041043 -0.044377 -0.063409
v -0.042017 -0.007703 -0.062583
v -0.043847 -0.044448 -0.060772
v -0.045471 -0.007618 -0.058794
v -0.043923 -0.044451 -0.060687
v -0.046234 -0.044573 -0.057702
v -0.048072 -0.044754 -0.054396
v -0.014547 -0.007143 -0.067759
v -0.014524 -0.045178 -0.067755
v 0.071145 -0.007467 0.014434
v 0.071145 -0.044754 0.014434
v 0.073121 -0.007587 0.011123
v 0.073120 -0.044571 0.011127
v 0.074564 -0.044447 0.007552
v 0.075732 -0.044353 -0.000021
v 0.075732 -0.007730 -0.000022
v 0.075438 -0.044376 0.003824
v 0.075211 -0.007703 0.005077
v 0.074566 -0.007669 0.007548
v 0.075436 -0.044377 -0.003839
v 0.075207 -0.007703 -0.005096
v 0.074553 -0.044448 -0.007587
v 0.074518 -0.044451 -0.007695
v 0.073653 -0.007618 -0.009982
v 0.073088 -0.044573 -0.011189
v 0.065955 -0.007143 0.021281
v 0.065940 -0.045178 0.021300
v -0.056188 -0.007550 0.031250
v -0.054750 -0.007550 0.031250
v -0.056188 -0.043050 0.031250
v -0.054750 -0.043050 0.031250
v -0.054750 -0.043050 -0.031250
v -0.054750 -0.007550 -0.031250
v -0.056188 -0.043050 -0.031250
v -0.056188 -0.007550 -0.031250
v -0.054750 -0.007550 0.031250
v -0.054750 -0.007550 -0.031250
v -0.054750 -0.043050 0.031250
v -0.054750 -0.043050 -0.031250
v -0.056200 -0.005836 0.031078
v -0.056200 -0.005123 0.030745
v -0.056200 -0.006610 0.031202
v -0.056200 -0.004495 0.030273
v -0.056200 -0.007550 0.031202
v -0.056200 -0.003944 0.029714
v -0.056200 -0.002763 0.028012
v -0.056200 -0.006217 0.031170
v -0.056200 -0.001289 0.024674
v -0.056200 0.000595 0.016929
v -0.056200 0.001457 0.009811
v -0.056200 0.001846 0.000021
v -0.056200 -0.007550 -0.031202
v -0.056200 0.001458 -0.009801
v -0.056200 0.000925 -0.014740
v -0.056200 0.000595 -0.016929
v -0.056200 0.000063 -0.019743
v -0.056200 -0.001048 -0.023958
v -0.056200 -0.002766 -0.028017
v -0.056200 -0.003970 -0.029744
v -0.056200 -0.004519 -0.030294
v -0.056200 -0.006610 -0.031202
v -0.056200 -0.005142 -0.030756
v -0.056200 -0.005841 -0.031080
v -0.056200 -0.006219 -0.031170
v -0.056200 -0.052496 -0.019847
v -0.056200 -0.053565 -0.013319
v -0.056200 -0.043050 -0.031202
v -0.056200 -0.053969 -0.009448
v -0.056200 -0.054360 0.002838
v -0.056200 -0.043050 0.031202
v -0.056200 -0.053565 0.013319
v -0.056200 -0.052499 0.019840
v -0.056200 -0.050580 0.026170
v -0.056200 -0.050210 0.026989
v -0.056200 -0.049271 0.028678
v -0.056200 -0.045818 0.031202
v -0.056200 -0.048047 0.030172
v -0.056200 -0.047564 0.030572
v -0.056200 -0.047028 0.030900
v -0.056200 -0.046442 0.031121
v -0.056200 -0.047563 -0.030574
v -0.056200 -0.048048 -0.030172
v -0.056200 -0.045818 -0.031202
v -0.056200 -0.049272 -0.028676
v -0.056200 -0.050209 -0.026993
v -0.056200 -0.050580 -0.026171
v -0.056200 -0.046439 -0.031122
v -0.056200 -0.047028 -0.030900
v -0.011471 0.023000 -0.033944
v -0.007995 0.023000 -0.034927
v -0.007901 0.023000 -0.037170
v -0.004438 0.023000 -0.035554
v 0.000000 0.023000 -0.038000
v -0.000835 0.023000 -0.035820
v 0.000835 0.023000 -0.035820
v 0.000278 0.023000 -0.035125
v 0.000835 0.023000 -0.035116
v -0.015456 0.023000 -0.034715
v -0.013031 0.023000 -0.033376
v -0.011796 0.023000 -0.033218
v -0.012316 0.023000 -0.033029
v -0.019043 0.023000 -0.030350
v -0.022336 0.023000 -0.030743
v -0.024384 0.023000 -0.026253
v -0.028240 0.023000 -0.025427
v -0.028863 0.023000 -0.021230
v -0.032909 0.023000 -0.019000
v -0.029821 0.023000 -0.019862
v -0.032962 0.023000 -0.014047
v -0.036140 0.023000 -0.011743
v -0.034981 0.023000 -0.007755
v -0.037792 0.023000 -0.003972
v -0.035810 0.023000 -0.001199
v -0.037792 0.023000 0.003972
v -0.035421 0.023000 0.005398
v -0.035131 0.023000 0.007042
v -0.036140 0.023000 0.011743
v -0.033240 0.023000 0.013374
v -0.032909 0.023000 0.019000
v -0.030219 0.023000 0.019251
v -0.028240 0.023000 0.025427
v -0.026169 0.023000 0.024474
v -0.022336 0.023000 0.030743
v -0.021230 0.023000 0.028863
v -0.019862 0.023000 0.029821
v -0.019919 0.023000 0.028932
v -0.019458 0.023000 0.029244
v -0.017672 0.023000 0.031169
v -0.015456 0.023000 0.034715
v -0.015391 0.023000 0.032356
v -0.013031 0.023000 0.033376
v -0.011471 0.023000 0.033944
v -0.007901 0.023000 0.037170
v -0.009008 0.023000 0.034679
v -0.006497 0.023000 0.035236
v -0.003954 0.023000 0.035611
v 0.000000 0.023000 0.038000
v -0.002290 0.023000 0.035757
v -0.001527 0.023000 0.035797
v 0.006393 0.023000 0.034665
v 0.005848 0.023000 0.034761
v 0.007038 0.023000 0.035132
v 0.005403 0.023000 0.035420
v 0.007901 0.023000 0.037170
v 0.003609 0.023000 0.035648
v 0.001807 0.023000 0.035784
v 0.000000 0.023000 0.035830
v 0.013371 0.023000 0.033242
v 0.015456 0.023000 0.034715
v 0.019249 0.023000 0.030220
v 0.022336 0.023000 0.030743
v 0.024473 0.023000 0.026170
v 0.028240 0.023000 0.025427
v 0.028863 0.023000 0.021230
v 0.032909 0.023000 0.019000
v 0.029821 0.023000 0.019862
v 0.033010 0.023000 0.013934
v 0.036140 0.023000 0.011743
v 0.035033 0.023000 0.007515
v 0.037792 0.023000 0.003972
v 0.035820 0.023000 0.000830
v 0.035820 0.023000 -0.000830
v 0.037792 0.023000 -0.003972
v 0.035555 0.023000 -0.004433
v 0.034928 0.023000 -0.007990
v 0.036140 0.023000 -0.011743
v 0.033946 0.023000 -0.011467
v 0.033374 0.023000 -0.013036
v 0.032909 0.023000 -0.019000
v 0.030348 0.023000 -0.019046
v 0.028240 0.023000 -0.025427
v 0.026252 0.023000 -0.024385
v 0.022336 0.023000 -0.030743
v 0.021230 0.023000 -0.028863
v 0.019862 0.023000 -0.029821
v 0.019919 0.023000 -0.028932
v 0.019458 0.023000 -0.029244
v 0.015456 0.023000 -0.034715
v 0.013936 0.023000 -0.033009
v 0.007901 0.023000 -0.037170
v 0.007518 0.023000 -0.035032
v 0.006937 0.023000 0.034561
v 0.005302 0.023000 0.034849
v -0.000764 0.023000 0.035822
v -0.002229 0.023000 0.035055
v -0.002784 0.023000 0.035015
v -0.003339 0.023000 0.034967
v -0.003892 0.023000 0.034909
v -0.011273 0.023000 0.033399
v -0.011796 0.023000 0.033218
v -0.012316 0.023000 0.033029
v -0.012833 0.023000 0.032831
v -0.020375 0.023000 0.028613
v -0.020826 0.023000 0.028286
v -0.034437 0.023000 0.006920
v -0.034543 0.023000 0.006373
v -0.034639 0.023000 0.005825
v -0.034727 0.023000 0.005275
v -0.029244 0.023000 -0.019458
v -0.028932 0.023000 -0.019919
v -0.028613 0.023000 -0.020375
v -0.028286 0.023000 -0.020826
v -0.012833 0.023000 -0.032831
v -0.011273 0.023000 -0.033399
v -0.000835 0.023000 -0.035116
v -0.000278 0.023000 -0.035125
v 0.020375 0.023000 -0.028613
v 0.020826 0.023000 -0.028286
v 0.032712 0.023000 -0.012795
v 0.032911 0.023000 -0.012275
v 0.033102 0.023000 -0.011752
v 0.033284 0.023000 -0.011226
v 0.035240 0.023000 -0.000830
v 0.035249 0.023000 -0.000277
v 0.035249 0.023000 0.000277
v 0.035240 0.023000 0.000830
v 0.029244 0.023000 0.019458
v 0.028932 0.023000 0.019919
v 0.028613 0.023000 0.020375
v 0.028286 0.023000 0.020826
v -0.000251 0.017539 0.037999
v -0.007901 0.023000 0.037170
v -0.007378 0.017539 0.037277
v -0.011298 0.017539 0.036282
v -0.011325 0.017539 0.036273
v -0.015456 0.023000 0.034715
v -0.015186 0.017539 0.034834
v -0.018868 0.017539 0.032985
v -0.022336 0.023000 0.030743
v -0.022318 0.017539 0.030756
v -0.025507 0.017539 0.028168
v -0.028240 0.023000 0.025427
v -0.028409 0.017539 0.025237
v -0.030977 0.017539 0.022009
v -0.032909 0.023000 0.019000
v -0.033176 0.017539 0.018531
v -0.034985 0.017539 0.014835
v -0.036140 0.023000 0.011743
v -0.036382 0.017539 0.010971
v -0.037354 0.017539 0.006979
v -0.037792 0.023000 0.003972
v -0.037890 0.017539 0.002886
v -0.037980 0.017539 -0.001241
v -0.037792 0.023000 -0.003972
v -0.037623 0.017539 -0.005337
v -0.036827 0.017539 -0.009370
v -0.036140 0.023000 -0.011743
v -0.035599 0.017539 -0.013294
v -0.032909 0.023000 -0.019000
v -0.033954 0.017539 -0.017063
v -0.031903 0.017539 -0.020645
v -0.028240 0.023000 -0.025427
v -0.029475 0.017539 -0.023984
v -0.026713 0.017539 -0.027026
v -0.022336 0.023000 -0.030743
v -0.023639 0.017539 -0.029752
v -0.020282 0.017539 -0.032135
v -0.015456 0.023000 -0.034715
v -0.016687 0.017539 -0.034140
v -0.012892 0.017539 -0.035746
v -0.007901 0.023000 -0.037170
v -0.008946 0.017539 -0.036932
v -0.004923 0.017539 -0.037680
v -0.000842 0.017539 -0.037991
v 0.012988 0.008574 -0.041590
v 0.017963 0.008000 -0.041259
v 0.012593 0.009361 -0.040326
v 0.020936 0.009361 -0.036693
v 0.012221 0.010398 -0.039136
v 0.019792 0.011623 -0.034688
v 0.011905 0.011623 -0.038122
v 0.011651 0.013004 -0.037311
v 0.019066 0.014504 -0.033415
v 0.011468 0.014504 -0.036723
v 0.011363 0.016003 -0.036386
v 0.015160 0.017539 -0.034845
v 0.018817 0.017539 -0.033014
v 0.022282 0.017539 -0.030782
v 0.025805 0.014504 -0.028534
v 0.025485 0.017539 -0.028187
v 0.028385 0.017539 -0.025264
v 0.031336 0.014504 -0.022319
v 0.030953 0.017539 -0.022044
v 0.033151 0.017539 -0.018575
v 0.035402 0.014504 -0.015059
v 0.034962 0.017539 -0.014889
v 0.036370 0.017539 -0.011011
v 0.037812 0.014504 -0.007096
v 0.037349 0.017539 -0.007003
v 0.037887 0.017539 -0.002925
v 0.038365 0.014849 0.000540
v 0.038355 0.014896 -0.000149
v 0.037981 0.017539 0.001186
v 0.038380 0.014778 -0.000831
v 0.038444 0.014504 -0.001463
v 0.038505 0.014278 -0.001795
v 0.038587 0.014010 -0.002091
v 0.036841 0.017539 0.009312
v 0.037296 0.014504 0.009439
v 0.037631 0.017539 0.005280
v 0.038444 0.014504 0.001463
v 0.038411 0.014641 0.001198
v 0.035614 0.017539 0.013252
v 0.034395 0.014504 0.017236
v 0.035706 0.011623 0.017893
v 0.031024 0.011623 0.025150
v 0.032817 0.009361 0.026603
v 0.026332 0.009361 0.033036
v 0.031478 0.008000 0.032158
v 0.028048 0.008000 0.035189
v 0.033967 0.017539 0.017036
v 0.031929 0.017539 0.020604
v 0.029885 0.014504 0.024227
v 0.029518 0.017539 0.023931
v 0.026760 0.017539 0.026980
v 0.023979 0.014504 0.030085
v 0.023689 0.017539 0.029713
v 0.020328 0.017539 0.032105
v 0.016952 0.014504 0.034536
v 0.016728 0.017539 0.034120
v 0.012949 0.017539 0.035726
v 0.009132 0.014504 0.037372
v 0.009019 0.017539 0.036914
v 0.004974 0.017539 0.037673
v 0.000886 0.014504 0.038462
v 0.000870 0.017539 0.037990
v -0.000000 0.017539 0.038000
v -0.007401 0.014504 0.037754
v -0.000251 0.017539 0.037999
v -0.007378 0.017539 0.037277
v -0.011334 0.016004 0.036395
v -0.011439 0.014504 0.036732
v -0.011068 0.013771 0.037123
v -0.010824 0.013201 0.037457
v -0.011463 0.014259 0.036810
v -0.010742 0.012598 0.037810
v -0.007683 0.011623 0.039192
v 0.000920 0.011623 0.039927
v 0.000973 0.009361 0.042235
v 0.009480 0.011623 0.038796
v 0.010028 0.009361 0.041039
v 0.018615 0.009361 0.037924
v 0.016489 0.008000 0.041870
v 0.019828 0.008000 0.040396
v -0.010808 0.012000 0.038174
v -0.010922 0.011622 0.038416
v -0.011168 0.011115 0.038759
v -0.008127 0.009361 0.041457
v -0.011499 0.010649 0.039097
v -0.011899 0.010232 0.039417
v -0.012366 0.009864 0.039709
v -0.012561 0.009361 0.040335
v -0.012955 0.008574 0.041600
v -0.009971 0.008000 0.043882
v -0.008657 0.008000 0.044160
v -0.001099 0.008000 0.044987
v 0.001036 0.008000 0.044988
v 0.007864 0.008000 0.044308
v 0.010682 0.008000 0.043715
v 0.024458 0.008000 0.037773
v 0.024893 0.011623 0.031231
v 0.034957 0.008000 0.028338
v 0.037215 0.008000 0.025300
v 0.037769 0.009361 0.018927
v 0.040231 0.008000 0.020161
v 0.041501 0.008000 0.017397
v 0.040955 0.009361 0.010365
v 0.043625 0.008000 0.011040
v 0.044102 0.008000 0.008947
v 0.044708 0.008000 0.005116
v 0.042226 0.009361 0.001318
v 0.041597 0.009822 0.001915
v 0.042147 0.009416 0.001317
v 0.044978 0.008000 0.001403
v 0.042388 0.009255 0.000936
v 0.042227 0.009362 0.001204
v 0.042518 0.009173 0.000644
v 0.044994 0.008000 0.000729
v 0.042605 0.009119 0.000329
v 0.042636 0.009100 0.000000
v 0.042227 0.009362 -0.001204
v 0.042389 0.009255 -0.000936
v 0.044850 0.008000 -0.003665
v 0.042519 0.009172 -0.000644
v 0.042605 0.009119 -0.000328
v 0.041521 0.009361 -0.007791
v 0.044273 0.008000 -0.008059
v 0.044228 0.008000 -0.008299
v 0.041861 0.008000 -0.016512
v 0.038876 0.009361 -0.016537
v 0.036751 0.011623 -0.015633
v 0.034411 0.009361 -0.024508
v 0.032530 0.011623 -0.023169
v 0.028336 0.009361 -0.031333
v 0.026788 0.011623 -0.029621
v 0.041409 0.008000 -0.017615
v 0.037829 0.008000 -0.024371
v 0.036654 0.008000 -0.026106
v 0.032376 0.008000 -0.031254
v 0.030183 0.008000 -0.033376
v 0.025651 0.008000 -0.036974
v 0.022301 0.008000 -0.039085
v 0.039839 0.011616 0.002875
v 0.039568 0.012000 0.002900
v 0.038717 0.011623 0.009798
v 0.039152 0.012692 0.002816
v 0.038974 0.013043 0.002706
v 0.038821 0.013383 0.002549
v 0.038692 0.013708 0.002344
v 0.038587 0.014010 0.002090
v 0.038505 0.014277 0.001796
v 0.038692 0.013710 -0.002343
v 0.038821 0.013384 -0.002548
v 0.038975 0.013041 -0.002707
v 0.039152 0.012693 -0.002816
v 0.039253 0.011623 -0.007366
v 0.039568 0.012000 -0.002900
v 0.039840 0.011615 -0.002874
v 0.040429 0.010905 -0.002685
v 0.041051 0.010285 -0.002338
v 0.041667 0.009767 -0.001850
v 0.041001 0.010330 0.002371
v 0.040404 0.010932 0.002696
v 0.017598 0.011623 0.035852
v 0.035717 0.012567 -0.002844
v 0.039152 0.012693 -0.002816
v 0.038975 0.013041 -0.002707
v 0.035730 0.013110 -0.002679
v 0.038821 0.013384 -0.002548
v 0.035749 0.013612 -0.002411
v 0.038692 0.013710 -0.002343
v 0.038587 0.014010 -0.002091
v 0.035771 0.014051 -0.002050
v 0.038505 0.014278 -0.001795
v 0.035794 0.014411 -0.001611
v 0.038444 0.014504 -0.001463
v 0.035813 0.014680 -0.001109
v 0.038380 0.014778 -0.000831
v 0.035826 0.014844 -0.000566
v 0.038355 0.014896 -0.000149
v 0.035830 0.014900 0.000001
v 0.038365 0.014849 0.000540
v 0.035826 0.014844 0.000566
v 0.035813 0.014679 0.001110
v 0.038411 0.014641 0.001198
v 0.038444 0.014504 0.001463
v 0.035794 0.014411 0.001612
v 0.038505 0.014277 0.001796
v 0.035771 0.014051 0.002050
v 0.038587 0.014010 0.002090
v 0.038692 0.013708 0.002344
v 0.035749 0.013611 0.002412
v 0.038821 0.013383 0.002549
v 0.035730 0.013111 0.002679
v 0.038974 0.013043 0.002706
v 0.035717 0.012566 0.002844
v 0.039152 0.012692 0.002816
v -0.014888 0.012567 -0.032590
v -0.016037 0.012693 -0.035828
v -0.015874 0.013041 -0.035699
v -0.014738 0.013110 -0.032659
v -0.015672 0.013384 -0.035608
v -0.014492 0.013612 -0.032768
v -0.015434 0.013710 -0.035557
v -0.015162 0.014010 -0.035545
v -0.014161 0.014051 -0.032913
v -0.014856 0.014278 -0.035569
v -0.013756 0.014411 -0.033084
v -0.014523 0.014504 -0.035625
v -0.013291 0.014680 -0.033274
v -0.014187 0.014675 -0.035704
v -0.013839 0.014799 -0.035801
v -0.012785 0.014844 -0.033471
v -0.013480 0.014874 -0.035915
v -0.012254 0.014900 -0.033670
v -0.013118 0.014900 -0.036042
v -0.012761 0.014875 -0.036177
v -0.011721 0.014844 -0.033858
v -0.012411 0.014799 -0.036321
v -0.011205 0.014679 -0.034033
v -0.012081 0.014675 -0.036470
v -0.011774 0.014504 -0.036626
v -0.010727 0.014411 -0.034186
v -0.011482 0.014277 -0.036797
v -0.010308 0.014051 -0.034315
v -0.011233 0.014010 -0.036975
v -0.011031 0.013708 -0.037160
v -0.009961 0.013611 -0.034418
v -0.010882 0.013383 -0.037351
v -0.009703 0.013111 -0.034491
v -0.010787 0.013043 -0.037549
v -0.010744 0.012692 -0.037754
v -0.009543 0.012566 -0.034536
v -0.009543 0.012567 0.034536
v -0.010742 0.012598 0.037810
v -0.009703 0.013110 0.034491
v -0.010824 0.013201 0.037457
v -0.009962 0.013612 0.034417
v -0.011068 0.013771 0.037123
v -0.010308 0.014051 0.034315
v -0.011463 0.014259 0.036810
v -0.010728 0.014411 0.034186
v -0.011487 0.014282 0.036794
v -0.011773 0.014503 0.036626
v -0.011207 0.014680 0.034032
v -0.012081 0.014675 0.036470
v -0.012412 0.014799 0.036321
v -0.011721 0.014844 0.033859
v -0.012760 0.014875 0.036177
v -0.012256 0.014900 0.033669
v -0.013119 0.014900 0.036041
v -0.013479 0.014875 0.035915
v -0.012785 0.014844 0.033472
v -0.013839 0.014799 0.035801
v -0.013292 0.014679 0.033273
v -0.014188 0.014675 0.035703
v -0.014523 0.014504 0.035625
v -0.013757 0.014411 0.033084
v -0.014858 0.014277 0.035569
v -0.014161 0.014051 0.032913
v -0.015162 0.014010 0.035545
v -0.015436 0.013707 0.035557
v -0.014493 0.013611 0.032768
v -0.015673 0.013383 0.035608
v -0.014738 0.013111 0.032659
v -0.015873 0.013042 0.035698
v -0.016037 0.012692 0.035828
v -0.014889 0.012566 0.032590
v -0.014939 0.012000 0.032567
v 0.024064 -0.065600 -0.038025
v 0.030379 -0.065600 -0.033198
v 0.018402 -0.065600 -0.020771
v 0.033523 -0.065600 -0.030020
v 0.022838 -0.065600 -0.015764
v 0.036332 -0.065600 -0.026552
v 0.038812 -0.065600 -0.022774
v 0.025947 -0.065600 -0.009840
v 0.040894 -0.065600 -0.018779
v 0.042561 -0.065600 -0.014613
v 0.043800 -0.065600 -0.010321
v 0.027548 -0.065600 -0.003345
v 0.044595 -0.065600 -0.006024
v 0.044960 -0.065600 -0.001899
v 0.027548 -0.065600 0.003345
v 0.044948 -0.065600 0.002174
v 0.044556 -0.065600 0.006307
v 0.043731 -0.065600 0.010613
v 0.025947 -0.065600 0.009840
v 0.042462 -0.065600 0.014898
v 0.040767 -0.065600 0.019054
v 0.022838 -0.065600 0.015764
v 0.038657 -0.065600 0.023035
v 0.036151 -0.065600 0.026797
v 0.033272 -0.065600 0.030298
v 0.018402 -0.065600 0.020771
v 0.030049 -0.065600 0.033497
v 0.026515 -0.065600 0.036358
v 0.012896 -0.065600 0.024571
v 0.022708 -0.065600 0.038850
v 0.018669 -0.065600 0.040945
v 0.014441 -0.065600 0.042620
v 0.006641 -0.065600 0.026944
v 0.010071 -0.065600 0.043858
v 0.005607 -0.065600 0.044649
v 0.000000 -0.065600 0.027750
v 0.001098 -0.065600 0.044987
v -0.003408 -0.065600 0.044871
v -0.006641 -0.065600 0.026944
v -0.007863 -0.065600 0.044308
v -0.012221 -0.065600 0.043309
v -0.016397 -0.065600 0.041907
v -0.012896 -0.065600 0.024571
v -0.020205 -0.065600 0.040209
v -0.023759 -0.065600 0.038217
v -0.027160 -0.065600 0.035879
v -0.018402 -0.065600 0.020771
v -0.029799 -0.065600 0.033720
v -0.032863 -0.065600 0.030741
v -0.022838 -0.065600 0.015764
v -0.035762 -0.065600 0.027314
v -0.038315 -0.065600 0.023600
v -0.040491 -0.065600 0.019635
v -0.025947 -0.065600 0.009840
v -0.042261 -0.065600 0.015459
v -0.043606 -0.065600 0.011116
v -0.027548 -0.065600 0.003345
v -0.044505 -0.065600 0.006653
v -0.044950 -0.065600 0.002117
v -0.027548 -0.065600 -0.003345
v -0.044934 -0.065600 -0.002442
v -0.044456 -0.065600 -0.006974
v -0.043524 -0.065600 -0.011431
v -0.025947 -0.065600 -0.009840
v -0.042149 -0.065600 -0.015763
v -0.040348 -0.065600 -0.019925
v -0.022838 -0.065600 -0.015764
v -0.038145 -0.065600 -0.023874
v -0.035567 -0.065600 -0.027569
v -0.032644 -0.065600 -0.030974
v -0.018402 -0.065600 -0.020771
v -0.029415 -0.065600 -0.034055
v -0.026060 -0.065600 -0.036686
v -0.012896 -0.065600 -0.024571
v -0.022612 -0.065600 -0.038906
v -0.018980 -0.065600 -0.040801
v -0.015049 -0.065600 -0.042409
v -0.006641 -0.065600 -0.026944
v -0.010778 -0.065600 -0.043690
v -0.006375 -0.065600 -0.044546
v 0.000000 -0.065600 -0.027750
v -0.001889 -0.065600 -0.044960
v 0.002632 -0.065600 -0.044923
v 0.007139 -0.065600 -0.044430
v 0.006641 -0.065600 -0.026944
v 0.011584 -0.065600 -0.043483
v 0.015918 -0.065600 -0.042091
v 0.012896 -0.065600 -0.024571
v 0.020094 -0.065600 -0.040265
v -0.012229 -0.053644 -0.062834
v -0.016963 -0.058668 -0.054868
v -0.027485 -0.053444 -0.063372
v -0.024383 -0.053547 -0.063618
v -0.029922 -0.053389 -0.062859
v -0.035059 -0.053340 -0.060724
v -0.035068 -0.053340 -0.060719
v -0.039491 -0.053389 -0.057329
v -0.039035 -0.058668 -0.042125
v -0.041143 -0.053444 -0.055486
v -0.048302 -0.053644 -0.042008
v -0.046933 -0.053626 -0.045130
v -0.045169 -0.053594 -0.048846
v -0.044443 -0.053579 -0.050290
v -0.042903 -0.053547 -0.052925
v -0.021330 -0.053579 -0.063634
v -0.019717 -0.053594 -0.063540
v -0.015615 -0.053626 -0.063210
v 0.006641 -0.065600 0.026944
v 0.006641 -0.059800 0.026944
v 0.012896 -0.065600 0.024571
v 0.012896 -0.059800 0.024571
v 0.018402 -0.065600 0.020771
v 0.018402 -0.059800 0.020771
v 0.022838 -0.065600 0.015764
v 0.022838 -0.059800 0.015764
v 0.025947 -0.065600 0.009840
v 0.025947 -0.059800 0.009840
v 0.027548 -0.065600 0.003345
v 0.027548 -0.059800 0.003345
v 0.027548 -0.065600 -0.003345
v 0.027548 -0.059800 -0.003345
v 0.025947 -0.065600 -0.009840
v 0.025947 -0.059800 -0.009840
v 0.022838 -0.065600 -0.015764
v 0.022838 -0.059800 -0.015764
v 0.018402 -0.065600 -0.020771
v 0.018402 -0.059800 -0.020771
v 0.012896 -0.065600 -0.024571
v 0.012896 -0.059800 -0.024571
v 0.006641 -0.065600 -0.026944
v 0.006641 -0.059800 -0.026944
v 0.001594 -0.059800 -0.023427
v 0.001429 -0.059800 -0.023825
v 0.006641 -0.059800 -0.026944
v 0.001167 -0.059800 -0.024167
v 0.000000 -0.059800 -0.027750
v 0.000825 -0.059800 -0.024429
v 0.000427 -0.059800 -0.024594
v 0.001167 -0.059800 -0.021833
v 0.001429 -0.059800 -0.022175
v 0.012896 -0.059800 -0.024571
v 0.001594 -0.059800 -0.022573
v 0.001650 -0.059800 -0.023000
v 0.003450 -0.059800 -0.005976
v 0.018402 -0.059800 -0.020771
v 0.004879 -0.059800 -0.004879
v 0.022838 -0.059800 -0.015764
v 0.005976 -0.059800 -0.003450
v 0.021833 -0.059800 -0.001167
v 0.021571 -0.059800 -0.000825
v 0.022175 -0.059800 -0.001429
v 0.025947 -0.059800 -0.009840
v 0.022573 -0.059800 -0.001594
v 0.023000 -0.059800 -0.001650
v 0.023427 -0.059800 -0.001594
v 0.027548 -0.059800 -0.003345
v 0.023825 -0.059800 -0.001429
v 0.024167 -0.059800 -0.001167
v 0.024429 -0.059800 0.000825
v 0.024594 -0.059800 0.000427
v 0.027548 -0.059800 0.003345
v 0.024650 -0.059800 0.000000
v 0.024594 -0.059800 -0.000427
v 0.024429 -0.059800 -0.000825
v 0.022573 -0.059800 0.001594
v 0.023000 -0.059800 0.001650
v 0.025947 -0.059800 0.009840
v 0.023427 -0.059800 0.001594
v 0.023825 -0.059800 0.001429
v 0.024167 -0.059800 0.001167
v 0.016426 -0.059800 0.015323
v 0.016336 -0.059800 0.015106
v 0.022838 -0.059800 0.015764
v 0.016193 -0.059800 0.014920
v 0.016006 -0.059800 0.014777
v 0.022175 -0.059800 0.001429
v 0.015789 -0.059800 0.014687
v 0.021833 -0.059800 0.001167
v 0.015556 -0.059800 0.014656
v 0.021571 -0.059800 0.000825
v 0.006665 -0.059800 0.001786
v 0.021406 -0.059800 0.000427
v 0.006900 -0.059800 0.000000
v 0.021350 -0.059800 0.000000
v 0.021406 -0.059800 -0.000427
v 0.016006 -0.059800 0.016336
v 0.016193 -0.059800 0.016193
v 0.018402 -0.059800 0.020771
v 0.016336 -0.059800 0.016006
v 0.016426 -0.059800 0.015789
v 0.016456 -0.059800 0.015556
v 0.014920 -0.059800 0.016193
v 0.015106 -0.059800 0.016336
v 0.012896 -0.059800 0.024571
v 0.015323 -0.059800 0.016426
v 0.015556 -0.059800 0.016456
v 0.015789 -0.059800 0.016426
v 0.001594 -0.059800 0.023427
v 0.001650 -0.059800 0.023000
v 0.006641 -0.059800 0.026944
v 0.001594 -0.059800 0.022573
v 0.001429 -0.059800 0.022175
v 0.014777 -0.059800 0.016006
v 0.014687 -0.059800 0.015789
v 0.000427 -0.059800 0.024594
v 0.000825 -0.059800 0.024429
v 0.000000 -0.059800 0.027750
v 0.001167 -0.059800 0.024167
v 0.001429 -0.059800 0.023825
v -0.001594 -0.059800 0.023427
v -0.001429 -0.059800 0.023825
v -0.006641 -0.059800 0.026944
v -0.001167 -0.059800 0.024167
v -0.000825 -0.059800 0.024429
v -0.000427 -0.059800 0.024594
v -0.001167 -0.059800 0.021833
v -0.001429 -0.059800 0.022175
v -0.012896 -0.059800 0.024571
v -0.001594 -0.059800 0.022573
v -0.001650 -0.059800 0.023000
v -0.003450 -0.059800 0.005976
v -0.018402 -0.059800 0.020771
v -0.004879 -0.059800 0.004879
v -0.022838 -0.059800 0.015764
v -0.005976 -0.059800 0.003450
v -0.021833 -0.059800 0.001167
v -0.021571 -0.059800 0.000825
v -0.022175 -0.059800 0.001429
v -0.025947 -0.059800 0.009840
v -0.022573 -0.059800 0.001594
v -0.023000 -0.059800 0.001650
v -0.023427 -0.059800 0.001594
v -0.027548 -0.059800 0.003345
v -0.023825 -0.059800 0.001429
v -0.024167 -0.059800 0.001167
v -0.024429 -0.059800 -0.000825
v -0.024594 -0.059800 -0.000427
v -0.027548 -0.059800 -0.003345
v -0.024650 -0.059800 0.000000
v -0.024594 -0.059800 0.000427
v -0.024429 -0.059800 0.000825
v -0.022573 -0.059800 -0.001594
v -0.023000 -0.059800 -0.001650
v -0.025947 -0.059800 -0.009840
v -0.023427 -0.059800 -0.001594
v -0.023825 -0.059800 -0.001429
v -0.024167 -0.059800 -0.001167
v -0.022175 -0.059800 -0.001429
v -0.022838 -0.059800 -0.015764
v -0.021833 -0.059800 -0.001167
v -0.005976 -0.059800 -0.003450
v -0.021571 -0.059800 -0.000825
v -0.006665 -0.059800 -0.001786
v -0.021406 -0.059800 -0.000427
v -0.006900 -0.059800 0.000000
v -0.021350 -0.059800 0.000000
v -0.021406 -0.059800 0.000427
v -0.004879 -0.059800 -0.004879
v -0.018402 -0.059800 -0.020771
v -0.003450 -0.059800 -0.005976
v -0.012896 -0.059800 -0.024571
v -0.001167 -0.059800 -0.021833
v -0.001429 -0.059800 -0.022175
v -0.001594 -0.059800 -0.022573
v -0.006641 -0.059800 -0.026944
v -0.001650 -0.059800 -0.023000
v -0.001594 -0.059800 -0.023427
v -0.000427 -0.059800 -0.024594
v -0.000825 -0.059800 -0.024429
v -0.001167 -0.059800 -0.024167
v -0.001429 -0.059800 -0.023825
v 0.005976 -0.059800 0.003450
v 0.015323 -0.059800 0.014687
v 0.015106 -0.059800 0.014777
v 0.004879 -0.059800 0.004879
v 0.014920 -0.059800 0.014920
v 0.014777 -0.059800 0.015106
v 0.003450 -0.059800 0.005976
v 0.014687 -0.059800 0.015323
v 0.014656 -0.059800 0.015556
v 0.001167 -0.059800 0.021833
v 0.000825 -0.059800 0.021571
v 0.001786 -0.059800 0.006665
v 0.000427 -0.059800 0.021406
v 0.000000 -0.059800 0.006900
v 0.000000 -0.059800 0.021350
v -0.000427 -0.059800 0.021406
v 0.006665 -0.059800 -0.001786
v 0.000825 -0.059800 -0.021571
v 0.001786 -0.059800 -0.006665
v 0.000427 -0.059800 -0.021406
v 0.000000 -0.059800 -0.006900
v 0.000000 -0.059800 -0.021350
v -0.000427 -0.059800 -0.021406
v -0.001786 -0.059800 -0.006665
v -0.000825 -0.059800 -0.021571
v -0.006665 -0.059800 0.001786
v -0.000825 -0.059800 0.021571
v -0.001786 -0.059800 0.006665
v 0.000000 -0.059800 0.024650
v 0.000000 -0.059800 -0.024650
v 0.023427 -0.059800 0.001594
v 0.023427 -0.048800 0.001594
v 0.023825 -0.048800 0.001429
v 0.023825 -0.059800 0.001429
v 0.024167 -0.048800 0.001167
v 0.024167 -0.059800 0.001167
v 0.024429 -0.059800 0.000825
v 0.024429 -0.048800 0.000825
v 0.024594 -0.048800 0.000427
v 0.024594 -0.059800 0.000427
v 0.024650 -0.048800 0.000000
v 0.024650 -0.059800 0.000000
v 0.024594 -0.059800 -0.000427
v 0.024594 -0.048800 -0.000427
v 0.024429 -0.048800 -0.000825
v 0.024429 -0.059800 -0.000825
v 0.024167 -0.048800 -0.001167
v 0.024167 -0.059800 -0.001167
v 0.023825 -0.048800 -0.001429
v 0.023825 -0.059800 -0.001429
v 0.023427 -0.059800 -0.001594
v 0.023427 -0.048800 -0.001594
v 0.024594 -0.048800 -0.000427
v 0.024594 -0.048800 0.000427
v 0.024429 -0.048800 -0.000825
v 0.024429 -0.048800 0.000825
v 0.024167 -0.048800 -0.001167
v 0.024167 -0.048800 0.001167
v 0.023825 -0.048800 -0.001429
v 0.023825 -0.048800 0.001429
v 0.023427 -0.048800 -0.001594
v 0.023427 -0.048800 0.001594
v 0.023000 -0.048800 -0.001650
v 0.023000 -0.048800 0.001650
v 0.022573 -0.048800 -0.001594
v 0.022573 -0.048800 0.001594
v 0.022175 -0.048800 -0.001429
v 0.022175 -0.048800 0.001429
v 0.021833 -0.048800 -0.001167
v 0.021833 -0.048800 0.001167
v 0.021571 -0.048800 -0.000825
v 0.021571 -0.048800 0.000825
v 0.021406 -0.048800 -0.000427
v 0.021406 -0.048800 0.000427
v 0.021350 -0.048800 0.000000
v 0.024650 -0.048800 0.000000
v 0.000427 -0.059800 -0.021406
v 0.000427 -0.048800 -0.021406
v 0.000825 -0.048800 -0.021571
v 0.000825 -0.059800 -0.021571
v 0.001167 -0.048800 -0.021833
v 0.001167 -0.059800 -0.021833
v 0.001429 -0.059800 -0.022175
v 0.001429 -0.048800 -0.022175
v 0.001594 -0.048800 -0.022573
v 0.001594 -0.059800 -0.022573
v 0.001650 -0.048800 -0.023000
v 0.001650 -0.059800 -0.023000
v 0.001594 -0.059800 -0.023427
v 0.001594 -0.048800 -0.023427
v 0.001429 -0.048800 -0.023825
v 0.001429 -0.059800 -0.023825
v 0.001167 -0.048800 -0.024167
v 0.001167 -0.059800 -0.024167
v 0.000825 -0.048800 -0.024429
v 0.000825 -0.059800 -0.024429
v 0.000427 -0.059800 -0.024594
v 0.000427 -0.048800 -0.024594
v 0.001594 -0.048800 -0.023427
v 0.001594 -0.048800 -0.022573
v 0.001429 -0.048800 -0.023825
v 0.001429 -0.048800 -0.022175
v 0.001167 -0.048800 -0.024167
v 0.001167 -0.048800 -0.021833
v 0.000825 -0.048800 -0.024429
v 0.000825 -0.048800 -0.021571
v 0.000427 -0.048800 -0.024594
v 0.000427 -0.048800 -0.021406
v 0.000000 -0.048800 -0.024650
v 0.000000 -0.048800 -0.021350
v -0.000427 -0.048800 -0.024594
v -0.000427 -0.048800 -0.021406
v -0.000825 -0.048800 -0.024429
v -0.000825 -0.048800 -0.021571
v -0.001167 -0.048800 -0.024167
v -0.001167 -0.048800 -0.021833
v -0.001429 -0.048800 -0.023825
v -0.001429 -0.048800 -0.022175
v -0.001594 -0.048800 -0.023427
v -0.001594 -0.048800 -0.022573
v -0.001650 -0.048800 -0.023000
v 0.001650 -0.048800 -0.023000
v -0.022573 -0.059800 0.001594
v -0.022573 -0.048800 0.001594
v -0.022175 -0.048800 0.001429
v -0.022175 -0.059800 0.001429
v -0.021833 -0.048800 0.001167
v -0.021833 -0.059800 0.001167
v -0.021571 -0.059800 0.000825
v -0.021571 -0.048800 0.000825
v -0.021406 -0.048800 0.000427
v -0.021406 -0.059800 0.000427
v -0.021350 -0.048800 0.000000
v -0.021350 -0.059800 0.000000
v -0.021406 -0.059800 -0.000427
v -0.021406 -0.048800 -0.000427
v -0.021571 -0.048800 -0.000825
v -0.021571 -0.059800 -0.000825
v -0.021833 -0.048800 -0.001167
v -0.021833 -0.059800 -0.001167
v -0.022175 -0.048800 -0.001429
v -0.022175 -0.059800 -0.001429
v -0.022573 -0.059800 -0.001594
v -0.022573 -0.048800 -0.001594
v -0.021406 -0.048800 -0.000427
v -0.021406 -0.048800 0.000427
v -0.021571 -0.048800 -0.000825
v -0.021571 -0.048800 0.000825
v -0.021833 -0.048800 -0.001167
v -0.021833 -0.048800 0.001167
v -0.022175 -0.048800 -0.001429
v -0.022175 -0.048800 0.001429
v -0.022573 -0.048800 -0.001594
v -0.022573 -0.048800 0.001594
v -0.023000 -0.048800 -0.001650
v -0.023000 -0.048800 0.001650
v -0.023427 -0.048800 -0.001594
v -0.023427 -0.048800 0.001594
v -0.023825 -0.048800 -0.001429
v -0.023825 -0.048800 0.001429
v -0.024167 -0.048800 -0.001167
v -0.024167 -0.048800 0.001167
v -0.024429 -0.048800 -0.000825
v -0.024429 -0.048800 0.000825
v -0.024594 -0.048800 -0.000427
v -0.024594 -0.048800 0.000427
v -0.024650 -0.048800 0.000000
v -0.021350 -0.048800 0.000000
v 0.000427 -0.059800 0.024594
v 0.000427 -0.048800 0.024594
v 0.000825 -0.048800 0.024429
v 0.000825 -0.059800 0.024429
v 0.001167 -0.048800 0.024167
v 0.001167 -0.059800 0.024167
v 0.001429 -0.059800 0.023825
v 0.001429 -0.048800 0.023825
v 0.001594 -0.048800 0.023427
v 0.001594 -0.059800 0.023427
v 0.001650 -0.048800 0.023000
v 0.001650 -0.059800 0.023000
v 0.001594 -0.059800 0.022573
v 0.001594 -0.048800 0.022573
v 0.001429 -0.048800 0.022175
v 0.001429 -0.059800 0.022175
v 0.001167 -0.048800 0.021833
v 0.001167 -0.059800 0.021833
v 0.000825 -0.048800 0.021571
v 0.000825 -0.059800 0.021571
v 0.000427 -0.059800 0.021406
v 0.000427 -0.048800 0.021406
v 0.001594 -0.048800 0.022573
v 0.001594 -0.048800 0.023427
v 0.001429 -0.048800 0.022175
v 0.001429 -0.048800 0.023825
v 0.001167 -0.048800 0.021833
v 0.001167 -0.048800 0.024167
v 0.000825 -0.048800 0.021571
v 0.000825 -0.048800 0.024429
v 0.000427 -0.048800 0.021406
v 0.000427 -0.048800 0.024594
v 0.000000 -0.048800 0.021350
v 0.000000 -0.048800 0.024650
v -0.000427 -0.048800 0.021406
v -0.000427 -0.048800 0.024594
v -0.000825 -0.048800 0.021571
v -0.000825 -0.048800 0.024429
v -0.001167 -0.048800 0.021833
v -0.001167 -0.048800 0.024167
v -0.001429 -0.048800 0.022175
v -0.001429 -0.048800 0.023825
v -0.001594 -0.048800 0.022573
v -0.001594 -0.048800 0.023427
v -0.001650 -0.048800 0.023000
v 0.001650 -0.048800 0.023000
v 0.006900 -0.057800 0.000000
v 0.005000 -0.057800 0.000000
v 0.006665 -0.057800 -0.001786
v 0.004830 -0.057800 -0.001294
v 0.005976 -0.057800 -0.003450
v 0.004330 -0.057800 -0.002500
v 0.004879 -0.057800 -0.004879
v 0.003536 -0.057800 -0.003536
v 0.003450 -0.057800 -0.005976
v 0.002500 -0.057800 -0.004330
v 0.001786 -0.057800 -0.006665
v 0.001294 -0.057800 -0.004830
v 0.000000 -0.057800 -0.006900
v 0.000000 -0.057800 -0.005000
v -0.001786 -0.057800 -0.006665
v -0.001294 -0.057800 -0.004830
v -0.002500 -0.057800 -0.004330
v 0.006665 -0.057800 0.001786
v 0.004830 -0.057800 0.001294
v 0.005976 -0.057800 0.003450
v 0.004330 -0.057800 0.002500
v 0.004879 -0.057800 0.004879
v 0.003536 -0.057800 0.003536
v 0.003450 -0.057800 0.005976
v 0.002500 -0.057800 0.004330
v 0.001786 -0.057800 0.006665
v 0.001294 -0.057800 0.004830
v 0.000000 -0.057800 0.006900
v 0.000000 -0.057800 0.005000
v -0.001294 -0.057800 0.004830
v -0.001786 -0.057800 0.006665
v -0.002500 -0.057800 0.004330
v -0.003450 -0.057800 0.005976
v -0.003536 -0.057800 0.003536
v -0.004879 -0.057800 0.004879
v -0.004330 -0.057800 0.002500
v -0.005976 -0.057800 0.003450
v -0.004830 -0.057800 0.001294
v -0.006665 -0.057800 0.001786
v -0.005000 -0.057800 0.000000
v -0.006900 -0.057800 0.000000
v -0.006665 -0.057800 -0.001786
v -0.004830 -0.057800 -0.001294
v -0.005976 -0.057800 -0.003450
v -0.004330 -0.057800 -0.002500
v -0.004879 -0.057800 -0.004879
v -0.003536 -0.057800 -0.003536
v -0.003450 -0.057800 -0.005976
v 0.001786 -0.059800 0.006665
v 0.001786 -0.057800 0.006665
v 0.003450 -0.057800 0.005976
v 0.003450 -0.059800 0.005976
v 0.004879 -0.057800 0.004879
v 0.004879 -0.059800 0.004879
v 0.005976 -0.059800 0.003450
v 0.005976 -0.057800 0.003450
v 0.006665 -0.057800 0.001786
v 0.006665 -0.059800 0.001786
v 0.006900 -0.057800 0.000000
v 0.006900 -0.059800 0.000000
v 0.006665 -0.059800 -0.001786
v 0.006665 -0.057800 -0.001786
v 0.005976 -0.057800 -0.003450
v 0.005976 -0.059800 -0.003450
v 0.004879 -0.057800 -0.004879
v 0.004879 -0.059800 -0.004879
v 0.003450 -0.057800 -0.005976
v 0.003450 -0.059800 -0.005976
v 0.001786 -0.059800 -0.006665
v 0.001786 -0.057800 -0.006665
v 0.004830 -0.048800 -0.001294
v 0.004830 -0.048800 0.001294
v 0.004330 -0.048800 -0.002500
v 0.004330 -0.048800 0.002500
v 0.003536 -0.048800 -0.003536
v 0.003536 -0.048800 0.003536
v 0.002500 -0.048800 -0.004330
v 0.002500 -0.048800 0.004330
v 0.001294 -0.048800 -0.004830
v 0.001294 -0.048800 0.004830
v 0.000000 -0.048800 -0.005000
v 0.000000 -0.048800 0.005000
v -0.001294 -0.048800 -0.004830
v -0.001294 -0.048800 0.004830
v -0.002500 -0.048800 -0.004330
v -0.002500 -0.048800 0.004330
v -0.003536 -0.048800 -0.003536
v -0.003536 -0.048800 0.003536
v -0.004330 -0.048800 -0.002500
v -0.004330 -0.048800 0.002500
v -0.004830 -0.048800 -0.001294
v -0.004830 -0.048800 0.001294
v -0.005000 -0.048800 0.000000
v 0.005000 -0.048800 0.000000
v 0.001294 -0.057800 0.004830
v 0.001294 -0.048800 0.004830
v 0.002500 -0.048800 0.004330
v 0.002500 -0.057800 0.004330
v 0.003536 -0.048800 0.003536
v 0.003536 -0.057800 0.003536
v 0.004330 -0.057800 0.002500
v 0.004330 -0.048800 0.002500
v 0.004830 -0.048800 0.001294
v 0.004830 -0.057800 0.001294
v 0.005000 -0.048800 0.000000
v 0.005000 -0.057800 0.000000
v 0.004830 -0.057800 -0.001294
v 0.004830 -0.048800 -0.001294
v 0.004330 -0.048800 -0.002500
v 0.004330 -0.057800 -0.002500
v 0.003536 -0.048800 -0.003536
v 0.003536 -0.057800 -0.003536
v 0.002500 -0.048800 -0.004330
v 0.002500 -0.057800 -0.004330
v 0.001294 -0.057800 -0.004830
v 0.001294 -0.048800 -0.004830
v -0.030511 0.001570 0.061994
v -0.029559 0.001000 0.061804
v -0.029537 0.001754 0.061798
v -0.028187 0.002023 0.061288
v -0.027750 0.001000 0.061055
v -0.027369 0.002202 0.060819
v -0.026197 0.001000 0.059863
v -0.026513 0.002432 0.060161
v -0.025757 0.002685 0.059384
v -0.025005 0.001000 0.058310
v -0.025128 0.002956 0.058515
v -0.024630 0.003239 0.057568
v -0.024256 0.001000 0.056501
v -0.024271 0.003531 0.056556
v -0.024060 0.003822 0.055510
v -0.024000 0.001000 0.054560
v -0.024001 0.004108 0.054435
v -0.024096 0.004377 0.053366
v -0.024256 0.001000 0.052618
v -0.024533 0.004741 0.051782
v -0.025005 0.001000 0.050810
v -0.025311 0.005024 0.050323
v -0.026197 0.001000 0.049256
v -0.026400 0.005205 0.049060
v -0.027750 0.001000 0.048064
v -0.027753 0.005267 0.048063
v -0.028633 0.005245 0.047629
v -0.029559 0.001000 0.047315
v -0.029567 0.005181 0.047313
v -0.030526 0.005078 0.047123
v -0.031500 0.001000 0.047060
v -0.033441 0.001000 0.047315
v -0.029559 0.001000 0.047315
v -0.027750 0.001000 0.048064
v -0.035250 0.001000 0.048064
v -0.026197 0.001000 0.049256
v -0.036803 0.001000 0.049256
v -0.025005 0.001000 0.050810
v -0.037995 0.001000 0.050810
v -0.024256 0.001000 0.052618
v -0.038744 0.001000 0.052618
v -0.024000 0.001000 0.054560
v -0.039000 0.001000 0.054560
v -0.024256 0.001000 0.056501
v -0.038744 0.001000 0.056501
v -0.025005 0.001000 0.058310
v -0.037995 0.001000 0.058310
v -0.026197 0.001000 0.059863
v -0.036803 0.001000 0.059863
v -0.027750 0.001000 0.061055
v -0.035250 0.001000 0.061055
v -0.029559 0.001000 0.061804
v -0.033441 0.001000 0.061804
v -0.031500 0.001000 0.062060
v -0.051760 -0.052071 -0.038016
v -0.048302 -0.053644 -0.042008
v -0.048735 -0.052059 -0.045766
v -0.046933 -0.053626 -0.045130
v -0.045169 -0.053594 -0.048846
v -0.050176 -0.050001 -0.046218
v -0.053054 -0.050099 -0.038351
v -0.051090 -0.047629 -0.046452
v -0.053876 -0.047754 -0.038590
v -0.054117 -0.045519 -0.038664
v -0.051409 -0.045177 -0.046475
v -0.047940 -0.046072 -0.054472
v -0.047651 -0.047367 -0.054473
v -0.047189 -0.048663 -0.054394
v -0.046572 -0.049884 -0.054236
v -0.045811 -0.051008 -0.054001
v -0.044920 -0.052013 -0.053695
v -0.044443 -0.053579 -0.050290
v -0.043955 -0.052851 -0.053338
v -0.043955 -0.052851 -0.053338
v -0.041143 -0.053444 -0.055486
v -0.044920 -0.052013 -0.053695
v -0.041201 -0.051865 -0.058776
v -0.045811 -0.051008 -0.054001
v -0.042595 -0.049706 -0.059923
v -0.046572 -0.049884 -0.054236
v -0.047189 -0.048663 -0.054394
v -0.043504 -0.047129 -0.060604
v -0.047651 -0.047367 -0.054473
v -0.046234 -0.044573 -0.057702
v -0.047940 -0.046072 -0.054472
v -0.043923 -0.044451 -0.060687
v -0.043847 -0.044448 -0.060772
v -0.041043 -0.044377 -0.063409
v -0.037698 -0.047056 -0.065253
v -0.034407 -0.044376 -0.067243
v -0.030772 -0.047128 -0.067968
v -0.030742 -0.044447 -0.068351
v -0.025366 -0.044637 -0.068935
v -0.023072 -0.044754 -0.068830
v -0.023204 -0.046072 -0.068754
v -0.023349 -0.047367 -0.068503
v -0.023512 -0.048663 -0.068064
v -0.030634 -0.049705 -0.066842
v -0.023684 -0.049884 -0.067450
v -0.023861 -0.051008 -0.066674
v -0.030334 -0.051865 -0.065060
v -0.024041 -0.052013 -0.065749
v -0.027485 -0.053444 -0.063372
v -0.024214 -0.052851 -0.064735
v -0.029922 -0.053389 -0.062859
v -0.036207 -0.051820 -0.062677
v -0.037124 -0.049651 -0.064261
v -0.035068 -0.053340 -0.060719
v -0.039491 -0.053389 -0.057329
v -0.014524 -0.045178 -0.067755
v -0.006425 -0.045519 -0.066199
v -0.014682 -0.047629 -0.067471
v -0.006482 -0.047755 -0.065953
v -0.006686 -0.050098 -0.065122
v -0.014936 -0.050001 -0.066563
v -0.007043 -0.052072 -0.063832
v -0.015266 -0.052059 -0.065088
v -0.012229 -0.053644 -0.062834
v -0.015615 -0.053626 -0.063210
v -0.007580 -0.053657 -0.062162
v -0.019717 -0.053594 -0.063540
v -0.024041 -0.052013 -0.065749
v -0.023861 -0.051008 -0.066674
v -0.021330 -0.053579 -0.063634
v -0.024214 -0.052851 -0.064735
v -0.023684 -0.049884 -0.067450
v -0.023512 -0.048663 -0.068064
v -0.023349 -0.047367 -0.068503
v -0.023204 -0.046072 -0.068754
v 0.068169 -0.052851 -0.011398
v 0.068624 -0.053444 -0.007888
v 0.068961 -0.052013 -0.012054
v 0.071502 -0.051865 -0.006293
v 0.069672 -0.051008 -0.012672
v 0.073193 -0.049706 -0.006927
v 0.070256 -0.049884 -0.013214
v 0.070701 -0.048663 -0.013670
v 0.074236 -0.047129 -0.007373
v 0.071000 -0.047367 -0.014031
v 0.073088 -0.044573 -0.011189
v 0.071144 -0.046072 -0.014282
v 0.074518 -0.044451 -0.007695
v 0.074553 -0.044448 -0.007587
v 0.075436 -0.044377 -0.003839
v 0.075360 -0.047056 -0.000021
v 0.075732 -0.044353 -0.000021
v 0.075438 -0.044376 0.003824
v 0.074248 -0.047128 0.007335
v 0.074564 -0.044447 0.007552
v 0.073120 -0.044571 0.011127
v 0.071144 -0.046072 0.014282
v 0.071000 -0.047367 0.014031
v 0.070701 -0.048663 0.013670
v 0.073204 -0.049705 0.006891
v 0.070256 -0.049884 0.013214
v 0.069672 -0.051008 0.012672
v 0.071511 -0.051865 0.006260
v 0.068961 -0.052013 0.012054
v 0.068625 -0.053444 0.007883
v 0.068169 -0.052851 0.011398
v 0.069399 -0.053389 0.005517
v 0.072384 -0.051820 -0.000018
v 0.074213 -0.049651 -0.000020
v 0.070118 -0.053340 -0.000000
v 0.070118 -0.053340 -0.000010
v 0.069394 -0.053389 -0.005536
v 0.065940 -0.045178 0.021300
v 0.060543 -0.045519 0.027535
v 0.065773 -0.047629 0.021021
v 0.060358 -0.047755 0.027363
v 0.059740 -0.050098 0.026770
v 0.065113 -0.050001 0.020347
v 0.058802 -0.052072 0.025817
v 0.064001 -0.052059 0.019324
v 0.060531 -0.053644 0.020826
v 0.062549 -0.053626 0.018082
v 0.064886 -0.053594 0.014695
v 0.068961 -0.052013 0.012054
v 0.069672 -0.051008 0.012672
v 0.065774 -0.053579 0.013344
v 0.068169 -0.052851 0.011398
v 0.070256 -0.049884 0.013214
v 0.070701 -0.048663 0.013670
v 0.071000 -0.047367 0.014031
v 0.071144 -0.046072 0.014282
v 0.071145 -0.044754 0.014434
v -0.024214 -0.052851 0.064735
v -0.028076 -0.053429 0.063275
v -0.024041 -0.052013 0.065749
v -0.030301 -0.051865 0.065069
v -0.023861 -0.051008 0.066674
v -0.030597 -0.049706 0.066850
v -0.023684 -0.049884 0.067450
v -0.023512 -0.048663 0.068064
v -0.030733 -0.047129 0.067977
v -0.023349 -0.047367 0.068503
v -0.025366 -0.044637 0.068935
v -0.023204 -0.046072 0.068754
v -0.023072 -0.044754 0.068830
v -0.030704 -0.044448 0.068359
v -0.034391 -0.044377 0.067250
v -0.037662 -0.047056 0.065274
v -0.037846 -0.044353 0.065598
v -0.041028 -0.044376 0.063421
v -0.043476 -0.047128 0.060633
v -0.043819 -0.044447 0.060802
v -0.046194 -0.044570 0.057762
v -0.048072 -0.044754 0.054396
v -0.047940 -0.046072 0.054472
v -0.047651 -0.047367 0.054473
v -0.047189 -0.048663 0.054394
v -0.042570 -0.049705 0.059951
v -0.046572 -0.049884 0.054236
v -0.045811 -0.051008 0.054001
v -0.041177 -0.051865 0.058800
v -0.044920 -0.052013 0.053695
v -0.042252 -0.053501 0.053965
v -0.043955 -0.052851 0.053338
v -0.039477 -0.053389 0.057343
v -0.038491 -0.053368 0.058264
v -0.036176 -0.051820 0.062695
v -0.035050 -0.053340 0.060729
v -0.033626 -0.053344 0.061481
v -0.029903 -0.053389 0.062865
v -0.037090 -0.049651 0.064281
v -0.051409 -0.045177 0.046473
v -0.054117 -0.045519 0.038664
v -0.051091 -0.047629 0.046450
v -0.053876 -0.047755 0.038590
v -0.053054 -0.050098 0.038351
v -0.050177 -0.050001 0.046216
v -0.051759 -0.052072 0.038015
v -0.048735 -0.052059 0.045765
v -0.047427 -0.053633 0.044028
v -0.046932 -0.053626 0.045131
v -0.044443 -0.053579 0.050290
v -0.044920 -0.052013 0.053695
v -0.045811 -0.051008 0.054001
v -0.043955 -0.052851 0.053338
v -0.046572 -0.049884 0.054236
v -0.047189 -0.048663 0.054394
v -0.047651 -0.047367 0.054473
v -0.047940 -0.046072 0.054472
v -0.015953 0.002354 -0.061009
v -0.008430 0.002501 -0.059945
v -0.015490 0.000978 -0.063685
v -0.007918 0.001885 -0.061230
v -0.007489 0.001065 -0.062427
v -0.007250 0.000417 -0.063157
v -0.015053 -0.001278 -0.065913
v -0.023809 -0.000186 -0.065724
v -0.023630 -0.001422 -0.066830
v -0.006862 -0.001156 -0.064463
v -0.006606 -0.002993 -0.065440
v -0.014726 -0.004136 -0.067318
v -0.006517 -0.004049 -0.065805
v -0.006448 -0.005441 -0.066100
v -0.006425 -0.006867 -0.066199
v -0.014547 -0.007143 -0.067759
v -0.023072 -0.007467 -0.068830
v -0.023180 -0.005894 -0.068714
v -0.023308 -0.004361 -0.068353
v -0.023462 -0.002827 -0.067715
v -0.023992 0.000848 -0.064428
v -0.020597 0.002258 -0.061444
v -0.020813 0.002256 -0.061453
v -0.024166 0.001614 -0.063056
v 0.073653 -0.007618 -0.009982
v 0.070850 -0.004361 -0.013991
v 0.074098 -0.004533 -0.007353
v 0.070374 -0.002827 -0.013539
v 0.072626 -0.001570 -0.006798
v 0.069692 -0.001422 -0.012951
v 0.068823 -0.000186 -0.012243
v 0.070297 0.000707 -0.005990
v 0.067792 0.000848 -0.011436
v 0.067095 0.002028 -0.006440
v 0.066691 0.001614 -0.010600
v 0.067548 0.001996 -0.005056
v 0.068213 0.001950 -0.001195
v 0.071167 0.000664 -0.000018
v 0.068251 0.001947 -0.000012
v 0.067786 0.001979 0.004126
v 0.070307 0.000706 0.005958
v 0.067554 0.001995 0.005035
v 0.065865 0.002123 0.009093
v 0.066691 0.001614 0.010600
v 0.067792 0.000848 0.011436
v 0.068823 -0.000186 0.012243
v 0.072637 -0.001570 0.006762
v 0.069692 -0.001422 0.012951
v 0.070374 -0.002827 0.013539
v 0.074111 -0.004534 0.007313
v 0.070850 -0.004361 0.013991
v 0.073121 -0.007587 0.011123
v 0.071098 -0.005894 0.014283
v 0.075211 -0.007703 0.005077
v 0.075225 -0.004586 -0.000022
v 0.075207 -0.007703 -0.005096
v 0.073644 -0.001614 -0.000020
v -0.024166 0.001614 -0.063056
v -0.027621 0.002037 -0.061382
v -0.023992 0.000848 -0.064428
v -0.029993 0.000706 -0.063866
v -0.023809 -0.000186 -0.065724
v -0.030463 -0.001570 -0.066286
v -0.023630 -0.001422 -0.066830
v -0.023462 -0.002827 -0.067715
v -0.030722 -0.004534 -0.067838
v -0.023308 -0.004361 -0.068353
v -0.025366 -0.007544 -0.068935
v -0.030746 -0.007669 -0.068349
v -0.033209 -0.007703 -0.067673
v -0.037631 -0.004586 -0.065136
v -0.042017 -0.007703 -0.062583
v -0.043417 -0.004533 -0.060495
v -0.045471 -0.007618 -0.058794
v -0.047541 -0.004361 -0.054362
v -0.047918 -0.005894 -0.054432
v -0.046912 -0.002827 -0.054176
v -0.042200 -0.001570 -0.059497
v -0.036839 -0.001614 -0.063767
v -0.046062 -0.001422 -0.053880
v -0.045015 -0.000186 -0.053481
v -0.040336 0.000707 -0.057884
v -0.043800 0.000848 -0.052992
v -0.039348 0.002037 -0.054612
v -0.042525 0.001614 -0.052456
v -0.038152 0.001996 -0.055970
v -0.036248 0.001959 -0.057678
v -0.035599 0.000664 -0.061623
v -0.034136 0.001947 -0.059102
v -0.034126 0.001947 -0.059107
v -0.031830 0.001959 -0.060229
v -0.029416 0.001995 -0.061021
v 0.060812 0.002354 0.016689
v 0.056130 0.002501 0.022672
v 0.062897 0.000978 0.018428
v 0.056986 0.001885 0.023758
v 0.057808 0.001065 0.024728
v 0.058321 0.000417 0.025300
v 0.064609 -0.001278 0.019920
v 0.068823 -0.000186 0.012243
v 0.069692 -0.001422 0.012951
v 0.059257 -0.001156 0.026288
v 0.059975 -0.002993 0.026999
v 0.065662 -0.004136 0.020906
v 0.060247 -0.004049 0.027258
v 0.060468 -0.005441 0.027466
v 0.060543 -0.006867 0.027535
v 0.065955 -0.007143 0.021281
v 0.071145 -0.007467 0.014434
v 0.070850 -0.004361 0.013991
v 0.070374 -0.002827 0.013539
v 0.067792 0.000848 0.011436
v 0.063511 0.002258 0.012885
v 0.066691 0.001614 0.010600
v -0.054117 -0.006867 -0.038664
v -0.054020 -0.005439 -0.038634
v -0.051402 -0.007144 -0.046493
v -0.050936 -0.004136 -0.046412
v -0.053727 -0.004039 -0.038545
v -0.053370 -0.002994 -0.038441
v -0.049556 -0.001278 -0.045993
v -0.052396 -0.001158 -0.038175
v -0.051071 0.000417 -0.037857
v -0.047408 0.000978 -0.045257
v -0.050314 0.001069 -0.037698
v -0.049066 0.001886 -0.037472
v -0.047699 0.002501 -0.037274
v -0.044859 0.002354 -0.044321
v -0.042914 0.002258 -0.048559
v -0.043800 0.000848 -0.052992
v -0.042813 0.002256 -0.048752
v -0.045015 -0.000186 -0.053481
v -0.046062 -0.001422 -0.053880
v -0.046912 -0.002827 -0.054176
v -0.048072 -0.007467 -0.054396
v -0.030511 0.001570 0.061994
v -0.031500 0.001402 0.062060
v -0.029961 0.000707 0.063874
v -0.032468 0.001261 0.061997
v -0.033429 0.001152 0.061807
v -0.035568 0.000664 0.061641
v -0.034353 0.001084 0.061496
v -0.035237 0.001060 0.061062
v -0.036439 0.001111 0.060203
v -0.040313 0.000706 0.057908
v -0.036805 -0.001614 0.063787
v -0.042174 -0.001570 0.059524
v -0.037594 -0.004586 0.065157
v -0.043389 -0.004534 0.060525
v -0.041028 -0.007715 0.063422
v -0.043818 -0.007669 0.060804
v -0.037451 0.001260 0.059124
v -0.038223 0.001481 0.057883
v -0.038741 0.001747 0.056515
v -0.038984 0.002023 0.055055
v -0.039352 0.002037 0.054608
v -0.043800 0.000848 0.052992
v -0.045015 -0.000186 0.053481
v -0.046062 -0.001422 0.053880
v -0.046912 -0.002827 0.054176
v -0.046193 -0.007587 0.057764
v -0.048072 -0.007467 0.054396
v -0.037846 -0.007730 0.065597
v -0.034393 -0.007715 0.067249
v -0.030682 -0.004533 0.067847
v -0.030706 -0.007668 0.068358
v -0.025366 -0.007544 0.068935
v -0.023308 -0.004361 0.068353
v -0.023462 -0.002827 0.067715
v -0.030426 -0.001570 0.066294
v -0.023630 -0.001422 0.066830
v -0.023809 -0.000186 0.065724
v -0.023992 0.000848 0.064428
v -0.027616 0.002037 0.061383
v -0.024166 0.001614 0.063056
v -0.028187 0.002023 0.061288
v -0.029537 0.001754 0.061798
v 0.015323 -0.059800 0.014687
v 0.015323 -0.060400 0.014687
v 0.015106 -0.060400 0.014777
v 0.015106 -0.059800 0.014777
v 0.014920 -0.060400 0.014920
v 0.014920 -0.059800 0.014920
v 0.014777 -0.059800 0.015106
v 0.014777 -0.060400 0.015106
v 0.014687 -0.060400 0.015323
v 0.014687 -0.059800 0.015323
v 0.014664 -0.060400 0.015439
v 0.014656 -0.059800 0.015556
v 0.014656 -0.060400 0.015556
v 0.014664 -0.060400 0.015674
v 0.014687 -0.059800 0.015789
v 0.014687 -0.060400 0.015789
v 0.014777 -0.060400 0.016006
v 0.014777 -0.059800 0.016006
v 0.014920 -0.060400 0.016193
v 0.014920 -0.059800 0.016193
v 0.015106 -0.060400 0.016336
v 0.015106 -0.059800 0.016336
v 0.015323 -0.059800 0.016426
v 0.015323 -0.060400 0.016426
v -0.002578 0.004000 0.009621
v -0.002578 0.008000 0.009621
v -0.004980 0.008000 0.008626
v -0.004980 0.004000 0.008626
v -0.007043 0.008000 0.007043
v -0.007043 0.004000 0.007043
v -0.008626 0.004000 0.004980
v -0.008626 0.008000 0.004980
v -0.009621 0.008000 0.002578
v -0.009621 0.004000 0.002578
v -0.009960 0.008000 0.000000
v -0.009960 0.004000 0.000000
v -0.009621 0.004000 -0.002578
v -0.009621 0.008000 -0.002578
v -0.008626 0.008000 -0.004980
v -0.008626 0.004000 -0.004980
v -0.007043 0.008000 -0.007043
v -0.007043 0.004000 -0.007043
v -0.004980 0.008000 -0.008626
v -0.004980 0.004000 -0.008626
v -0.002578 0.004000 -0.009621
v -0.002578 0.008000 -0.009621
v 0.000000 0.008000 -0.009960
v -0.002578 0.008000 -0.009621
v 0.002578 0.008000 -0.009621
v 0.004980 0.008000 -0.008626
v -0.004980 0.008000 -0.008626
v 0.007043 0.008000 -0.007043
v -0.007043 0.008000 -0.007043
v 0.008626 0.008000 -0.004980
v -0.008626 0.008000 -0.004980
v 0.009621 0.008000 -0.002578
v -0.009621 0.008000 -0.002578
v 0.009960 0.008000 0.000000
v -0.009960 0.008000 0.000000
v 0.009621 0.008000 0.002578
v -0.009621 0.008000 0.002578
v 0.008626 0.008000 0.004980
v -0.008626 0.008000 0.004980
v 0.007043 0.008000 0.007043
v -0.007043 0.008000 0.007043
v 0.004980 0.008000 0.008626
v -0.004980 0.008000 0.008626
v 0.002578 0.008000 0.009621
v -0.002578 0.008000 0.009621
v 0.000000 0.008000 0.009960
v -0.015422 0.004000 -0.027753
v -0.015422 0.012000 -0.027753
v -0.016833 0.004000 -0.031630
v -0.016833 0.012000 -0.031630
v -0.011688 0.016000 -0.029520
v -0.012416 0.004000 -0.029222
v -0.011635 0.016000 -0.029541
v -0.010075 0.016000 -0.030109
v -0.011119 0.016500 -0.029739
v -0.010599 0.016500 -0.029929
v -0.011741 0.016000 -0.029499
v -0.011793 0.016000 -0.029478
v -0.012515 0.015923 -0.029179
v -0.013203 0.015695 -0.028874
v -0.013829 0.015327 -0.028580
v -0.014376 0.014830 -0.028309
v -0.015422 0.012000 -0.027753
v -0.014820 0.014227 -0.028079
v -0.015150 0.013536 -0.027902
v -0.015353 0.012785 -0.027791
v -0.015422 0.004000 -0.027753
v -0.009272 0.004000 -0.030366
v -0.010022 0.016000 -0.030127
v -0.006025 0.004000 -0.031173
v -0.006025 0.012000 -0.031173
v -0.007182 0.014828 -0.030927
v -0.007772 0.015324 -0.030784
v -0.006102 0.012781 -0.031158
v -0.006328 0.013533 -0.031113
v -0.006693 0.014222 -0.031037
v -0.008443 0.015694 -0.030607
v -0.009165 0.015922 -0.030398
v -0.009914 0.016000 -0.030162
v -0.009968 0.016000 -0.030145
v -0.010075 0.016500 -0.030109
v -0.011635 0.016500 -0.029541
v -0.007436 0.004000 -0.035050
v -0.007436 0.012000 -0.035050
v -0.006025 0.004000 -0.031173
v -0.006025 0.012000 -0.031173
v -0.014939 0.012000 -0.032567
v -0.014888 0.012567 -0.032590
v -0.014889 0.011436 -0.032590
v -0.014738 0.010891 -0.032658
v -0.014738 0.013110 -0.032659
v -0.014493 0.010389 -0.032768
v -0.014492 0.013612 -0.032768
v -0.014163 0.009951 -0.032912
v -0.014161 0.014051 -0.032913
v -0.013757 0.009589 -0.033084
v -0.013756 0.014411 -0.033084
v -0.013294 0.009322 -0.033272
v -0.013291 0.014680 -0.033274
v -0.012786 0.009156 -0.033471
v -0.012785 0.014844 -0.033471
v -0.012257 0.009100 -0.033668
v -0.012254 0.014900 -0.033670
v -0.011724 0.009155 -0.033858
v -0.011721 0.014844 -0.033858
v -0.011207 0.009320 -0.034032
v -0.011205 0.014679 -0.034033
v -0.010731 0.009587 -0.034185
v -0.010727 0.014411 -0.034186
v -0.010309 0.009948 -0.034315
v -0.010308 0.014051 -0.034315
v -0.009963 0.010386 -0.034417
v -0.009961 0.013611 -0.034418
v -0.009704 0.010887 -0.034491
v -0.009703 0.013111 -0.034491
v -0.009544 0.011431 -0.034536
v -0.009543 0.012566 -0.034536
v -0.009489 0.012000 -0.034551
v -0.011635 0.016000 -0.029541
v -0.011635 0.016500 -0.029541
v -0.013031 0.016000 -0.033376
v -0.012833 0.023000 -0.032831
v -0.013031 0.023000 -0.033376
v -0.011471 0.023000 -0.033944
v -0.011273 0.023000 -0.033399
v -0.011471 0.016000 -0.033944
v -0.010075 0.016500 -0.030109
v -0.010075 0.016000 -0.030109
v -0.011635 0.016500 -0.029541
v -0.011119 0.016500 -0.029739
v -0.012833 0.023000 -0.032831
v -0.012316 0.023000 -0.033029
v -0.011796 0.023000 -0.033218
v -0.010599 0.016500 -0.029929
v -0.011273 0.023000 -0.033399
v -0.010075 0.016500 -0.030109
v -0.013190 0.016000 -0.033314
v -0.013916 0.015922 -0.033017
v -0.012515 0.015923 -0.029179
v -0.013203 0.015695 -0.028874
v -0.014606 0.015694 -0.032718
v -0.015236 0.015324 -0.032429
v -0.015782 0.014828 -0.032167
v -0.014376 0.014830 -0.028309
v -0.013829 0.015327 -0.028580
v -0.016230 0.014221 -0.031943
v -0.014820 0.014227 -0.028079
v -0.015150 0.013536 -0.027902
v -0.016561 0.013532 -0.031773
v -0.016765 0.012780 -0.031666
v -0.015353 0.012785 -0.027791
v -0.009914 0.016000 -0.030162
v -0.009165 0.015922 -0.030398
v -0.011310 0.016000 -0.033998
v -0.010567 0.015923 -0.034236
v -0.009845 0.015695 -0.034451
v -0.008443 0.015694 -0.030607
v -0.007772 0.015324 -0.030784
v -0.007182 0.014828 -0.030927
v -0.008588 0.014830 -0.034785
v -0.009179 0.015327 -0.034634
v -0.006693 0.014222 -0.031037
v -0.008103 0.014227 -0.034902
v -0.007739 0.013536 -0.034984
v -0.006328 0.013533 -0.031113
v -0.006102 0.012781 -0.031158
v -0.007513 0.012785 -0.035033
v 0.031354 0.004000 -0.005000
v 0.031354 0.012000 -0.005000
v 0.035479 0.004000 -0.005000
v 0.035479 0.012000 -0.005000
v 0.031738 0.016000 -0.000887
v 0.031706 0.004000 -0.001673
v 0.031739 0.016000 -0.000830
v 0.031739 0.016000 0.000830
v 0.031749 0.016500 -0.000277
v 0.031749 0.016500 0.000277
v 0.031736 0.016000 -0.000943
v 0.031734 0.016000 -0.001000
v 0.031700 0.015923 -0.001780
v 0.031649 0.015695 -0.002532
v 0.031586 0.015327 -0.003220
v 0.031519 0.014830 -0.003827
v 0.031354 0.012000 -0.005000
v 0.031454 0.014227 -0.004323
v 0.031401 0.013536 -0.004693
v 0.031366 0.012785 -0.004922
v 0.031354 0.004000 -0.005000
v 0.031706 0.004000 0.001673
v 0.031738 0.016000 0.000887
v 0.031354 0.004000 0.005000
v 0.031354 0.012000 0.005000
v 0.031518 0.014828 0.003828
v 0.031586 0.015324 0.003225
v 0.031366 0.012781 0.004923
v 0.031401 0.013533 0.004695
v 0.031454 0.014222 0.004326
v 0.031649 0.015694 0.002535
v 0.031700 0.015922 0.001784
v 0.031734 0.016000 0.001000
v 0.031736 0.016000 0.000943
v 0.031739 0.016500 0.000830
v 0.031739 0.016500 -0.000830
v 0.035479 0.012000 0.005000
v 0.031354 0.012000 0.005000
v 0.035479 0.004000 0.005000
v 0.031354 0.004000 0.005000
v 0.035712 0.012000 -0.002900
v 0.035717 0.012567 -0.002844
v 0.035717 0.011436 -0.002845
v 0.035730 0.010891 -0.002680
v 0.035730 0.013110 -0.002679
v 0.035749 0.010389 -0.002412
v 0.035749 0.013612 -0.002411
v 0.035771 0.009951 -0.002052
v 0.035771 0.014051 -0.002050
v 0.035794 0.009589 -0.001612
v 0.035794 0.014411 -0.001611
v 0.035813 0.009322 -0.001112
v 0.035813 0.014680 -0.001109
v 0.035826 0.009156 -0.000567
v 0.035826 0.014844 -0.000566
v 0.035830 0.009100 -0.000002
v 0.035830 0.014900 0.000001
v 0.035826 0.009155 0.000563
v 0.035826 0.014844 0.000566
v 0.035813 0.009320 0.001109
v 0.035813 0.014679 0.001110
v 0.035794 0.009587 0.001608
v 0.035794 0.014411 0.001612
v 0.035771 0.009948 0.002049
v 0.035771 0.014051 0.002050
v 0.035749 0.010386 0.002409
v 0.035749 0.013611 0.002412
v 0.035730 0.010887 0.002678
v 0.035730 0.013111 0.002679
v 0.035717 0.011431 0.002843
v 0.035717 0.012566 0.002844
v 0.035712 0.012000 0.002900
v -0.006025 0.004000 0.031173
v -0.006025 0.012000 0.031173
v -0.007436 0.004000 0.035050
v -0.007436 0.012000 0.035050
v -0.010022 0.016000 0.030127
v -0.009272 0.004000 0.030366
v -0.010075 0.016000 0.030109
v -0.011635 0.016000 0.029541
v -0.010599 0.016500 0.029929
v -0.011119 0.016500 0.029739
v -0.009968 0.016000 0.030145
v -0.009914 0.016000 0.030162
v -0.009169 0.015923 0.030397
v -0.008446 0.015695 0.030606
v -0.007777 0.015327 0.030783
v -0.007184 0.014830 0.030927
v -0.006025 0.012000 0.031173
v -0.006696 0.014227 0.031036
v -0.006330 0.013536 0.031113
v -0.006103 0.012785 0.031158
v -0.006025 0.004000 0.031173
v -0.012416 0.004000 0.029222
v -0.011688 0.016000 0.029520
v -0.015422 0.004000 0.027753
v -0.015422 0.012000 0.027753
v -0.014377 0.014828 0.028308
v -0.013834 0.015324 0.028578
v -0.015354 0.012781 0.027791
v -0.015151 0.013533 0.027902
v -0.014823 0.014222 0.028077
v -0.013206 0.015694 0.028873
v -0.012519 0.015922 0.029178
v -0.011793 0.016000 0.029478
v -0.011741 0.016000 0.029499
v -0.011635 0.016500 0.029541
v -0.010075 0.016500 0.030109
v -0.016833 0.012000 0.031630
v -0.015422 0.012000 0.027753
v -0.016833 0.004000 0.031630
v -0.015422 0.004000 0.027753
v -0.009489 0.012000 0.034551
v -0.009543 0.012567 0.034536
v -0.009543 0.011436 0.034536
v -0.009702 0.010891 0.034491
v -0.009703 0.013110 0.034491
v -0.009961 0.010389 0.034418
v -0.009962 0.013612 0.034417
v -0.010306 0.009951 0.034316
v -0.010308 0.014051 0.034315
v -0.010728 0.009589 0.034186
v -0.010728 0.014411 0.034186
v -0.011203 0.009322 0.034033
v -0.011207 0.014680 0.034032
v -0.011720 0.009156 0.033859
v -0.011721 0.014844 0.033859
v -0.012252 0.009100 0.033670
v -0.012256 0.014900 0.033669
v -0.012783 0.009155 0.033472
v -0.012785 0.014844 0.033472
v -0.013290 0.009320 0.033274
v -0.013292 0.014679 0.033273
v -0.013754 0.009587 0.033085
v -0.013757 0.014411 0.033084
v -0.014160 0.009948 0.032913
v -0.014161 0.014051 0.032913
v -0.014491 0.010386 0.032769
v -0.014493 0.013611 0.032768
v -0.014737 0.010887 0.032659
v -0.014738 0.013111 0.032659
v -0.014888 0.011431 0.032591
v -0.014889 0.012566 0.032590
v -0.014939 0.012000 0.032567
v 0.031739 0.016000 -0.000830
v 0.031739 0.016500 -0.000830
v 0.035820 0.016000 -0.000830
v 0.035240 0.023000 -0.000830
v 0.035820 0.023000 -0.000830
v 0.035820 0.023000 0.000830
v 0.035240 0.023000 0.000830
v 0.035820 0.016000 0.000830
v 0.031739 0.016500 0.000830
v 0.031739 0.016000 0.000830
v -0.010075 0.016000 0.030109
v -0.010075 0.016500 0.030109
v -0.011471 0.016000 0.033944
v -0.011273 0.023000 0.033399
v -0.011471 0.023000 0.033944
v -0.013031 0.023000 0.033376
v -0.012833 0.023000 0.032831
v -0.013031 0.016000 0.033376
v -0.011635 0.016500 0.029541
v -0.011635 0.016000 0.029541
v 0.031739 0.016500 -0.000830
v 0.031749 0.016500 -0.000277
v 0.035240 0.023000 -0.000830
v 0.035249 0.023000 -0.000277
v 0.035249 0.023000 0.000277
v 0.031749 0.016500 0.000277
v 0.035240 0.023000 0.000830
v 0.031739 0.016500 0.000830
v -0.010075 0.016500 0.030109
v -0.010599 0.016500 0.029929
v -0.011273 0.023000 0.033399
v -0.011796 0.023000 0.033218
v -0.012316 0.023000 0.033029
v -0.011119 0.016500 0.029739
v -0.012833 0.023000 0.032831
v -0.011635 0.016500 0.029541
v 0.035816 0.016000 -0.001000
v 0.035786 0.015922 -0.001784
v 0.031734 0.016000 -0.001000
v 0.031700 0.015923 -0.001780
v 0.031649 0.015695 -0.002532
v 0.035740 0.015694 -0.002535
v 0.035685 0.015324 -0.003225
v 0.035625 0.014828 -0.003829
v 0.031519 0.014830 -0.003827
v 0.031586 0.015327 -0.003220
v 0.035568 0.014221 -0.004326
v 0.031454 0.014227 -0.004323
v 0.031401 0.013536 -0.004693
v 0.035521 0.013532 -0.004695
v 0.035490 0.012780 -0.004923
v 0.031366 0.012785 -0.004922
v 0.031734 0.016000 0.001000
v 0.031700 0.015922 0.001784
v 0.035816 0.016000 0.001000
v 0.035786 0.015923 0.001780
v 0.035740 0.015695 0.002531
v 0.031649 0.015694 0.002535
v 0.031586 0.015324 0.003225
v 0.031518 0.014828 0.003828
v 0.035625 0.014830 0.003827
v 0.035685 0.015327 0.003220
v 0.031454 0.014222 0.004326
v 0.035568 0.014227 0.004323
v 0.035521 0.013536 0.004693
v 0.031401 0.013533 0.004695
v 0.031366 0.012781 0.004923
v 0.031354 0.012000 0.005000
v 0.035479 0.012000 0.005000
v 0.035490 0.012785 0.004922
v -0.011310 0.016000 0.033998
v -0.010563 0.015922 0.034238
v -0.009914 0.016000 0.030162
v -0.009169 0.015923 0.030397
v -0.008446 0.015695 0.030606
v -0.009842 0.015694 0.034452
v -0.009174 0.015324 0.034636
v -0.008587 0.014828 0.034786
v -0.007184 0.014830 0.030927
v -0.007777 0.015327 0.030783
v -0.008099 0.014221 0.034903
v -0.006696 0.014227 0.031036
v -0.006330 0.013536 0.031113
v -0.007737 0.013532 0.034985
v -0.007512 0.012780 0.035034
v -0.006103 0.012785 0.031158
v -0.011793 0.016000 0.029478
v -0.012519 0.015922 0.029178
v -0.013190 0.016000 0.033314
v -0.013912 0.015923 0.033019
v -0.014603 0.015695 0.032719
v -0.013206 0.015694 0.028873
v -0.013834 0.015324 0.028578
v -0.014377 0.014828 0.028308
v -0.015780 0.014830 0.032168
v -0.015231 0.015327 0.032432
v -0.014823 0.014222 0.028077
v -0.016227 0.014227 0.031945
v -0.016559 0.013536 0.031774
v -0.015151 0.013533 0.027902
v -0.015354 0.012781 0.027791
v -0.016764 0.012785 0.031666
v -0.025602 0.004000 -0.018946
v -0.025602 0.014000 -0.018946
v -0.025929 0.004000 -0.018496
v -0.025929 0.014000 -0.018496
v -0.026249 0.004000 -0.018040
v -0.026249 0.014000 -0.018040
v -0.026560 0.004000 -0.017578
v -0.026560 0.014000 -0.017578
v -0.028286 0.023000 -0.020826
v -0.025602 0.014000 -0.018946
v -0.028863 0.023000 -0.021230
v -0.028863 0.004000 -0.021230
v -0.025602 0.004000 -0.018946
v -0.026560 0.004000 -0.017578
v -0.026560 0.014000 -0.017578
v -0.029821 0.004000 -0.019862
v -0.029821 0.023000 -0.019862
v -0.029244 0.023000 -0.019458
v -0.026560 0.014000 -0.017578
v -0.026249 0.014000 -0.018040
v -0.029244 0.023000 -0.019458
v -0.028932 0.023000 -0.019919
v -0.028613 0.023000 -0.020375
v -0.025929 0.014000 -0.018496
v -0.028286 0.023000 -0.020826
v -0.025602 0.014000 -0.018946
v -0.000278 0.004000 -0.031849
v -0.000278 0.014000 -0.031849
v -0.000557 0.004000 -0.031845
v -0.000557 0.014000 -0.031845
v -0.000835 0.004000 -0.031839
v -0.000835 0.014000 -0.031839
v 0.000835 0.023000 -0.035116
v 0.000835 0.014000 -0.031839
v 0.000835 0.023000 -0.035820
v 0.000835 0.004000 -0.035820
v 0.000835 0.004000 -0.031839
v -0.000835 0.004000 -0.031839
v -0.000835 0.014000 -0.031839
v -0.000835 0.004000 -0.035820
v -0.000835 0.023000 -0.035820
v -0.000835 0.023000 -0.035116
v 0.018946 0.004000 -0.025602
v 0.018946 0.014000 -0.025602
v 0.018496 0.004000 -0.025929
v 0.018496 0.014000 -0.025929
v 0.018040 0.004000 -0.026249
v 0.018040 0.014000 -0.026249
v 0.017578 0.004000 -0.026560
v 0.017578 0.014000 -0.026560
v 0.020826 0.023000 -0.028286
v 0.018946 0.014000 -0.025602
v 0.021230 0.023000 -0.028863
v 0.021230 0.004000 -0.028863
v 0.018946 0.004000 -0.025602
v 0.017578 0.004000 -0.026560
v 0.017578 0.014000 -0.026560
v 0.019862 0.004000 -0.029821
v 0.019862 0.023000 -0.029821
v 0.019458 0.023000 -0.029244
v 0.030205 0.004000 -0.010105
v 0.030205 0.014000 -0.010105
v 0.030023 0.004000 -0.010631
v 0.030023 0.014000 -0.010631
v 0.029833 0.004000 -0.011155
v 0.029833 0.014000 -0.011155
v 0.029633 0.004000 -0.011674
v 0.029633 0.014000 -0.011674
v 0.033284 0.023000 -0.011226
v 0.030205 0.014000 -0.010105
v 0.033946 0.023000 -0.011467
v 0.033946 0.004000 -0.011467
v 0.030205 0.004000 -0.010105
v 0.029633 0.004000 -0.011674
v 0.029633 0.014000 -0.011674
v 0.033374 0.004000 -0.013036
v 0.033374 0.023000 -0.013036
v 0.032712 0.023000 -0.012795
v 0.025602 0.004000 0.018946
v 0.025602 0.014000 0.018946
v 0.025929 0.004000 0.018496
v 0.025929 0.014000 0.018496
v 0.026249 0.004000 0.018040
v 0.026249 0.014000 0.018040
v 0.026560 0.004000 0.017578
v 0.026560 0.014000 0.017578
v 0.028286 0.023000 0.020826
v 0.025602 0.014000 0.018946
v 0.028863 0.023000 0.021230
v 0.028863 0.004000 0.021230
v 0.025602 0.004000 0.018946
v 0.026560 0.004000 0.017578
v 0.026560 0.014000 0.017578
v 0.029821 0.004000 0.019862
v 0.029821 0.023000 0.019862
v 0.029244 0.023000 0.019458
v -0.003607 0.004000 0.031645
v -0.003607 0.014000 0.031645
v -0.003053 0.004000 0.031703
v -0.003053 0.014000 0.031703
v -0.002499 0.004000 0.031752
v -0.002499 0.014000 0.031752
v -0.001943 0.004000 0.031791
v -0.001943 0.014000 0.031791
v -0.003892 0.023000 0.034909
v -0.003607 0.014000 0.031645
v -0.003954 0.023000 0.035611
v -0.003954 0.004000 0.035611
v -0.003607 0.004000 0.031645
v -0.001943 0.004000 0.031791
v -0.001943 0.014000 0.031791
v -0.002290 0.004000 0.035757
v -0.002290 0.023000 0.035757
v -0.002229 0.023000 0.035055
v -0.018946 0.004000 0.025602
v -0.018946 0.014000 0.025602
v -0.018496 0.004000 0.025929
v -0.018496 0.014000 0.025929
v -0.018040 0.004000 0.026249
v -0.018040 0.014000 0.026249
v -0.017578 0.004000 0.026560
v -0.017578 0.014000 0.026560
v -0.020826 0.023000 0.028286
v -0.018946 0.014000 0.025602
v -0.021230 0.023000 0.028863
v -0.021230 0.004000 0.028863
v -0.018946 0.004000 0.025602
v -0.017578 0.004000 0.026560
v -0.017578 0.014000 0.026560
v -0.019862 0.004000 0.029821
v -0.019862 0.023000 0.029821
v -0.019458 0.023000 0.029244
v -0.031500 0.004000 0.004706
v -0.031500 0.014000 0.004706
v -0.031413 0.004000 0.005256
v -0.031413 0.014000 0.005256
v -0.031317 0.004000 0.005805
v -0.031317 0.014000 0.005805
v -0.031210 0.004000 0.006351
v -0.031210 0.014000 0.006351
v -0.034727 0.023000 0.005275
v -0.031500 0.014000 0.004706
v -0.035421 0.023000 0.005398
v -0.035421 0.004000 0.005398
v -0.031500 0.004000 0.004706
v -0.031210 0.004000 0.006351
v -0.031210 0.014000 0.006351
v -0.035131 0.004000 0.007042
v -0.035131 0.023000 0.007042
v -0.034437 0.023000 0.006920
v -0.000835 0.014000 -0.031839
v -0.000557 0.014000 -0.031845
v -0.000835 0.023000 -0.035116
v -0.000278 0.014000 -0.031849
v -0.000278 0.023000 -0.035125
v 0.000000 0.014000 -0.031850
v 0.000278 0.023000 -0.035125
v 0.000278 0.014000 -0.031849
v 0.000557 0.014000 -0.031845
v 0.000835 0.014000 -0.031839
v 0.000835 0.023000 -0.035116
v 0.017578 0.014000 -0.026560
v 0.018040 0.014000 -0.026249
v 0.019458 0.023000 -0.029244
v 0.019919 0.023000 -0.028932
v 0.020375 0.023000 -0.028613
v 0.018496 0.014000 -0.025929
v 0.020826 0.023000 -0.028286
v 0.018946 0.014000 -0.025602
v 0.029633 0.014000 -0.011674
v 0.029833 0.014000 -0.011155
v 0.032712 0.023000 -0.012795
v 0.032911 0.023000 -0.012275
v 0.033102 0.023000 -0.011752
v 0.030023 0.014000 -0.010631
v 0.033284 0.023000 -0.011226
v 0.030205 0.014000 -0.010105
v 0.026560 0.014000 0.017578
v 0.026249 0.014000 0.018040
v 0.029244 0.023000 0.019458
v 0.028932 0.023000 0.019919
v 0.028613 0.023000 0.020375
v 0.025929 0.014000 0.018496
v 0.028286 0.023000 0.020826
v 0.025602 0.014000 0.018946
v -0.001943 0.014000 0.031791
v -0.002499 0.014000 0.031752
v -0.002229 0.023000 0.035055
v -0.002784 0.023000 0.035015
v -0.003339 0.023000 0.034967
v -0.003053 0.014000 0.031703
v -0.003892 0.023000 0.034909
v -0.003607 0.014000 0.031645
v -0.017578 0.014000 0.026560
v -0.018040 0.014000 0.026249
v -0.019458 0.023000 0.029244
v -0.019919 0.023000 0.028932
v -0.020375 0.023000 0.028613
v -0.018496 0.014000 0.025929
v -0.020826 0.023000 0.028286
v -0.018946 0.014000 0.025602
v -0.031210 0.014000 0.006351
v -0.031317 0.014000 0.005805
v -0.034437 0.023000 0.006920
v -0.034543 0.023000 0.006373
v -0.034639 0.023000 0.005825
v -0.031413 0.014000 0.005256
v -0.034727 0.023000 0.005275
v -0.031500 0.014000 0.004706
v 0.006520 0.004000 0.028309
v 0.006520 0.016000 0.028309
v 0.007349 0.016000 0.028610
v 0.008692 0.016000 0.029737
v 0.008692 0.004000 0.029737
v 0.008086 0.016000 0.029095
v 0.008086 0.004000 0.029095
v 0.007349 0.004000 0.028610
v 0.009133 0.016000 0.030501
v 0.009133 0.004000 0.030501
v 0.009386 0.016000 0.031346
v 0.009386 0.004000 0.031346
v 0.002444 0.004000 0.035747
v 0.002444 0.016000 0.035747
v 0.001901 0.004000 0.032666
v 0.001901 0.016000 0.032666
v 0.009386 0.004000 0.031346
v 0.009386 0.016000 0.031346
v 0.009929 0.004000 0.034427
v 0.009929 0.016000 0.034427
v 0.004694 0.016000 0.031401
v 0.004694 0.016500 0.031401
v 0.005241 0.016000 0.031315
v 0.005241 0.016500 0.031315
v 0.005786 0.016000 0.031218
v 0.005786 0.016500 0.031218
v 0.006329 0.016000 0.031113
v 0.006329 0.016500 0.031113
v 0.005403 0.023000 0.035420
v 0.005302 0.023000 0.034849
v 0.005403 0.016000 0.035420
v 0.004694 0.016500 0.031401
v 0.004694 0.016000 0.031401
v 0.006329 0.016000 0.031113
v 0.006329 0.016500 0.031113
v 0.007038 0.016000 0.035132
v 0.006937 0.023000 0.034561
v 0.007038 0.023000 0.035132
v 0.006329 0.016500 0.031113
v 0.005786 0.016500 0.031218
v 0.006937 0.023000 0.034561
v 0.006393 0.023000 0.034665
v 0.005848 0.023000 0.034761
v 0.005241 0.016500 0.031315
v 0.005302 0.023000 0.034849
v 0.004694 0.016500 0.031401
v -0.029733 0.004000 0.000869
v -0.029733 0.004600 0.000869
v -0.029950 0.004600 0.000779
v -0.029950 0.004000 0.000779
v -0.030136 0.004600 0.000636
v -0.030136 0.004000 0.000636
v -0.030279 0.004000 0.000450
v -0.030279 0.004600 0.000450
v -0.030369 0.004600 0.000233
v -0.030369 0.004000 0.000233
v -0.030392 0.004600 0.000117
v -0.030400 0.004000 0.000000
v -0.030400 0.004600 0.000000
v -0.030392 0.004600 -0.000117
v -0.030369 0.004000 -0.000233
v -0.030369 0.004600 -0.000233
v -0.030279 0.004600 -0.000450
v -0.030279 0.004000 -0.000450
v -0.030136 0.004600 -0.000636
v -0.030136 0.004000 -0.000636
v -0.029950 0.004600 -0.000779
v -0.029950 0.004000 -0.000779
v -0.029733 0.004000 -0.000869
v -0.029733 0.004600 -0.000869
v -0.029656 0.005197 -0.000655
v -0.029656 0.005393 -0.000395
v -0.029656 0.005483 -0.000082
v -0.029656 0.005452 0.000243
v -0.029656 0.004920 -0.000826
v -0.029950 0.004882 -0.000727
v -0.030189 0.004809 -0.000539
v -0.029950 0.005125 -0.000576
v -0.030189 0.004990 -0.000428
v -0.029950 0.005298 -0.000347
v -0.030189 0.005118 -0.000258
v -0.029950 0.005376 -0.000072
v -0.030189 0.005176 -0.000053
v -0.029950 0.005350 0.000213
v -0.030189 0.005156 0.000158
v -0.029950 0.005222 0.000470
v -0.030189 0.005062 0.000349
v -0.029950 0.005010 0.000663
v -0.030189 0.004905 0.000492
v -0.029950 0.004743 0.000766
v -0.030189 0.004706 0.000569
v -0.030136 0.004600 0.000636
v -0.030279 0.004600 0.000450
v -0.030346 0.004711 -0.000287
v -0.030346 0.004807 -0.000227
v -0.030346 0.004876 -0.000137
v -0.030346 0.004907 -0.000028
v -0.030346 0.004896 0.000084
v -0.030346 0.004846 0.000186
v -0.030346 0.004762 0.000262
v -0.030346 0.004657 0.000303
v -0.030369 0.004600 0.000233
v -0.030392 0.004600 0.000117
v -0.029950 0.004600 0.000779
v -0.029733 0.004600 0.000869
v -0.029656 0.004763 0.000871
v -0.029656 0.005067 0.000754
v -0.029656 0.005307 0.000534
v 0.015400 -0.060997 0.016211
v 0.015400 -0.061193 0.015951
v 0.015400 -0.061283 0.015638
v 0.015400 -0.061252 0.015314
v 0.015400 -0.060720 0.016383
v 0.015106 -0.060682 0.016283
v 0.015323 -0.060400 0.016426
v 0.015106 -0.060400 0.016336
v 0.014920 -0.060400 0.016193
v 0.014867 -0.060609 0.016096
v 0.015106 -0.060925 0.016132
v 0.014867 -0.060790 0.015984
v 0.015106 -0.061098 0.015904
v 0.014867 -0.060918 0.015814
v 0.015106 -0.061176 0.015628
v 0.014867 -0.060976 0.015610
v 0.015106 -0.061150 0.015343
v 0.014867 -0.060956 0.015398
v 0.015106 -0.061022 0.015087
v 0.014867 -0.060862 0.015208
v 0.015106 -0.060810 0.014894
v 0.014867 -0.060705 0.015064
v 0.015106 -0.060543 0.014790
v 0.014867 -0.060506 0.014988
v 0.014920 -0.060400 0.014920
v 0.014777 -0.060400 0.015106
v 0.014777 -0.060400 0.016006
v 0.014711 -0.060511 0.015843
v 0.014711 -0.060607 0.015784
v 0.014711 -0.060676 0.015694
v 0.014711 -0.060707 0.015585
v 0.014711 -0.060696 0.015472
v 0.014711 -0.060646 0.015371
v 0.014711 -0.060562 0.015295
v 0.014711 -0.060457 0.015254
v 0.014687 -0.060400 0.015323
v 0.014687 -0.060400 0.015789
v 0.014664 -0.060400 0.015674
v 0.014664 -0.060400 0.015439
v 0.015106 -0.060400 0.014777
v 0.015323 -0.060400 0.014687
v 0.015400 -0.060563 0.014685
v 0.015400 -0.060867 0.014803
v 0.015400 -0.061107 0.015022
f 1 2 3
f 3 2 4
f 3 4 5
f 5 4 6
f 5 6 7
f 8 9 10
f 10 9 11
f 10 11 3
f 3 11 12
f 3 12 13
f 5 7 14
f 14 7 15
f 14 15 10
f 10 15 16
f 10 16 17
f 18 19 4
f 4 19 20
f 4 20 15
f 15 20 21
f 15 21 22
f 22 21 23
f 11 9 24
f 24 9 25
f 24 25 26
f 26 25 27
f 26 27 28
f 28 27 29
f 28 29 30
f 30 29 31
f 30 31 32
f 32 31 33
f 32 33 34
f 34 33 35
f 34 35 36
f 36 35 37
f 36 37 38
f 38 37 39
f 38 39 40
f 40 39 41
f 40 41 42
f 42 41 43
f 42 43 44
f 44 43 45
f 44 45 46
f 13 47 3
f 3 47 48
f 3 48 49
f 49 50 3
f 3 50 51
f 3 51 52
f 52 53 3
f 3 53 54
f 3 54 55
f 3 55 1
f 1 55 56
f 1 56 57
f 57 56 58
f 57 58 59
f 59 58 60
f 59 60 61
f 61 60 62
f 61 62 63
f 63 62 64
f 63 64 65
f 65 64 66
f 65 66 67
f 67 66 68
f 67 68 69
f 69 68 70
f 69 70 71
f 71 70 72
f 71 72 73
f 73 72 74
f 73 74 75
f 75 74 42
f 75 42 44
f 76 77 10
f 10 77 78
f 10 78 79
f 79 80 10
f 10 80 81
f 10 81 82
f 82 83 10
f 10 83 84
f 10 84 8
f 43 85 45
f 45 85 86
f 85 87 86
f 86 87 88
f 87 89 88
f 88 89 90
f 89 91 90
f 90 91 92
f 91 93 92
f 92 93 94
f 93 95 94
f 94 95 96
f 95 97 96
f 96 97 98
f 97 99 98
f 98 99 100
f 99 101 100
f 100 101 102
f 101 103 102
f 102 103 104
f 103 105 104
f 104 105 106
f 106 105 10
f 10 105 76
f 107 108 109
f 109 108 110
f 109 110 111
f 111 110 112
f 111 112 46
f 46 112 44
f 2 113 4
f 4 113 114
f 4 114 115
f 115 116 4
f 4 116 117
f 4 117 118
f 118 119 4
f 4 119 120
f 4 120 18
f 21 121 23
f 23 121 122
f 121 123 122
f 122 123 124
f 123 125 124
f 124 125 126
f 125 107 126
f 126 107 109
f 17 106 10
f 22 127 15
f 15 127 128
f 15 128 129
f 129 130 15
f 15 130 131
f 15 131 132
f 132 133 15
f 15 133 134
f 15 134 135
f 135 136 15
f 15 136 16
f 137 138 139
f 139 138 140
f 139 140 141
f 141 140 142
f 141 142 143
f 143 142 144
f 143 144 145
f 145 144 146
f 145 146 147
f 147 146 148
f 147 148 149
f 149 148 150
f 149 150 151
f 151 150 152
f 151 152 153
f 153 152 154
f 153 154 155
f 155 154 156
f 155 156 157
f 157 156 158
f 139 159 137
f 137 159 160
f 159 161 160
f 160 161 162
f 161 163 162
f 162 163 164
f 163 165 164
f 164 165 166
f 165 167 166
f 166 167 168
f 167 169 168
f 168 169 170
f 169 171 170
f 170 171 172
f 171 173 172
f 172 173 174
f 172 174 175
f 175 174 176
f 175 176 177
f 177 176 178
f 177 178 179
f 179 178 180
f 179 180 181
f 181 180 182
f 181 182 183
f 183 182 184
f 183 184 185
f 185 184 186
f 185 186 187
f 187 186 188
f 187 188 189
f 189 188 190
f 188 191 190
f 190 191 192
f 191 193 192
f 192 193 194
f 193 195 194
f 194 195 196
f 195 197 196
f 196 197 198
f 197 199 198
f 198 199 200
f 199 158 200
f 200 158 156
f 201 202 203
f 203 202 204
f 203 204 205
f 205 204 206
f 205 206 207
f 208 209 210
f 210 209 211
f 210 211 203
f 203 211 212
f 203 212 213
f 213 212 214
f 215 216 217
f 217 216 218
f 217 218 210
f 210 218 219
f 210 219 220
f 221 222 205
f 205 222 223
f 205 223 217
f 217 223 224
f 217 224 225
f 225 224 226
f 225 226 227
f 228 229 230
f 230 229 231
f 230 231 222
f 222 231 232
f 222 232 212
f 212 232 233
f 212 233 234
f 235 236 211
f 211 236 237
f 211 237 223
f 223 237 238
f 223 238 239
f 240 241 242
f 242 241 243
f 242 243 244
f 244 243 245
f 244 245 246
f 246 245 247
f 246 247 248
f 248 247 249
f 248 249 250
f 240 242 251
f 251 242 252
f 251 252 253
f 253 252 254
f 255 256 257
f 257 256 258
f 257 258 252
f 252 258 259
f 252 259 260
f 260 259 261
f 260 261 262
f 262 261 263
f 262 263 264
f 264 263 265
f 264 265 266
f 266 265 267
f 266 267 268
f 268 267 269
f 268 269 270
f 271 272 205
f 205 272 273
f 205 273 274
f 274 273 275
f 274 275 257
f 257 275 276
f 257 276 277
f 205 274 278
f 278 274 279
f 278 279 280
f 278 281 205
f 205 281 282
f 205 282 283
f 283 282 284
f 248 285 282
f 282 285 286
f 282 286 284
f 283 287 205
f 205 287 288
f 205 288 221
f 221 288 289
f 221 289 290
f 290 291 221
f 221 291 292
f 221 292 293
f 294 295 293
f 293 295 296
f 293 296 221
f 221 296 268
f 294 297 295
f 295 297 298
f 295 298 299
f 299 298 300
f 299 300 301
f 299 301 268
f 268 301 302
f 268 302 303
f 303 266 268
f 260 254 252
f 250 285 248
f 296 304 268
f 268 304 299
f 305 306 307
f 307 306 308
f 307 308 309
f 309 308 310
f 309 310 311
f 311 310 270
f 310 268 270
f 221 305 222
f 222 305 312
f 222 312 313
f 309 314 315
f 315 314 316
f 315 316 317
f 317 316 318
f 317 318 319
f 319 318 320
f 319 320 313
f 313 320 321
f 313 321 322
f 317 319 307
f 307 319 323
f 307 323 305
f 305 323 312
f 324 325 326
f 326 325 327
f 326 327 328
f 328 329 326
f 326 329 330
f 326 330 331
f 331 330 332
f 331 332 333
f 333 332 334
f 333 334 335
f 335 334 336
f 335 336 337
f 337 336 338
f 337 338 339
f 339 338 340
f 339 340 341
f 341 340 342
f 341 342 343
f 343 342 344
f 343 344 345
f 345 344 346
f 345 346 347
f 332 348 334
f 334 348 349
f 349 348 350
f 350 348 351
f 350 351 352
f 352 351 353
f 353 351 354
f 354 351 355
f 354 355 356
f 356 355 357
f 355 358 357
f 357 358 359
f 358 360 359
f 359 360 361
f 359 361 362
f 362 361 363
f 362 363 364
f 349 350 314
f 314 350 316
f 365 366 320
f 320 366 367
f 320 367 321
f 313 322 326
f 326 322 368
f 326 368 369
f 369 324 326
f 231 370 232
f 371 372 373
f 373 372 374
f 373 374 232
f 232 374 375
f 232 375 376
f 373 377 371
f 374 372 333
f 333 372 331
f 313 326 222
f 222 326 230
f 207 378 205
f 205 378 271
f 277 379 257
f 257 379 380
f 257 380 381
f 381 380 382
f 380 383 382
f 382 383 384
f 382 384 385
f 385 384 386
f 385 386 387
f 387 386 388
f 386 389 388
f 388 389 390
f 391 392 389
f 389 392 393
f 389 393 390
f 391 394 392
f 381 395 257
f 257 395 396
f 257 396 397
f 397 396 398
f 396 399 398
f 398 399 400
f 399 401 400
f 400 401 402
f 401 403 402
f 402 403 404
f 403 405 404
f 404 405 406
f 405 407 406
f 406 407 408
f 407 409 408
f 408 409 410
f 409 411 410
f 410 411 412
f 411 413 412
f 412 413 414
f 414 413 415
f 415 413 416
f 415 416 417
f 417 416 418
f 417 418 419
f 417 419 420
f 420 419 421
f 420 421 422
f 422 421 423
f 422 423 424
f 424 423 425
f 424 425 426
f 426 425 427
f 425 428 427
f 427 428 429
f 428 430 429
f 429 430 203
f 429 203 213
f 203 430 431
f 431 430 432
f 431 432 433
f 433 432 434
f 433 434 435
f 435 434 436
f 435 436 437
f 437 436 438
f 437 438 439
f 439 438 440
f 439 440 441
f 441 440 442
f 441 442 443
f 443 442 444
f 444 442 445
f 445 442 446
f 445 446 447
f 431 448 203
f 203 448 449
f 203 449 450
f 450 451 203
f 203 451 201
f 397 255 257
f 256 452 258
f 258 452 453
f 258 453 454
f 454 453 455
f 454 455 456
f 454 456 457
f 457 456 458
f 457 458 459
f 459 460 457
f 457 460 461
f 457 461 462
f 462 461 463
f 462 463 464
f 464 465 462
f 462 465 466
f 462 466 467
f 467 466 468
f 467 468 469
f 469 470 467
f 467 470 471
f 470 472 471
f 471 472 473
f 471 473 474
f 472 475 473
f 473 475 476
f 474 477 471
f 471 477 478
f 477 479 478
f 478 479 480
f 478 480 481
f 481 482 478
f 478 482 483
f 482 484 483
f 483 484 485
f 483 485 486
f 486 487 483
f 483 487 488
f 483 488 489
f 483 489 490
f 490 489 491
f 490 491 492
f 492 493 490
f 490 493 494
f 490 494 495
f 495 494 496
f 497 498 495
f 495 498 499
f 495 499 490
f 497 500 498
f 498 500 501
f 500 502 501
f 501 502 503
f 501 503 504
f 504 503 505
f 504 505 506
f 506 505 507
f 506 507 508
f 508 507 509
f 508 509 213
f 213 509 429
f 311 314 309
f 510 511 512
f 512 511 513
f 512 513 347
f 347 513 514
f 347 514 515
f 512 516 510
f 510 516 517
f 516 518 517
f 517 518 519
f 519 518 520
f 520 518 521
f 520 521 522
f 522 521 523
f 522 523 524
f 523 521 525
f 525 521 526
f 525 526 527
f 527 526 528
f 524 529 522
f 510 530 511
f 511 530 531
f 530 532 531
f 531 532 533
f 533 532 534
f 534 532 535
f 534 535 536
f 536 535 537
f 538 539 535
f 535 539 537
f 515 345 347
f 376 233 232
f 234 540 212
f 212 540 541
f 212 541 542
f 542 543 212
f 212 543 214
f 209 544 211
f 211 544 545
f 211 545 546
f 547 548 544
f 544 548 549
f 544 549 545
f 546 550 211
f 211 550 551
f 211 551 552
f 552 553 211
f 211 553 554
f 211 554 555
f 555 556 211
f 211 556 235
f 223 239 557
f 557 239 558
f 557 558 559
f 559 558 560
f 559 560 561
f 561 560 562
f 561 562 563
f 563 562 564
f 562 565 564
f 564 565 566
f 565 567 566
f 566 567 568
f 567 569 568
f 568 569 570
f 568 570 571
f 571 570 572
f 571 572 573
f 573 572 574
f 573 574 575
f 575 574 576
f 575 576 577
f 577 576 578
f 577 578 579
f 579 578 580
f 579 580 581
f 581 580 582
f 580 583 582
f 582 583 584
f 583 585 584
f 584 585 586
f 585 587 586
f 586 587 588
f 587 215 588
f 588 215 217
f 588 217 589
f 589 217 590
f 220 591 210
f 210 591 592
f 210 592 593
f 593 594 210
f 210 594 595
f 210 595 596
f 596 597 210
f 210 597 598
f 210 598 599
f 599 208 210
f 208 600 209
f 209 600 601
f 209 601 602
f 225 603 217
f 217 603 604
f 217 604 605
f 606 607 603
f 603 607 608
f 603 608 604
f 605 609 217
f 217 609 610
f 217 610 611
f 611 612 217
f 217 612 613
f 217 613 614
f 614 615 217
f 217 615 616
f 217 616 617
f 617 618 217
f 217 618 619
f 217 619 590
f 557 620 223
f 223 620 621
f 223 621 622
f 622 623 223
f 223 623 624
f 223 624 625
f 625 626 223
f 223 626 627
f 223 627 628
f 628 629 223
f 223 629 630
f 223 630 631
f 631 224 223
f 227 632 225
f 225 632 633
f 634 635 636
f 636 635 637
f 638 639 640
f 640 639 641
f 642 643 644
f 644 643 645
f 646 647 648
f 648 647 649
f 650 651 652
f 652 651 653
f 654 655 656
f 656 655 657
f 658 659 660
f 660 659 661
f 662 663 664
f 664 663 665
f 666 667 668
f 668 667 669
f 670 671 672
f 672 671 673
f 674 675 676
f 676 675 677
f 678 679 680
f 680 679 681
f 682 683 684
f 684 683 685
f 686 687 688
f 688 687 689
f 690 691 692
f 692 691 693
f 694 695 696
f 696 695 697
f 698 699 700
f 700 699 701
f 702 703 704
f 704 703 705
f 706 707 708
f 708 707 709
f 710 711 712
f 712 711 713
f 714 715 716
f 716 715 717
f 718 719 720
f 720 719 721
f 721 719 722
f 722 719 723
f 722 723 724
f 724 723 725
f 724 725 726
f 727 728 723
f 723 728 725
f 722 729 721
f 730 731 732
f 732 731 733
f 731 734 733
f 733 734 735
f 734 736 735
f 735 736 737
f 736 738 737
f 737 738 739
f 740 741 742
f 742 741 743
f 741 744 743
f 743 744 745
f 744 746 745
f 745 746 747
f 746 748 747
f 747 748 749
f 748 750 749
f 749 750 751
f 750 752 751
f 751 752 753
f 752 754 753
f 753 754 755
f 754 756 755
f 755 756 757
f 758 759 760
f 760 759 761
f 759 762 761
f 761 762 763
f 762 764 763
f 763 764 765
f 764 766 765
f 765 766 767
f 768 769 770
f 770 769 771
f 769 772 771
f 771 772 773
f 772 774 773
f 773 774 775
f 774 776 775
f 775 776 777
f 778 779 780
f 780 779 781
f 779 782 781
f 781 782 783
f 782 784 783
f 783 784 785
f 784 786 785
f 785 786 787
f 786 788 787
f 787 788 789
f 788 790 789
f 789 790 791
f 790 792 791
f 791 792 793
f 792 794 793
f 793 794 795
f 796 797 798
f 798 797 799
f 797 800 799
f 799 800 801
f 800 802 801
f 801 802 803
f 802 730 803
f 803 730 732
f 804 805 806
f 806 805 807
f 808 809 810
f 810 809 811
f 812 813 814
f 814 813 815
f 816 817 818
f 818 817 819
f 820 821 822
f 822 821 823
f 824 825 826
f 826 825 827
f 828 829 830
f 830 829 831
f 832 833 834
f 834 833 835
f 836 837 838
f 838 837 839
f 840 841 842
f 842 841 843
f 844 845 846
f 846 845 847
f 848 849 850
f 850 849 851
f 852 853 849
f 849 853 851
f 854 855 856
f 856 855 857
f 858 859 860
f 860 859 861
f 862 863 864
f 864 863 865
f 866 867 868
f 868 867 869
f 870 871 872
f 872 871 873
f 874 875 876
f 876 875 877
f 878 879 880
f 880 879 881
f 882 883 884
f 884 883 885
f 886 887 888
f 888 887 889
f 890 891 892
f 892 891 893
f 894 895 896
f 896 895 897
f 895 898 897
f 897 898 899
f 898 900 899
f 899 900 901
f 900 902 901
f 901 902 903
f 902 904 903
f 903 904 905
f 906 907 908
f 908 907 909
f 907 910 909
f 909 910 911
f 910 912 911
f 911 912 913
f 912 914 913
f 913 914 915
f 916 917 915
f 915 917 918
f 917 919 918
f 918 919 920
f 921 922 923
f 923 922 924
f 922 925 924
f 924 925 926
f 927 928 929
f 929 928 930
f 931 932 933
f 933 932 934
f 935 936 937
f 937 936 938
f 939 940 941
f 941 940 942
f 943 944 945
f 945 944 946
f 947 948 949
f 949 948 950
f 951 952 953
f 953 952 954
f 952 955 954
f 954 955 956
f 957 958 959
f 959 958 960
f 958 961 960
f 960 961 962
f 963 964 965
f 965 964 966
f 964 967 966
f 966 967 968
f 967 969 968
f 968 969 970
f 969 971 970
f 970 971 972
f 973 974 975
f 975 974 976
f 974 977 976
f 976 977 978
f 977 979 978
f 978 979 980
f 981 982 983
f 983 982 984
f 985 986 987
f 987 986 988
f 989 990 991
f 991 990 992
f 993 994 995
f 995 994 996
f 995 996 997
f 997 996 998
f 997 998 999
f 999 998 1000
f 999 1000 1001
f 1001 1000 1002
f 1001 1002 1003
f 1003 1002 1004
f 1003 1004 1005
f 1005 1004 1006
f 1004 1007 1006
f 1006 1007 1008
f 1007 1009 1008
f 1008 1009 1010
f 1009 1011 1010
f 1010 1011 1012
f 1011 1013 1012
f 1012 1013 1014
f 1013 1015 1014
f 1014 1015 1016
f 1015 1017 1016
f 1016 1017 1018
f 1017 1019 1018
f 1018 1019 1020
f 1018 1020 1021
f 1021 1020 1022
f 1021 1022 1023
f 1020 1024 1022
f 1023 1025 1021
f 1026 1027 1028
f 1028 1027 1029
f 1030 1031 1032
f 1032 1031 1033
f 1034 1035 1036
f 1036 1035 1037
f 1038 1039 1040
f 1040 1039 1041
f 1042 1043 1044
f 1044 1043 1045
f 1046 1047 1048
f 1048 1047 1049
f 1050 1051 1052
f 1052 1051 1053
f 1054 1055 1056
f 1056 1055 1057
f 1058 1059 1060
f 1060 1059 1061
f 1062 1063 1064
f 1064 1063 1065
f 1066 1067 1068
f 1068 1067 1069
f 1070 1071 1072
f 1072 1071 1073
f 1074 1075 1076
f 1076 1075 1077
f 1078 1079 1075
f 1075 1079 1080
f 1075 1080 1077
f 1077 1080 1081
f 1082 1083 1080
f 1080 1083 1084
f 1080 1084 1081
f 1081 1084 1085
f 1086 1087 1088
f 1088 1087 1089
f 1087 1090 1089
f 1089 1090 1091
f 1090 1092 1091
f 1091 1092 1093
f 1094 1095 1096
f 1096 1095 1097
f 1098 1099 1095
f 1095 1099 1100
f 1099 1101 1100
f 1100 1101 1102
f 1101 1103 1102
f 1102 1103 1104
f 1103 1105 1104
f 1104 1105 1106
f 1107 1108 1109
f 1109 1108 1110
f 1108 1111 1110
f 1110 1111 1112
f 1111 1113 1112
f 1112 1113 1114
f 1113 1115 1114
f 1114 1115 1116
f 1117 1118 1119
f 1119 1118 1120
f 1118 1121 1120
f 1120 1121 1122
f 1121 1123 1122
f 1122 1123 1124
f 1123 1125 1124
f 1124 1125 1126
f 1127 1128 1129
f 1129 1128 1130
f 1128 1131 1130
f 1130 1131 1132
f 1131 1133 1132
f 1132 1133 1134
f 1133 1135 1134
f 1134 1135 1136
f 1137 1138 1136
f 1136 1138 1139
f 1140 1141 1142
f 1142 1141 1143
f 1144 1145 1146
f 1146 1145 1147
f 1148 1149 1150
f 1150 1149 1151
f 1149 1152 1151
f 1151 1152 1153
f 1152 1154 1153
f 1153 1154 1155
f 1154 1156 1155
f 1155 1156 1157
f 1156 1158 1157
f 1157 1158 1159
f 1158 1160 1159
f 1159 1160 1161
f 1162 1163 1164
f 1164 1163 1165
f 1163 1166 1165
f 1165 1166 1167
f 1166 1168 1167
f 1167 1168 1169
f 1168 1170 1169
f 1169 1170 1171
f 1172 1173 1174
f 1174 1173 1175
f 1173 1176 1175
f 1175 1176 1177
f 1176 1178 1177
f 1177 1178 1179
f 1178 1180 1179
f 1179 1180 1181
f 1182 1183 1181
f 1181 1183 1184
f 1183 1185 1184
f 1184 1185 1186
f 1185 1187 1186
f 1186 1187 1188
f 1187 1189 1188
f 1188 1189 1190
f 1189 1191 1190
f 1190 1191 1192
f 1193 1194 1195
f 1195 1194 1196
f 1194 1197 1196
f 1196 1197 1198
f 1197 1199 1198
f 1198 1199 1200
f 1199 1201 1200
f 1200 1201 1202
f 1203 1204 1202
f 1202 1204 1205
f 1204 1206 1205
f 1205 1206 1207
f 1206 1208 1207
f 1207 1208 1209
f 1208 1210 1209
f 1209 1210 1211
f 1212 1213 1214
f 1214 1213 1215
f 1213 1216 1215
f 1215 1216 1217
f 1216 1218 1217
f 1217 1218 1219
f 1218 1220 1219
f 1219 1220 1221
f 1222 1223 1224
f 1224 1223 1225
f 1226 1227 1228
f 1228 1227 1229
f 1230 1231 1232
f 1232 1231 1233
f 1234 1235 1236
f 1236 1235 1237
f 1235 1238 1237
f 1237 1238 1239
f 1238 1240 1239
f 1239 1240 1241
f 1240 1242 1241
f 1241 1242 1243
f 1242 1244 1243
f 1243 1244 1245
f 1244 1246 1245
f 1245 1246 1247
f 1248 1249 1247
f 1247 1249 1250
f 1249 1251 1250
f 1250 1251 1252
f 1251 1253 1252
f 1252 1253 1254
f 1253 1255 1254
f 1254 1255 1256
f 1257 1258 1259
f 1259 1258 1260
f 1259 1260 1261
f 1261 1260 1262
f 1260 1263 1262
f 1262 1263 1264
f 1265 1266 1267
f 1267 1266 1268
f 1267 1268 1263
f 1263 1268 1269
f 1263 1269 1264
f 1267 1270 1265
f 1265 1270 1271
f 1270 1272 1271
f 1271 1272 1273
f 1272 1274 1273
f 1273 1274 1275
f 1273 1275 1276
f 1277 1278 1274
f 1274 1278 1275
f 1278 1279 1275
f 1275 1279 1280
f 1279 1281 1280
f 1282 1283 1276
f 1276 1283 1284
f 1276 1284 1285
f 1285 1284 1286
f 1285 1273 1276
f 1265 1287 1266
f 1266 1287 1288
f 1287 1289 1288
f 1288 1289 1290
f 1290 1289 1291
f 1291 1289 1292
f 1291 1292 1293
f 1293 1292 1294
f 1293 1294 1295
f 1293 1295 1296
f 1296 1295 1297
f 1296 1297 1298
f 1296 1298 1299
f 1299 1298 1300
f 1299 1300 1301
f 1301 1300 1302
f 1300 1303 1302
f 1302 1303 1304
f 1291 1305 1290
f 1290 1305 1306
f 1306 1305 1307
f 1307 1305 1308
f 1307 1308 1309
f 1309 1308 1310
f 1309 1310 1311
f 1311 1310 1312
f 1311 1312 1313
f 1314 1315 1313
f 1313 1315 1316
f 1313 1316 1311
f 1314 1317 1315
f 1315 1318 1316
f 1316 1318 1319
f 1318 1320 1319
f 1319 1320 1321
f 1259 1322 1257
f 1257 1322 1323
f 1324 1325 1326
f 1326 1325 1327
f 1325 1328 1327
f 1327 1328 1329
f 1328 1330 1329
f 1329 1330 1331
f 1330 1332 1331
f 1331 1332 1333
f 1334 1335 1336
f 1336 1335 1337
f 1338 1339 1335
f 1335 1339 1340
f 1339 1341 1340
f 1340 1341 1342
f 1341 1343 1342
f 1342 1343 1344
f 1343 1345 1344
f 1344 1345 1346
f 1347 1348 1349
f 1349 1348 1350
f 1348 1351 1350
f 1350 1351 1352
f 1351 1353 1352
f 1352 1353 1354
f 1353 1355 1354
f 1354 1355 1356
f 1357 1358 1359
f 1359 1358 1360
f 1358 1361 1360
f 1360 1361 1362
f 1361 1363 1362
f 1362 1363 1364
f 1363 1365 1364
f 1364 1365 1366
f 1367 1368 1369
f 1369 1368 1370
f 1368 1371 1370
f 1370 1371 1372
f 1371 1373 1372
f 1372 1373 1374
f 1373 1375 1374
f 1374 1375 1376
f 1377 1378 1376
f 1376 1378 1379
f 1380 1381 1382
f 1382 1381 1383
f 1384 1385 1386
f 1386 1385 1387
f 1385 1388 1387
f 1387 1388 1389
f 1388 1390 1389
f 1389 1390 1391
f 1390 1392 1391
f 1391 1392 1393
f 1394 1395 1396
f 1396 1395 1397
f 1395 1398 1397
f 1397 1398 1399
f 1398 1400 1399
f 1399 1400 1401
f 1400 1402 1401
f 1401 1402 1403
f 1404 1405 1403
f 1403 1405 1406
f 1405 1407 1406
f 1406 1407 1408
f 1407 1409 1408
f 1408 1409 1410
f 1409 1411 1410
f 1410 1411 1412
f 1413 1414 1415
f 1415 1414 1416
f 1414 1417 1416
f 1416 1417 1418
f 1417 1419 1418
f 1418 1419 1420
f 1419 1421 1420
f 1420 1421 1422
f 1421 1423 1422
f 1422 1423 1424
f 1425 1426 1427
f 1427 1426 1428
f 1429 1430 1431
f 1431 1430 1432
f 1433 1434 1435
f 1435 1434 1436
f 1434 1437 1436
f 1436 1437 1438
f 1437 1439 1438
f 1438 1439 1440
f 1439 1441 1440
f 1440 1441 1442
f 1443 1444 1445
f 1445 1444 1446
f 1444 1447 1446
f 1446 1447 1448
f 1447 1449 1448
f 1448 1449 1450
f 1449 1451 1450
f 1450 1451 1452
f 1453 1454 1452
f 1452 1454 1455
f 1454 1456 1455
f 1455 1456 1457
f 1456 1458 1457
f 1457 1458 1459
f 1458 1460 1459
f 1459 1460 1461
f 1462 1463 1464
f 1464 1463 1465
f 1463 1466 1465
f 1465 1466 1467
f 1466 1468 1467
f 1467 1468 1469
f 1468 1470 1469
f 1469 1470 1471
f 1470 1472 1471
f 1471 1472 1473
f 1472 1474 1473
f 1473 1474 1475
f 1476 1477 1475
f 1475 1477 1478
f 1477 1479 1478
f 1478 1479 1480
f 1479 1481 1480
f 1480 1481 1482
f 1481 1483 1482
f 1482 1483 1484
f 1485 1486 1487
f 1487 1486 1488
f 1487 1488 1489
f 1489 1490 1487
f 1487 1490 1491
f 1487 1491 1492
f 1492 1491 1493
f 1492 1493 1494
f 1494 1493 1495
f 1490 1496 1491
f 1491 1496 1497
f 1497 1496 1498
f 1498 1496 1499
f 1498 1499 1500
f 1500 1499 1501
f 1499 1502 1501
f 1501 1502 1503
f 1502 1504 1503
f 1503 1504 1505
f 1503 1505 1506
f 1506 1505 1507
f 1505 1508 1507
f 1507 1508 1509
f 1509 1508 1510
f 1510 1508 1511
f 1510 1511 1512
f 1512 1511 1513
f 1510 1514 1509
f 1509 1514 1515
f 1497 1498 1516
f 1516 1498 1517
f 1516 1517 1518
f 1518 1517 1519
f 1520 1521 1517
f 1517 1521 1522
f 1517 1522 1523
f 1520 1524 1521
f 1523 1525 1517
f 1517 1525 1519
f 1518 1526 1516
f 1516 1526 1527
f 1516 1527 1528
f 1528 1529 1516
f 1516 1529 1530
f 1529 1531 1530
f 1530 1531 1532
f 1533 1534 1535
f 1535 1534 1536
f 1535 1536 1493
f 1493 1536 1537
f 1493 1537 1495
f 1535 1538 1533
f 1533 1538 1539
f 1494 1540 1492
f 1492 1540 1541
f 1492 1541 1542
f 1542 1543 1492
f 1492 1543 1544
f 1543 1545 1544
f 1544 1545 1546
f 1547 1548 1487
f 1487 1548 1485
f 1549 1550 1551
f 1551 1550 1552
f 1550 1553 1552
f 1552 1553 1554
f 1555 1556 1557
f 1557 1556 1558
f 1556 1559 1558
f 1558 1559 1560
f 1561 1562 1563
f 1563 1562 1564
f 1565 1566 1567
f 1567 1566 1568
f 1566 1569 1568
f 1568 1569 1570
f 1571 1572 1573
f 1573 1572 1574
f 1572 1575 1574
f 1574 1575 1576
f 1577 1578 1579
f 1579 1578 1580
f 1578 1581 1580
f 1580 1581 1582
f 1583 1584 1585
f 1585 1584 1586
f 1584 1587 1586
f 1586 1587 1588
f 1589 1590 1591
f 1591 1590 1592
f 1593 1594 1595
f 1595 1594 1596
f 1594 1597 1596
f 1596 1597 1598
f 1599 1600 1601
f 1601 1600 1602
f 1600 1603 1602
f 1602 1603 1604
f 1605 1606 1607
f 1607 1606 1608
f 1606 1609 1608
f 1608 1609 1610
f 1609 1611 1610
f 1610 1611 1612
f 1613 1614 1615
f 1615 1614 1616
f 1614 1617 1616
f 1616 1617 1618
f 1619 1620 1621
f 1621 1620 1622
f 1620 1623 1622
f 1622 1623 1624
f 1623 1625 1624
f 1624 1625 1626
f 1627 1628 1629
f 1629 1628 1630
f 1628 1631 1630
f 1630 1631 1632
f 1631 1633 1632
f 1632 1633 1634
f 1633 1635 1634
f 1634 1635 1636
f 1635 1637 1636
f 1636 1637 1638
f 1637 1639 1640
f 1640 1639 1641
f 1639 1642 1641
f 1641 1642 1643
f 1642 1644 1643
f 1643 1644 1645
f 1644 1646 1645
f 1645 1646 1647
f 1648 1649 1650
f 1650 1649 1651
f 1649 1652 1651
f 1651 1652 1653
f 1652 1654 1653
f 1653 1654 1655
f 1654 1656 1655
f 1655 1656 1657
f 1658 1659 1657
f 1657 1659 1660
f 1659 1661 1660
f 1660 1661 1662
f 1661 1663 1662
f 1662 1663 1664
f 1663 1665 1664
f 1664 1665 1666
f 1667 1668 1669
f 1669 1668 1670
f 1671 1672 1673
f 1673 1672 1674
f 1672 1675 1674
f 1674 1675 1676
f 1677 1678 1679
f 1679 1678 1680
f 1678 1681 1680
f 1680 1681 1682
f 1681 1683 1682
f 1682 1683 1684
f 1683 1685 1684
f 1684 1685 1686
f 1687 1688 1689
f 1689 1688 1690
f 1688 1691 1690
f 1690 1691 1692
f 1693 1694 1695
f 1695 1694 1696
f 1697 1698 1699
f 1699 1698 1700
f 1698 1701 1700
f 1700 1701 1702
f 1703 1704 1705
f 1705 1704 1706
f 1704 1707 1706
f 1706 1707 1708
f 1709 1710 1711
f 1711 1710 1712
f 1710 1713 1712
f 1712 1713 1714
f 1713 1715 1714
f 1714 1715 1716
f 1715 1717 1716
f 1716 1717 1718
f 1719 1720 1721
f 1721 1720 1722
f 1720 1723 1722
f 1722 1723 1724
f 1725 1726 1727
f 1727 1726 1728
f 1726 1729 1728
f 1728 1729 1730
f 1731 1732 1733
f 1733 1732 1734
f 1735 1736 1737
f 1737 1736 1738
f 1736 1739 1738
f 1738 1739 1740
f 1739 1741 1740
f 1740 1741 1742
f 1743 1744 1745
f 1745 1744 1746
f 1744 1747 1746
f 1746 1747 1748
f 1747 1749 1748
f 1748 1749 1750
f 1749 1751 1750
f 1750 1751 1752
f 1753 1754 1755
f 1755 1754 1756
f 1754 1757 1756
f 1756 1757 1758
f 1757 1759 1758
f 1758 1759 1760
f 1759 1761 1760
f 1760 1761 1762
f 1763 1764 1762
f 1762 1764 1765
f 1764 1766 1765
f 1765 1766 1767
f 1766 1768 1767
f 1767 1768 1769
f 1768 1770 1769
f 1769 1770 1771
f 1772 1773 1774
f 1774 1773 1775
f 1774 1775 1776
f 1776 1775 1777
f 1772 1778 1773
f 1773 1778 1779
f 1778 1780 1779
f 1779 1780 1781
f 1780 1782 1781
f 1781 1782 1783
f 1782 1784 1783
f 1783 1784 1785
f 1785 1784 1786
f 1786 1784 1787
f 1786 1787 1788
f 1788 1787 1789
f 1788 1789 1790
f 1790 1789 1791
f 1789 1792 1791
f 1791 1792 1793
f 1791 1793 1794
f 1794 1793 1795
f 1794 1795 1796
f 1796 1795 1797
f 1796 1797 1798
f 1798 1797 1799
f 1798 1799 1800
f 1800 1799 1801
f 1800 1801 1802
f 1802 1801 1803
f 1802 1803 1804
f 1802 1804 1805
f 1805 1804 1806
f 1805 1806 1807
f 1807 1806 1808
f 1807 1808 1809
f 1809 1808 1810
f 1809 1810 1811
f 1811 1810 1812
f 1811 1812 1813
f 1811 1813 1814
f 1814 1813 1815
f 1814 1815 1816
f 1816 1815 1817
f 1815 1818 1817
f 1817 1818 1819
f 1818 1820 1819
f 1819 1820 1821
f 1819 1821 1822
f 1822 1821 1823
f 1822 1823 1824
f 1825 1826 1824
f 1824 1826 1827
f 1824 1827 1828
f 1824 1828 1822
f 1822 1828 1829
f 1822 1829 1830
f 1831 1832 1833
f 1833 1832 1834
f 1833 1834 1835
f 1835 1834 1836
f 1835 1836 1837
f 1837 1836 1838
f 1837 1838 1830
f 1830 1838 1839
f 1830 1839 1822
f 1831 1840 1832
f 1841 1842 1775
f 1775 1842 1843
f 1775 1843 1844
f 1845 1846 1842
f 1842 1846 1847
f 1842 1847 1848
f 1848 1849 1842
f 1842 1849 1843
f 1844 1850 1775
f 1775 1850 1851
f 1775 1851 1852
f 1852 1777 1775
f 1853 1854 1855
f 1855 1854 1856
f 1854 1857 1856
f 1856 1857 1858
f 1857 1859 1858
f 1858 1859 1860
f 1859 1861 1860
f 1860 1861 1862
f 1861 1863 1862
f 1862 1863 1864
f 1865 1866 1867
f 1867 1866 1868
f 1869 1870 1871
f 1871 1870 1872
f 1870 1873 1872
f 1872 1873 1874
f 1873 1875 1874
f 1874 1875 1876
f 1875 1877 1876
f 1876 1877 1878
f 1879 1880 1881
f 1881 1880 1882
f 1883 1884 1885
f 1885 1884 1886
f 1884 1887 1886
f 1886 1887 1888
f 1887 1889 1888
f 1888 1889 1890
f 1891 1892 1893
f 1893 1892 1894
f 1892 1895 1894
f 1894 1895 1896
f 1895 1897 1896
f 1896 1897 1898
f 1897 1899 1898
f 1898 1899 1900
f 1899 1901 1900
f 1900 1901 1902
f 1901 1903 1902
f 1902 1903 1904
f 1905 1906 1907
f 1907 1906 1908
f 1906 1909 1908
f 1908 1909 1910
f 1909 1911 1910
f 1910 1911 1912
f 1911 1913 1912
f 1912 1913 1914
f 1913 1915 1914
f 1914 1915 1916
f 1915 1917 1916
f 1916 1917 1918
f 1917 1919 1918
f 1918 1919 1920
f 1919 1921 1920
f 1920 1921 1922
f 1921 1923 1922
f 1922 1923 1924
f 1923 1925 1924
f 1924 1925 1926
f 1925 1927 1926
f 1926 1927 1928
f 1927 1929 1928
f 1928 1929 1930
f 1929 1931 1930
f 1930 1931 1932
f 1933 1934 1935
f 1935 1934 1936
f 1937 1938 1939
f 1939 1938 1940
f 1938 1941 1940
f 1940 1941 1942
f 1941 1943 1942
f 1942 1943 1944
f 1943 1945 1944
f 1944 1945 1946
f 1945 1947 1946
f 1946 1947 1948
f 1947 1949 1948
f 1948 1949 1950
f 1951 1952 1953
f 1953 1952 1954
f 1952 1955 1954
f 1954 1955 1956
f 1955 1957 1956
f 1956 1957 1958
f 1957 1959 1958
f 1958 1959 1960
f 1959 1961 1960
f 1960 1961 1962
f 1961 1963 1962
f 1962 1963 1964
f 1963 1965 1964
f 1964 1965 1966
f 1965 1967 1966
f 1966 1967 1968
f 1969 1970 1971
f 1971 1970 1972
f 1973 1974 1975
f 1975 1974 1976
f 1977 1978 1979
f 1979 1978 1980
f 1981 1982 1983
f 1983 1982 1984
f 1985 1986 1987
f 1987 1986 1988
f 1987 1988 1989
f 1989 1988 1990
f 1989 1990 1991
f 1991 1990 1992
f 1990 1993 1992
f 1992 1993 1994
f 1992 1994 1995
f 1995 1994 1996
f 1997 1998 1989
f 1989 1998 1999
f 1989 1999 1987
f 1998 2000 1999
f 1999 2000 2001
f 1999 2001 2002
f 2002 2003 1999
f 1999 2003 2004
f 1999 2004 2005
f 2005 2004 2006
f 2005 2006 2007
f 2007 2006 2008
f 2007 2008 2009
f 2009 2008 2010
f 2009 2011 2007
f 2007 2011 2012
f 2011 2013 2012
f 2012 2013 2014
f 2013 2015 2014
f 2014 2015 2016
f 2015 2017 2016
f 2016 2017 2018
f 2017 2019 2018
f 2018 2019 2020
f 2021 2022 2023
f 2023 2022 2024
f 2023 2024 2025
f 2025 2024 2026
f 2025 2026 2027
f 2027 2026 2028
f 2027 2028 1987
f 1987 2028 2029
f 1987 2029 2030
f 2031 2032 2023
f 2023 2032 2033
f 2023 2033 2034
f 2031 2035 2032
f 2032 2035 2036
f 2034 2021 2023
f 2030 1985 1987
f 2037 2038 2039
f 2039 2038 2040
f 2038 2041 2040
f 2040 2041 2042
f 2041 2043 2042
f 2042 2043 2044
f 2043 2045 2044
f 2044 2045 2046
f 2045 2047 2046
f 2046 2047 2048
f 2049 2050 2051
f 2051 2050 2052
f 2053 2054 2055
f 2055 2054 2056
f 2054 2057 2056
f 2056 2057 2058
f 2057 2059 2058
f 2058 2059 2060
f 2059 2061 2060
f 2060 2061 2062
f 2061 2063 2062
f 2062 2063 2064
f 2065 2066 2067
f 2067 2066 2068
f 2066 2069 2068
f 2068 2069 2070
f 2069 2071 2070
f 2070 2071 2072
f 2071 2073 2072
f 2072 2073 2074
f 2075 2076 2077
f 2077 2076 2078
f 2079 2080 2081
f 2081 2080 2082
f 2080 2083 2082
f 2082 2083 2084
f 2083 2085 2084
f 2084 2085 2086
f 2085 2087 2086
f 2086 2087 2088
f 2087 2089 2088
f 2088 2089 2090
f 2089 2091 2090
f 2090 2091 2092
f 2091 2093 2092
f 2092 2093 2094
f 2093 2095 2094
f 2094 2095 2096
f 2097 2098 2099
f 2099 2098 2100
f 2098 2101 2100
f 2100 2101 2102
f 2101 2103 2102
f 2102 2103 2104
f 2103 2105 2104
f 2104 2105 2106
f 2105 2107 2106
f 2106 2107 2108
f 2107 2109 2108
f 2108 2109 2110
f 2111 2112 2113
f 2113 2112 2114
f 2115 2116 2117
f 2117 2116 2118
f 2116 2119 2118
f 2118 2119 2120
f 2119 2121 2120
f 2120 2121 2122
f 2121 2123 2122
f 2122 2123 2124
f 2123 2125 2124
f 2124 2125 2126
f 2125 2127 2126
f 2126 2127 2128
f 2127 2129 2128
f 2128 2129 2130
f 2129 2131 2130
f 2130 2131 2132
f 2131 2133 2132
f 2132 2133 2134
f 2133 2135 2134
f 2134 2135 2136
f 2135 2137 2136
f 2136 2137 2138
f 2137 2139 2138
f 2138 2139 2140
f 2139 2141 2140
f 2140 2141 2142
f 2143 2144 2145
f 2145 2144 2146
f 2144 2147 2146
f 2146 2147 2148
f 2147 2149 2148
f 2148 2149 2150
f 2149 2151 2150
f 2150 2151 2152
f 2151 2153 2152
f 2152 2153 2154
f 2155 2156 2157
f 2157 2156 2158
f 2156 2159 2158
f 2158 2159 2160
f 2159 2161 2160
f 2160 2161 2162
f 2161 2163 2162
f 2162 2163 2164
f 2165 2166 2167
f 2167 2166 2168
f 2169 2170 2171
f 2171 2170 2172
f 2171 2172 2173
f 2173 2172 2174
f 2175 2176 2177
f 2177 2176 2178
f 2177 2178 2179
f 2179 2178 2180
f 2179 2180 2181
f 2181 2180 2182
f 2181 2182 2170
f 2170 2182 2183
f 2170 2183 2172
f 2175 2184 2176
f 2182 2185 2183
f 2183 2185 2186
f 2183 2186 2187
f 2187 2188 2183
f 2183 2188 2189
f 2183 2189 2190
f 2183 2190 2191
f 2191 2190 2192
f 2191 2192 2193
f 2193 2192 2194
f 2193 2194 2195
f 2195 2194 2196
f 2195 2196 2197
f 2197 2198 2195
f 2195 2198 2199
f 2195 2199 2200
f 2201 2202 2200
f 2200 2202 2203
f 2200 2203 2195
f 2204 2205 2206
f 2206 2205 2207
f 2206 2207 2208
f 2208 2207 2209
f 2208 2209 2172
f 2172 2209 2210
f 2172 2210 2211
f 2212 2213 2214
f 2214 2213 2215
f 2214 2215 2216
f 2216 2215 2217
f 2216 2217 2218
f 2218 2217 2219
f 2218 2219 2220
f 2220 2219 2221
f 2220 2221 2206
f 2206 2221 2222
f 2206 2222 2204
f 2211 2174 2172
f 2223 2224 2225
f 2225 2224 2226
f 2224 2227 2226
f 2226 2227 2228
f 2229 2230 2231
f 2231 2230 2232
f 2230 2233 2232
f 2232 2233 2234
f 2235 2236 2237
f 2237 2236 2238
f 2236 2239 2238
f 2238 2239 2240
f 2241 2242 2240
f 2240 2242 2243
f 2242 2244 2243
f 2243 2244 2245
f 2246 2247 2248
f 2248 2247 2249
f 2247 2250 2249
f 2249 2250 2251
f 2252 2253 2254
f 2254 2253 2255
f 2253 2256 2255
f 2255 2256 2257
f 2258 2259 2260
f 2260 2259 2261
f 2259 2262 2261
f 2261 2262 2263
f 2264 2265 2263
f 2263 2265 2266
f 2265 2267 2266
f 2266 2267 2268
f 2267 2269 2268
f 2268 2269 2270
f 2269 2271 2270
f 2270 2271 2272
f 2273 2274 2275
f 2275 2274 2276
f 2274 2277 2276
f 2276 2277 2278
f 2279 2280 2281
f 2281 2280 2282
f 2280 2283 2282
f 2282 2283 2284
f 2285 2286 2287
f 2287 2286 2288
f 2286 2289 2288
f 2288 2289 2290
f 2289 2291 2290
f 2290 2291 2292
f 2291 2293 2292
f 2292 2293 2294
f 2295 2296 2297
f 2297 2296 2298
f 2296 2299 2298
f 2298 2299 2300
f 2301 2302 2303
f 2303 2302 2304
f 2302 2305 2304
f 2304 2305 2306
f 2307 2308 2309
f 2309 2308 2310
f 2308 2311 2310
f 2310 2311 2312
f 2313 2314 2315
f 2315 2314 2316
f 2316 2314 2317
f 2317 2314 2318
f 2317 2318 2319
f 2319 2318 2320
f 2318 2321 2320
f 2320 2321 2322
f 2321 2323 2322
f 2322 2323 2324
f 2323 2325 2324
f 2324 2325 2326
f 2325 2327 2326
f 2326 2327 2328
f 2327 2329 2328
f 2328 2329 2330
f 2328 2330 2331
f 2331 2330 2332
f 2331 2332 2333
f 2332 2330 2334
f 2334 2330 2335
f 2334 2335 2336
f 2336 2335 2337
f 2338 2339 2333
f 2333 2339 2340
f 2333 2340 2331
f 2317 2319 2341
f 2341 2319 2342
f 2341 2342 2343
f 2343 2342 2344
f 2345 2346 2347
f 2347 2346 2348
f 2349 2350 2351
f 2351 2350 2352
f 2353 2354 2355
f 2355 2354 2356
f 2357 2358 2359
f 2359 2358 2360
f 2361 2362 2363
f 2363 2362 2364
f 2365 2366 2367
f 2367 2366 2368
f 2366 2369 2368
f 2368 2369 2370
f 2369 2371 2370
f 2370 2371 2372
f 2371 2373 2372
f 2372 2373 2374
f 2373 2375 2374
f 2374 2375 2376
f 2375 2377 2376
f 2376 2377 2378
f 2377 2379 2378
f 2378 2379 2380
f 2379 2381 2380
f 2380 2381 2382
f 2383 2384 2385
f 2385 2384 2386
f 2384 2387 2386
f 2386 2387 2388
f 2387 2389 2388
f 2388 2389 2390
f 2389 2391 2390
f 2390 2391 2392
f 2391 2393 2392
f 2392 2393 2394
f 2393 2395 2394
f 2394 2395 2396
f 2395 2397 2396
f 2396 2397 2398
f 2397 2399 2398
f 2398 2399 2400
f 2401 2402 2400
f 2400 2402 2403
f 2402 2404 2403
f 2403 2404 2405
f 2404 2406 2405
f 2405 2406 2407
f 2406 2408 2407
f 2407 2408 2409
f 2408 2410 2409
f 2409 2410 2411
f 2410 2412 2411
f 2411 2412 2413
f 2412 2414 2413
f 2413 2414 2415
f 2414 2416 2415
f 2415 2416 2417
f 2418 2419 2417
f 2417 2419 2420
f 2419 2421 2420
f 2420 2421 2422
f 2421 2423 2422
f 2422 2423 2424
f 2423 2425 2424
f 2424 2425 2426
f 2425 2427 2426
f 2426 2427 2428
f 2427 2429 2428
f 2428 2429 2430
f 2429 2431 2430
f 2430 2431 2432
f 2431 2433 2432
f 2432 2433 2434
f 2435 2436 2437
f 2437 2436 2438
f 2437 2438 2439
f 2439 2438 2440
f 2439 2440 2441
f 2441 2440 2442
f 2441 2442 2443
f 2443 2442 2444
f 2435 2445 2436
f 2446 2447 2448
f 2448 2447 2449
f 2448 2449 2438
f 2438 2449 2450
f 2438 2450 2440
f 2440 2450 2451
f 2440 2451 2452
f 2452 2451 2453
f 2452 2453 2454
f 2450 2449 2455
f 2455 2449 2456
f 2455 2456 2457
f 2450 2458 2451
f 2451 2458 2459
f 2458 2460 2459
f 2439 2441 2461
f 2461 2441 2462
f 2461 2462 2463
f 2439 2464 2437
f 2437 2464 2465
f 2464 2466 2465
f 2467 2468 2469
f 2469 2468 2470
f 2468 2471 2470
f 2470 2471 2472
f 2471 2473 2472
f 2472 2473 2474
f 2473 2475 2474
f 2474 2475 2476
f 2475 2477 2476
f 2476 2477 2478
f 2477 2479 2478
f 2478 2479 2480
f 2479 2481 2480
f 2480 2481 2482
f 2481 2483 2482
f 2482 2483 2484
f 2485 2486 2487
f 2487 2486 2488
f 2486 2489 2488
f 2488 2489 2490
f 2489 2491 2490
f 2490 2491 2492
f 2491 2493 2492
f 2492 2493 2494
f 2493 2495 2494
f 2494 2495 2496
f 2495 2497 2496
f 2496 2497 2498
f 2497 2499 2498
f 2498 2499 2500
f 2499 2501 2500
f 2500 2501 2502
f 2503 2504 2502
f 2502 2504 2505
f 2504 2506 2505
f 2505 2506 2507
f 2506 2508 2507
f 2507 2508 2509
f 2508 2510 2509
f 2509 2510 2511
f 2510 2512 2511
f 2511 2512 2513
f 2512 2514 2513
f 2513 2514 2515
f 2514 2516 2515
f 2515 2516 2517
f 2516 2518 2517
f 2517 2518 2519
f 2520 2521 2519
f 2519 2521 2522
f 2521 2523 2522
f 2522 2523 2524
f 2523 2525 2524
f 2524 2525 2526
f 2525 2527 2526
f 2526 2527 2528
f 2527 2529 2528
f 2528 2529 2530
f 2529 2531 2530
f 2530 2531 2532
f 2531 2533 2532
f 2532 2533 2534
f 2533 2535 2534
f 2534 2535 2536
f 2537 2538 2539
f 2539 2538 2540
f 2539 2540 2541
f 2541 2540 2542
f 2541 2542 2543
f 2543 2542 2544
f 2543 2544 2545
f 2545 2544 2546
f 2537 2547 2538
f 2548 2549 2550
f 2550 2549 2551
f 2550 2551 2540
f 2540 2551 2552
f 2540 2552 2542
f 2542 2552 2553
f 2542 2553 2554
f 2554 2553 2555
f 2554 2555 2556
f 2552 2551 2557
f 2557 2551 2558
f 2557 2558 2559
f 2552 2560 2553
f 2553 2560 2561
f 2560 2562 2561
f 2541 2543 2563
f 2563 2543 2564
f 2563 2564 2565
f 2541 2566 2539
f 2539 2566 2567
f 2566 2568 2567
f 2569 2570 2571
f 2571 2570 2572
f 2570 2573 2572
f 2572 2573 2574
f 2573 2575 2574
f 2574 2575 2576
f 2575 2577 2576
f 2576 2577 2578
f 2577 2579 2578
f 2578 2579 2580
f 2579 2581 2580
f 2580 2581 2582
f 2581 2583 2582
f 2582 2583 2584
f 2583 2585 2584
f 2584 2585 2586
f 2587 2588 2589
f 2589 2588 2590
f 2588 2591 2590
f 2590 2591 2592
f 2591 2593 2592
f 2592 2593 2594
f 2593 2595 2594
f 2594 2595 2596
f 2595 2597 2596
f 2596 2597 2598
f 2597 2599 2598
f 2598 2599 2600
f 2599 2601 2600
f 2600 2601 2602
f 2601 2603 2602
f 2602 2603 2604
f 2605 2606 2604
f 2604 2606 2607
f 2606 2608 2607
f 2607 2608 2609
f 2608 2610 2609
f 2609 2610 2611
f 2610 2612 2611
f 2611 2612 2613
f 2612 2614 2613
f 2613 2614 2615
f 2614 2616 2615
f 2615 2616 2617
f 2616 2618 2617
f 2617 2618 2619
f 2618 2620 2619
f 2619 2620 2621
f 2622 2623 2621
f 2621 2623 2624
f 2623 2625 2624
f 2624 2625 2626
f 2625 2627 2626
f 2626 2627 2628
f 2627 2629 2628
f 2628 2629 2630
f 2629 2631 2630
f 2630 2631 2632
f 2631 2633 2632
f 2632 2633 2634
f 2633 2635 2634
f 2634 2635 2636
f 2635 2637 2636
f 2636 2637 2638
f 2639 2640 2641
f 2641 2640 2642
f 2641 2642 2643
f 2643 2642 2644
f 2643 2644 2645
f 2645 2644 2646
f 2645 2646 2647
f 2647 2646 2648
f 2639 2649 2640
f 2650 2651 2652
f 2652 2651 2653
f 2652 2653 2642
f 2642 2653 2654
f 2642 2654 2644
f 2644 2654 2655
f 2644 2655 2656
f 2656 2655 2657
f 2656 2657 2658
f 2654 2653 2659
f 2659 2653 2660
f 2659 2660 2661
f 2654 2662 2655
f 2655 2662 2663
f 2662 2664 2663
f 2643 2645 2665
f 2665 2645 2666
f 2665 2666 2667
f 2643 2668 2641
f 2641 2668 2669
f 2668 2670 2669
f 2671 2672 2673
f 2673 2672 2674
f 2672 2675 2674
f 2674 2675 2676
f 2675 2677 2676
f 2676 2677 2678
f 2677 2679 2678
f 2678 2679 2680
f 2679 2681 2680
f 2680 2681 2682
f 2681 2683 2682
f 2682 2683 2684
f 2683 2685 2684
f 2684 2685 2686
f 2685 2687 2686
f 2686 2687 2688
f 2689 2690 2691
f 2691 2690 2692
f 2690 2693 2692
f 2692 2693 2694
f 2693 2695 2694
f 2694 2695 2696
f 2695 2697 2696
f 2696 2697 2698
f 2697 2699 2698
f 2698 2699 2700
f 2699 2701 2700
f 2700 2701 2702
f 2701 2703 2702
f 2702 2703 2704
f 2703 2705 2704
f 2704 2705 2706
f 2707 2708 2709
f 2709 2708 2710
f 2708 2711 2710
f 2710 2711 2712
f 2711 2713 2712
f 2712 2713 2714
f 2713 2715 2714
f 2714 2715 2716
f 2715 2717 2716
f 2716 2717 2718
f 2717 2719 2718
f 2718 2719 2720
f 2719 2721 2720
f 2720 2721 2722
f 2721 2723 2722
f 2722 2723 2724
f 2725 2726 2727
f 2727 2726 2728
f 2726 2729 2728
f 2728 2729 2730
f 2729 2731 2730
f 2730 2731 2732
f 2731 2733 2732
f 2732 2733 2734
f 2733 2735 2734
f 2734 2735 2736
f 2735 2737 2736
f 2736 2737 2738
f 2737 2739 2738
f 2738 2739 2740
f 2739 2741 2740
f 2740 2741 2742
f 2743 2744 2745
f 2745 2744 2746
f 2745 2746 2747
f 2747 2746 2748
f 2747 2748 2749
f 2749 2748 2750
f 2749 2750 2751
f 2743 2752 2744
f 2748 2746 2753
f 2753 2746 2754
f 2753 2754 2755
f 2755 2754 2756
f 2757 2758 2753
f 2753 2758 2759
f 2753 2759 2760
f 2760 2759 2761
f 2760 2761 2762
f 2762 2761 2763
f 2762 2763 2764
f 2757 2765 2758
f 2759 2766 2761
f 2761 2766 2767
f 2766 2768 2767
f 2753 2760 2748
f 2748 2760 2769
f 2748 2769 2770
f 2770 2769 2771
f 2747 2772 2745
f 2745 2772 2773
f 2772 2774 2773
f 2775 2776 2777
f 2777 2776 2778
f 2777 2778 2779
f 2779 2778 2780
f 2779 2780 2781
f 2781 2780 2782
f 2781 2782 2783
f 2783 2782 2784
f 2783 2784 2785
f 2785 2784 2786
f 2785 2786 2787
f 2787 2786 2788
f 2786 2789 2788
f 2788 2789 2790
f 2789 2791 2790
f 2790 2791 2792
f 2791 2793 2792
f 2792 2793 2794
f 2793 2795 2794
f 2794 2795 2796
f 2796 2795 2797
f 2797 2795 2798
f 2797 2798 2799
f 2799 2798 2800
f 2799 2800 2801
f 2801 2800 2802
f 2801 2802 2803
f 2803 2802 2804
f 2803 2804 2805
f 2805 2804 2806
f 2806 2804 2807
f 2806 2807 2808
f 2808 2807 2809
f 2808 2809 2810
f 2810 2809 2811
f 2810 2811 2812
f 2812 2811 2813
f 2812 2813 2814
f 2814 2813 2815
f 2814 2815 2816
f 2816 2815 2817
f 2815 2818 2817
f 2817 2818 2819
f 2818 2820 2819
f 2819 2820 2821
f 2820 2822 2821
f 2821 2822 2823
f 2822 2824 2823
f 2823 2824 2825
f 2825 2824 2826
f 2826 2824 2827
f 2826 2827 2828
f 2828 2827 2829
f 2828 2829 2830
f 2830 2829 2831
f 2830 2831 2832
f 2832 2831 2776
f 2832 2776 2775
f 2833 2834 2835
f 2835 2834 2836
f 2834 2837 2836
f 2836 2837 2838
f 2837 2839 2838
f 2838 2839 2840
f 2839 2841 2840
f 2840 2841 2842
f 2841 2843 2842
f 2842 2843 2844
f 2843 2845 2844
f 2844 2845 2846
f 2845 2847 2846
f 2846 2847 2848
f 2847 2849 2848
f 2848 2849 2850
f 2849 2851 2850
f 2850 2851 2852
f 2851 2853 2852
f 2852 2853 2854
f 2853 2855 2854
f 2854 2855 2856
f 2855 2857 2856
f 2856 2857 2858
f 2859 2860 2861
f 2861 2860 2862
f 2861 2862 2863
f 2863 2862 2864
f 2863 2864 2865
f 2865 2864 2866
f 2865 2866 2867
f 2867 2866 2868
f 2867 2868 2869
f 2869 2868 2870
f 2869 2870 2871
f 2871 2870 2872
f 2871 2872 2873
f 2873 2872 2874
f 2873 2874 2875
f 2875 2874 2876
f 2875 2876 2877
f 2877 2876 2878
f 2877 2878 2879
f 2879 2878 2880
f 2879 2880 2881
f 2881 2880 2882
f 2881 2882 2883
f 2883 2882 2884
f 2883 2884 2885
f 2885 2884 2886
f 2885 2886 2887
f 2887 2886 2888
f 2887 2888 2889
f 2889 2888 2890
f 2891 2892 2893
f 2893 2892 2894
f 2893 2894 2895
f 2895 2894 2896
f 2895 2896 2897
f 2897 2896 2898
f 2897 2898 2899
f 2899 2898 2900
f 2899 2900 2901
f 2901 2900 2902
f 2901 2902 2903
f 2903 2902 2904
f 2903 2904 2905
f 2905 2904 2906
f 2905 2906 2907
f 2907 2906 2908
f 2906 2909 2908
f 2908 2909 2910
f 2909 2911 2910
f 2910 2911 2912
f 2911 2913 2912
f 2912 2913 2914
f 2913 2915 2914
f 2914 2915 2916
f 2915 2917 2916
f 2916 2917 2918
f 2917 2919 2918
f 2918 2919 2920
f 2919 2921 2920
f 2920 2921 2922
f 2922 2921 2923
f 2923 2921 2924
f 2923 2924 2925
f 2925 2924 2926
f 2925 2926 2927
f 2927 2926 2928
f 2927 2928 2929
f 2929 2928 2930
f 2929 2930 2931
f 2931 2930 2932
f 2931 2932 2933
f 2933 2932 2934
f 2933 2934 2935
f 2935 2934 2936
f 2935 2936 2937
f 2937 2936 2938
f 2936 2939 2938
f 2938 2939 2940
f 2939 2941 2940
f 2940 2941 2942
f 2941 2943 2942
f 2942 2943 2944
f 2943 2945 2944
f 2944 2945 2946
f 2945 2947 2946
f 2946 2947 2948
f 2947 2949 2948
f 2948 2949 2950
f 2949 2892 2950
f 2950 2892 2891
f 2951 2952 2953
f 2953 2952 2954
f 2953 2954 2955
f 2955 2954 2956
f 2955 2956 2957
f 2957 2956 2958
f 2957 2958 2959
f 2959 2958 2960
f 2959 2960 2961
f 2961 2960 2962
f 2961 2962 2963
f 2963 2962 2964
f 2963 2964 2965
f 2965 2964 2966
f 2965 2966 2967
f 2967 2966 2968
f 2967 2968 2969
f 2969 2968 2970
f 2969 2970 2971
f 2971 2970 2972
f 2971 2972 2973
f 2973 2972 2974
f 2973 2974 2975
f 2975 2974 2976
f 2975 2976 2977
f 2951 2978 2952
f 2979 2980 2981
f 2981 2980 2982
f 2981 2982 2983
f 2983 2982 2984
f 2983 2984 2985
f 2985 2984 2986
f 2985 2986 2987
f 2987 2986 2988
f 2987 2988 2989
f 2989 2988 2990
f 2989 2990 2991
f 2991 2990 2992
f 2991 2992 2993
f 2993 2992 2994
f 2993 2994 2995
f 2995 2994 2996
f 2995 2996 2997
f 2997 2996 2998
f 2997 2998 2999
f 2999 2998 3000
f 2999 3000 3001
f 3001 3000 3002
f 3001 3002 3003
f 3003 3002 3004
f 3003 3004 3005
f 3005 3004 3006
f 3005 3006 3007
f 3007 3006 3008
f 3007 3008 3009
f 3009 3008 3010
f 3011 3012 3013
f 3013 3012 3014
f 3013 3014 3015
f 3015 3014 3016
f 3015 3016 3017
f 3017 3016 3018
f 3017 3018 3019
f 3019 3018 3020
f 3019 3020 3021
f 3021 3020 3022
f 3021 3022 3023
f 3023 3022 3024
f 3022 3025 3024
f 3024 3025 3026
f 3025 3027 3026
f 3026 3027 3028
f 3027 3029 3028
f 3028 3029 3030
f 3029 3031 3030
f 3030 3031 3032
f 3032 3031 3033
f 3033 3031 3034
f 3033 3034 3035
f 3035 3034 3036
f 3035 3036 3037
f 3037 3036 3038
f 3037 3038 3039
f 3039 3038 3040
f 3039 3040 3041
f 3041 3040 3042
f 3042 3040 3043
f 3042 3043 3044
f 3044 3043 3045
f 3044 3045 3046
f 3046 3045 3047
f 3046 3047 3048
f 3048 3047 3049
f 3048 3049 3050
f 3050 3049 3051
f 3050 3051 3052
f 3052 3051 3053
f 3051 3054 3053
f 3053 3054 3055
f 3054 3056 3055
f 3055 3056 3057
f 3056 3058 3057
f 3057 3058 3059
f 3058 3060 3059
f 3059 3060 3061
f 3061 3060 3062
f 3062 3060 3063
f 3062 3063 3064
f 3064 3063 3065
f 3064 3065 3066
f 3066 3065 3067
f 3066 3067 3068
f 3068 3067 3012
f 3068 3012 3011
f 3069 3070 3071
f 3071 3070 3072
f 3070 3073 3072
f 3072 3073 3074
f 3073 3075 3074
f 3074 3075 3076
f 3075 3077 3076
f 3076 3077 3078
f 3077 3079 3078
f 3078 3079 3080
f 3079 3081 3080
f 3080 3081 3082
f 3081 3083 3082
f 3082 3083 3084
f 3083 3085 3084
f 3084 3085 3086
f 3085 3087 3086
f 3086 3087 3088
f 3087 3089 3088
f 3088 3089 3090
f 3089 3091 3090
f 3090 3091 3092
f 3091 3093 3092
f 3092 3093 3094
f 3095 3096 3097
f 3097 3096 3098
f 3097 3098 3099
f 3099 3098 3100
f 3099 3100 3101
f 3101 3100 3102
f 3101 3102 3103
f 3103 3102 3104
f 3103 3104 3105
f 3105 3104 3106
f 3105 3106 3107
f 3107 3106 3108
f 3107 3108 3109
f 3109 3108 3110
f 3109 3110 3111
f 3111 3110 3112
f 3111 3112 3113
f 3113 3112 3114
f 3113 3114 3115
f 3115 3114 3116
f 3115 3116 3117
f 3117 3116 3118
f 3117 3118 3119
f 3119 3118 3120
f 3119 3120 3121
f 3121 3120 3122
f 3121 3122 3123
f 3123 3122 3124
f 3123 3124 3125
f 3125 3124 3126
f 3127 3128 3129
f 3129 3128 3130
f 3129 3130 3131
f 3131 3130 3132
f 3131 3132 3133
f 3131 3133 3134
f 3134 3133 3135
f 3134 3135 3136
f 3136 3135 3137
f 3136 3137 3138
f 3139 3140 3141
f 3141 3140 3142
f 3141 3142 3143
f 3141 3143 3144
f 3144 3143 3145
f 3144 3145 3146
f 3146 3145 3147
f 3146 3147 3148
f 3149 3150 3148
f 3148 3150 3151
f 3148 3151 3146
f 3146 3151 3152
f 3146 3152 3153
f 3153 3152 3154
f 3153 3154 3155
f 3155 3154 3156
f 3155 3156 3139
f 3150 3157 3151
f 3151 3157 3158
f 3151 3158 3152
f 3152 3158 3159
f 3152 3159 3154
f 3154 3159 3160
f 3154 3160 3156
f 3156 3160 3161
f 3156 3161 3139
f 3157 3162 3158
f 3158 3162 3163
f 3158 3163 3164
f 3164 3163 3165
f 3164 3165 3166
f 3166 3165 3167
f 3166 3167 3168
f 3168 3167 3169
f 3168 3169 3170
f 3168 3170 3171
f 3171 3170 3172
f 3171 3172 3173
f 3173 3172 3174
f 3173 3174 3127
f 3155 3139 3175
f 3175 3139 3141
f 3138 3139 3136
f 3136 3139 3176
f 3136 3176 3177
f 3177 3176 3178
f 3177 3178 3179
f 3179 3178 3180
f 3179 3180 3168
f 3168 3180 3166
f 3136 3177 3134
f 3134 3177 3181
f 3134 3181 3131
f 3131 3181 3173
f 3131 3173 3129
f 3129 3173 3127
f 3146 3153 3144
f 3144 3153 3175
f 3144 3175 3141
f 3175 3153 3155
f 3158 3164 3159
f 3159 3164 3182
f 3159 3182 3160
f 3160 3182 3183
f 3160 3183 3161
f 3161 3183 3184
f 3161 3184 3139
f 3164 3166 3182
f 3182 3166 3180
f 3182 3180 3183
f 3183 3180 3178
f 3183 3178 3184
f 3184 3178 3176
f 3184 3176 3139
f 3168 3171 3179
f 3179 3171 3181
f 3179 3181 3177
f 3173 3181 3171
f 3185 3186 3187
f 3187 3186 3188
f 3187 3188 3189
f 3189 3188 3190
f 3189 3190 3191
f 3189 3191 3192
f 3192 3191 3193
f 3192 3193 3194
f 3194 3193 3195
f 3194 3195 3196
f 3197 3198 3199
f 3199 3198 3200
f 3199 3200 3201
f 3199 3201 3202
f 3202 3201 3203
f 3202 3203 3204
f 3204 3203 3205
f 3204 3205 3206
f 3207 3208 3206
f 3206 3208 3209
f 3206 3209 3204
f 3204 3209 3210
f 3204 3210 3211
f 3211 3210 3212
f 3211 3212 3213
f 3213 3212 3214
f 3213 3214 3197
f 3208 3215 3209
f 3209 3215 3216
f 3209 3216 3210
f 3210 3216 3217
f 3210 3217 3212
f 3212 3217 3218
f 3212 3218 3214
f 3214 3218 3219
f 3214 3219 3197
f 3215 3220 3216
f 3216 3220 3221
f 3216 3221 3222
f 3222 3221 3223
f 3222 3223 3224
f 3224 3223 3225
f 3224 3225 3226
f 3226 3225 3227
f 3226 3227 3228
f 3226 3228 3229
f 3229 3228 3230
f 3229 3230 3231
f 3231 3230 3232
f 3231 3232 3185
f 3213 3197 3233
f 3233 3197 3199
f 3196 3197 3194
f 3194 3197 3234
f 3194 3234 3235
f 3235 3234 3236
f 3235 3236 3237
f 3237 3236 3238
f 3237 3238 3226
f 3226 3238 3224
f 3194 3235 3192
f 3192 3235 3239
f 3192 3239 3189
f 3189 3239 3231
f 3189 3231 3187
f 3187 3231 3185
f 3204 3211 3202
f 3202 3211 3233
f 3202 3233 3199
f 3233 3211 3213
f 3216 3222 3217
f 3217 3222 3240
f 3217 3240 3218
f 3218 3240 3241
f 3218 3241 3219
f 3219 3241 3242
f 3219 3242 3197
f 3222 3224 3240
f 3240 3224 3238
f 3240 3238 3241
f 3241 3238 3236
f 3241 3236 3242
f 3242 3236 3234
f 3242 3234 3197
f 3226 3229 3237
f 3237 3229 3239
f 3237 3239 3235
f 3231 3239 3229
f 3243 3206 3244
f 3244 3206 3245
f 3245 3206 3246
f 3246 3206 3205
f 3246 3205 3203
f 3246 3203 3247
f 3247 3203 3201
f 3247 3201 3248
f 3248 3201 3200
f 3248 3200 3249
f 3249 3200 3198
f 3249 3198 3250
f 3250 3198 3251
f 3250 3251 3196
f 3250 3196 3252
f 3252 3196 3195
f 3252 3195 3193
f 3191 3253 3193
f 3193 3253 3254
f 3193 3254 3252
f 3191 3190 3253
f 3253 3190 3255
f 3190 3188 3255
f 3255 3188 3256
f 3257 3258 3188
f 3188 3258 3256
f 3259 3260 3261
f 3261 3260 3262
f 3260 3263 3262
f 3262 3263 3264
f 3264 3263 3265
f 3265 3263 3266
f 3265 3266 3267
f 3265 3267 3268
f 3268 3267 3269
f 3268 3269 3270
f 3270 3269 3271
f 3269 3272 3271
f 3271 3272 3273
f 3271 3273 3274
f 3275 3276 3277
f 3277 3276 3278
f 3277 3278 3279
f 3279 3278 3280
f 3279 3280 3281
f 3281 3280 3282
f 3283 3284 3285
f 3285 3284 3286
f 3286 3284 3287
f 3287 3284 3288
f 3287 3288 3289
f 3287 3289 3290
f 3290 3289 3291
f 3290 3291 3292
f 3292 3291 3293
f 3292 3293 3294
f 3294 3293 3295
f 3293 3296 3295
f 3295 3296 3297
f 3295 3297 3298
f 3298 3297 3299
f 3298 3299 3300
f 3300 3299 3301
f 3299 3302 3301
f 3301 3302 3303
f 3301 3303 3304
f 3304 3303 3305
f 3304 3305 3306
f 3306 3305 3307
f 3305 3308 3307
f 3309 3310 3311
f 3311 3310 3312
f 3312 3310 3313
f 3313 3310 3314
f 3313 3314 3315
f 3313 3315 3316
f 3316 3315 3317
f 3316 3317 3318
f 3318 3317 3142
f 3318 3142 3319
f 3319 3142 3320
f 3319 3320 3321
f 3321 3320 3322
f 3321 3322 3138
f 3321 3138 3323
f 3323 3138 3137
f 3323 3137 3135
f 3133 3324 3135
f 3135 3324 3325
f 3135 3325 3323
f 3133 3132 3324
f 3324 3132 3326
f 3132 3130 3326
f 3326 3130 3327
f 3328 3329 3130
f 3130 3329 3327
f 3330 3331 3332
f 3332 3331 3333
f 3332 3333 3334
f 3334 3333 3335
f 3334 3335 3336
f 3336 3335 3337
f 3330 3338 3331
f 3331 3338 3339
f 3338 3340 3339
f 3339 3340 3341
f 3340 3342 3341
f 3341 3342 3343
f 3342 3344 3343
f 3343 3344 3345
f 3343 3345 3346
f 3346 3345 3347
f 3346 3347 3348
f 3349 3350 3348
f 3348 3350 3346
f 3335 3351 3337
f 3337 3351 3352
f 3352 3351 3353
f 3353 3351 3354
f 3353 3354 3355
f 3355 3354 3356
f 3354 3357 3356
f 3356 3357 3358
f 3357 3359 3358
f 3358 3359 3360
f 3360 3359 3361
f 3361 3359 3362
f 3361 3362 3363
f 3364 3365 3366
f 3366 3365 3367
f 3367 3365 3368
f 3368 3365 3369
f 3368 3369 3370
f 3368 3370 3371
f 3371 3370 3372
f 3371 3372 3373
f 3373 3372 3374
f 3373 3374 3375
f 3375 3374 3376
f 3374 3377 3376
f 3376 3377 3378
f 3376 3378 3379
f 3379 3378 3380
f 3379 3380 3381
f 3381 3380 3382
f 3380 3383 3382
f 3382 3383 3384
f 3382 3384 3385
f 3385 3384 3386
f 3385 3386 3387
f 3387 3386 3388
f 3386 3389 3388
f 3390 3391 3392
f 3392 3391 3393
f 3393 3391 3394
f 3394 3391 3395
f 3394 3395 3396
f 3394 3396 3397
f 3397 3396 3398
f 3397 3398 3399
f 3399 3398 3400
f 3399 3400 3401
f 3401 3400 3402
f 3400 3403 3402
f 3402 3403 3404
f 3402 3404 3405
f 3405 3404 3406
f 3405 3406 3407
f 3407 3406 3408
f 3406 3409 3408
f 3408 3409 3410
f 3408 3410 3411
f 3411 3410 3412
f 3411 3412 3413
f 3413 3412 3414
f 3412 3415 3414
f 3416 3417 3418
f 3418 3417 3419
f 3419 3417 3420
f 3420 3417 3421
f 3420 3421 3422
f 3420 3422 3423
f 3423 3422 3424
f 3423 3424 3425
f 3425 3424 3426
f 3425 3426 3427
f 3427 3426 3428
f 3426 3429 3428
f 3428 3429 3430
f 3428 3430 3431
f 3431 3430 3432
f 3431 3432 3433
f 3433 3432 3434
f 3432 3435 3434
f 3434 3435 3436
f 3434 3436 3437
f 3437 3436 3438
f 3437 3438 3439
f 3439 3438 3440
f 3438 3441 3440
f 3442 3443 3444
f 3444 3443 3445
f 3445 3443 3446
f 3446 3443 3447
f 3446 3447 3448
f 3446 3448 3449
f 3449 3448 3450
f 3449 3450 3451
f 3451 3450 3452
f 3451 3452 3453
f 3453 3452 3454
f 3452 3455 3454
f 3454 3455 3456
f 3454 3456 3457
f 3457 3456 3458
f 3457 3458 3459
f 3459 3458 3460
f 3458 3461 3460
f 3460 3461 3462
f 3460 3462 3463
f 3463 3462 3464
f 3463 3464 3465
f 3465 3464 3466
f 3464 3467 3466
f 3468 3469 3470
f 3470 3469 3471
f 3471 3469 3472
f 3472 3469 3473
f 3472 3473 3474
f 3472 3474 3475
f 3475 3474 3476
f 3475 3476 3477
f 3477 3476 3478
f 3477 3478 3479
f 3479 3478 3480
f 3478 3481 3480
f 3480 3481 3482
f 3480 3482 3483
f 3483 3482 3484
f 3483 3484 3485
f 3485 3484 3486
f 3484 3487 3486
f 3486 3487 3488
f 3486 3488 3489
f 3489 3488 3490
f 3489 3490 3491
f 3491 3490 3492
f 3490 3493 3492
f 3494 3495 3496
f 3496 3495 3497
f 3497 3495 3498
f 3498 3495 3499
f 3498 3499 3500
f 3498 3500 3501
f 3501 3500 3502
f 3501 3502 3503
f 3503 3502 3504
f 3503 3504 3505
f 3505 3504 3506
f 3504 3507 3506
f 3506 3507 3508
f 3506 3508 3509
f 3509 3508 3510
f 3509 3510 3511
f 3511 3510 3512
f 3510 3513 3512
f 3512 3513 3514
f 3512 3514 3515
f 3515 3514 3516
f 3515 3516 3517
f 3517 3516 3518
f 3516 3519 3518
f 3520 3521 3522
f 3522 3521 3523
f 3522 3523 3524
f 3524 3523 3525
f 3524 3525 3526
f 3526 3525 3527
f 3526 3527 3528
f 3528 3527 3529
f 3528 3529 3530
f 3530 3529 3531
f 3530 3531 3532
f 3532 3531 3533
f 3532 3533 3534
f 3534 3533 3535
f 3534 3535 3536
f 3536 3535 3537
f 3536 3537 3538
f 3538 3537 3539
f 3538 3539 3540
f 3540 3539 3541
f 3540 3541 3542
f 3542 3541 3543
f 3542 3543 3544
f 3544 3543 3545
f 3544 3545 3546
f 3546 3545 3547
f 3548 3549 3550
f 3550 3549 3551
f 3550 3551 3552
f 3552 3551 3553
f 3552 3553 3554
f 3554 3553 3555
f 3554 3555 3556
f 3556 3555 3557
f 3556 3557 3558
f 3558 3557 3559
f 3550 3560 3548
f 3548 3560 3561
f 3560 3562 3561
f 3561 3562 3563
f 3563 3562 3564
f 3564 3562 3565
f 3564 3565 3566
f 3566 3565 3567
f 3565 3568 3567
f 3567 3568 3569
f 3569 3568 3570
f 3570 3568 3571
f 3570 3571 3572
f 3572 3571 3573
f 3571 3574 3573
f 3573 3574 3575
f 3574 3576 3575
f 3575 3576 3577
f 3576 3578 3577
f 3577 3578 3579
f 3578 3580 3579
f 3579 3580 3581
f 3580 3582 3581
f 3581 3582 3583
f 3581 3583 3584
f 3584 3583 3585
f 3584 3585 3586
f 3587 3588 3589
f 3589 3588 3590
f 3588 3591 3590
f 3590 3591 3592
f 3592 3591 3593
f 3593 3591 3594
f 3593 3594 3595
f 3595 3594 3596
f 3595 3596 3597
f 3597 3596 3598
f 3597 3598 3599
f 3599 3598 3600
f 3599 3600 3601
f 3601 3600 3602
f 3601 3602 3603
f 3601 3603 3604
f 3604 3603 3605
f 3604 3605 3606
f 3604 3606 3607
f 3607 3606 3608
f 3607 3608 3609
f 3607 3609 3610
f 3610 3609 3611
f 3610 3611 3612
f 3612 3611 3613
f 3612 3613 3614
f 3614 3613 3615
f 3614 3615 3616
f 3616 3615 3617
f 3616 3617 3618
f 3618 3617 3619
f 3617 3620 3619
f 3619 3620 3621
f 3620 3622 3621
f 3623 3624 3625
f 3625 3624 3626
f 3624 3627 3626
f 3626 3627 3628
f 3627 3629 3628
f 3628 3629 3630
f 3630 3629 3631
f 3631 3629 3632
f 3631 3632 3633
f 3633 3632 3634
f 3633 3634 3635
f 3635 3634 3636
f 3635 3636 3637
f 3635 3637 3638
f 3638 3637 3639
f 3638 3639 3640
f 3638 3640 3641
f 3641 3640 3642
f 3641 3642 3643
f 3641 3643 3644
f 3644 3643 3645
f 3644 3645 3646
f 3644 3646 3647
f 3647 3646 3648
f 3647 3648 3649
f 3649 3648 3650
f 3649 3650 3651
f 3651 3650 3652
f 3651 3652 3653
f 3653 3652 3654
f 3653 3654 3655
f 3655 3654 3656
f 3654 3657 3656
f 3656 3657 3658
f 3657 3659 3658
f 3660 3661 3662
f 3662 3661 3663
f 3662 3663 3664
f 3664 3663 3665
f 3664 3665 3666
f 3666 3665 3667
f 3661 3668 3663
f 3663 3668 3669
f 3663 3669 3670
f 3670 3669 3671
f 3670 3671 3672
f 3670 3672 3673
f 3673 3672 3674
f 3673 3674 3675
f 3676 3677 3675
f 3675 3677 3673
f 3677 3678 3673
f 3673 3678 3679
f 3673 3679 3680
f 3680 3679 3681
f 3680 3681 3682
f 3680 3682 3683
f 3683 3682 3684
f 3683 3684 3685
f 3685 3684 3686
f 3686 3684 3687
f 3687 3684 3688
f 3687 3688 3689
f 3689 3688 3690
f 3690 3688 3691
f 3691 3688 3692
f 3691 3692 3693
f 3693 3692 3694
f 3695 3696 3692
f 3692 3696 3697
f 3692 3697 3694
f 3695 3698 3696
f 3696 3698 3699
f 3696 3699 3700
f 3700 3699 3701
f 3700 3701 3702
f 3702 3701 3703
f 3702 3703 3704
f 3704 3703 3705
f 3704 3705 3706
f 3706 3705 3707
f 3698 3708 3699
f 3699 3708 3709
f 3699 3709 3710
f 3699 3710 3701
f 3701 3710 3711
f 3701 3711 3712
f 3701 3712 3713
f 3713 3712 3714
f 3713 3714 3715
f 3713 3715 3716
f 3716 3715 3717
f 3716 3717 3718
f 3716 3718 3719
f 3719 3718 3720
f 3719 3720 3721
f 3721 3722 3719
f 3719 3722 3723
f 3719 3723 3724
f 3724 3723 3725
f 3724 3725 3726
f 3726 3725 3727
f 3726 3727 3728
f 3728 3727 3729
f 3728 3729 3730
f 3730 3729 3731
f 3722 3732 3723
f 3723 3732 3733
f 3723 3733 3734
f 3723 3734 3735
f 3735 3734 3736
f 3735 3736 3737
f 3735 3737 3738
f 3738 3737 3739
f 3738 3739 3740
f 3738 3740 3741
f 3741 3740 3742
f 3741 3742 3743
f 3741 3743 3744
f 3744 3743 3745
f 3744 3745 3746
f 3746 3747 3744
f 3744 3747 3748
f 3744 3748 3749
f 3750 3751 3752
f 3752 3751 3753
f 3752 3753 3754
f 3754 3753 3755
f 3754 3755 3747
f 3747 3755 3756
f 3747 3756 3757
f 3758 3759 3752
f 3752 3759 3760
f 3752 3760 3750
f 3761 3762 3763
f 3763 3762 3764
f 3763 3764 3759
f 3759 3764 3765
f 3759 3765 3760
f 3762 3766 3764
f 3764 3766 3765
f 3757 3748 3747
f 3749 3767 3744
f 3744 3767 3768
f 3744 3768 3769
f 3769 3768 3770
f 3769 3770 3771
f 3771 3772 3769
f 3769 3772 3773
f 3769 3773 3774
f 3774 3773 3729
f 3774 3729 3727
f 3772 3775 3773
f 3773 3775 3776
f 3773 3776 3777
f 3777 3778 3773
f 3773 3778 3779
f 3773 3779 3780
f 3780 3781 3773
f 3773 3781 3782
f 3773 3782 3783
f 3781 3784 3782
f 3782 3784 3785
f 3782 3785 3786
f 3787 3788 3786
f 3786 3788 3789
f 3786 3789 3782
f 3787 3790 3788
f 3788 3790 3791
f 3788 3791 3792
f 3792 3791 3793
f 3792 3793 3794
f 3795 3796 3794
f 3794 3796 3792
f 3796 3788 3792
f 3788 3797 3789
f 3783 3798 3773
f 3773 3798 3729
f 3798 3731 3729
f 3730 3799 3728
f 3728 3799 3800
f 3728 3800 3726
f 3726 3800 3801
f 3726 3801 3802
f 3726 3802 3803
f 3803 3802 3804
f 3803 3804 3805
f 3803 3805 3806
f 3806 3805 3807
f 3806 3807 3808
f 3806 3808 3705
f 3705 3808 3707
f 3706 3809 3704
f 3704 3809 3810
f 3704 3810 3811
f 3811 3810 3812
f 3811 3812 3813
f 3811 3813 3814
f 3814 3813 3815
f 3814 3815 3816
f 3814 3816 3817
f 3817 3816 3818
f 3817 3818 3819
f 3819 3818 3820
f 3818 3821 3820
f 3820 3821 3822
f 3823 3824 3825
f 3825 3824 3826
f 3825 3826 3827
f 3827 3826 3828
f 3827 3828 3821
f 3821 3828 3829
f 3821 3829 3830
f 3827 3667 3825
f 3825 3667 3665
f 3825 3665 3831
f 3831 3665 3663
f 3831 3663 3670
f 3832 3833 3834
f 3834 3833 3835
f 3834 3835 3825
f 3825 3835 3836
f 3825 3836 3837
f 3837 3838 3825
f 3825 3838 3823
f 3830 3839 3821
f 3821 3839 3840
f 3821 3840 3822
f 3819 3841 3817
f 3817 3841 3842
f 3817 3842 3843
f 3843 3844 3817
f 3817 3844 3845
f 3817 3845 3846
f 3817 3846 3847
f 3847 3846 3848
f 3847 3848 3849
f 3849 3850 3847
f 3847 3850 3696
f 3847 3696 3700
f 3850 3851 3696
f 3696 3851 3852
f 3696 3852 3697
f 3685 3853 3683
f 3683 3853 3854
f 3683 3854 3855
f 3683 3855 3834
f 3834 3855 3832
f 3825 3831 3834
f 3834 3831 3680
f 3834 3680 3683
f 3673 3680 3670
f 3670 3680 3831
f 3744 3769 3741
f 3741 3769 3774
f 3741 3774 3738
f 3738 3774 3727
f 3738 3727 3725
f 3723 3735 3725
f 3725 3735 3738
f 3716 3719 3856
f 3856 3719 3857
f 3856 3857 3806
f 3806 3857 3803
f 3716 3856 3713
f 3713 3856 3703
f 3713 3703 3701
f 3803 3857 3724
f 3724 3857 3719
f 3806 3705 3856
f 3856 3705 3703
f 3704 3811 3702
f 3702 3811 3700
f 3811 3814 3700
f 3700 3814 3847
f 3726 3803 3724
f 3814 3817 3847
f 3858 3859 3860
f 3860 3859 3861
f 3860 3861 3862
f 3862 3861 3863
f 3862 3863 3864
f 3864 3863 3865
f 3863 3866 3865
f 3865 3866 3867
f 3867 3866 3868
f 3868 3866 3869
f 3868 3869 3870
f 3870 3869 3871
f 3869 3872 3871
f 3871 3872 3873
f 3873 3872 3874
f 3874 3872 3875
f 3874 3875 3876
f 3876 3875 3877
f 3875 3878 3877
f 3877 3878 3879
f 3879 3878 3880
f 3880 3878 3881
f 3880 3881 3882
f 3882 3881 3883
f 3881 3884 3883
f 3883 3884 3885
f 3885 3884 3886
f 3886 3884 3887
f 3886 3887 3888
f 3888 3887 3889
f 3888 3889 3890
f 3890 3889 3891
f 3889 3892 3891
f 3891 3892 3893
f 3893 3892 3894
f 3894 3892 3895
f 3894 3895 3896
f 3896 3895 3897
f 3895 3898 3897
f 3897 3898 3899
f 3899 3898 3900
f 3900 3898 3901
f 3900 3901 3902
f 3902 3901 3903
f 3904 3905 3906
f 3906 3905 3907
f 3906 3907 3908
f 3906 3908 3909
f 3909 3908 3910
f 3909 3910 3911
f 3911 3910 3912
f 3911 3912 3913
f 3913 3912 3914
f 3913 3914 3915
f 3915 3914 3916
f 3915 3916 3917
f 3917 3916 3918
f 3916 3919 3918
f 3920 3921 3922
f 3922 3921 3923
f 3922 3923 3924
f 3924 3923 3925
f 3924 3925 3926
f 3926 3925 3927
f 3921 3928 3923
f 3923 3928 3929
f 3923 3929 3930
f 3923 3930 3925
f 3925 3930 3931
f 3925 3931 3932
f 3932 3931 3933
f 3932 3933 3934
f 3934 3935 3932
f 3932 3935 3936
f 3932 3936 3937
f 3935 3938 3936
f 3936 3938 3939
f 3939 3938 3940
f 3940 3938 3941
f 3940 3941 3942
f 3942 3941 3943
f 3942 3943 3944
f 3944 3943 3945
f 3944 3945 3946
f 3946 3945 3947
f 3946 3947 3948
f 3937 3949 3932
f 3932 3949 3950
f 3932 3950 3927
f 3925 3932 3927
f 3951 3952 3953
f 3953 3952 3954
f 3953 3954 3955
f 3955 3954 3956
f 3955 3956 3957
f 3952 3958 3954
f 3954 3958 3959
f 3954 3959 3960
f 3960 3961 3954
f 3954 3961 3956
f 3961 3962 3956
f 3963 3964 3965
f 3965 3964 3966
f 3965 3966 3967
f 3968 3969 3970
f 3970 3969 3971
f 3970 3971 3967
f 3967 3971 3972
f 3967 3972 3965
f 3970 3973 3968
f 3968 3973 3974
f 3973 3975 3974
f 3974 3975 3976
f 3975 3977 3976
f 3976 3977 3978
f 3977 3979 3978
f 3978 3979 3980
f 3979 3981 3980
f 3980 3981 3982
f 3983 3984 3981
f 3981 3984 3985
f 3981 3985 3982
f 3983 3986 3984
f 3984 3986 3987
f 3984 3987 3988
f 3988 3987 3989
f 3986 3990 3987
f 3987 3990 3991
f 3987 3991 3992
f 3992 3991 3993
f 3992 3993 3994
f 3992 3994 3995
f 3995 3994 3996
f 3995 3996 3997
f 3997 3998 3995
f 3995 3998 3999
f 3995 3999 4000
f 3998 4001 3999
f 4002 4003 4000
f 4000 4003 3995
f 4003 4004 3995
f 3995 4004 4005
f 3995 4005 3992
f 3992 4005 4006
f 3992 4006 4007
f 3992 4007 3987
f 3987 4007 3989
f 3988 4008 3984
f 3984 4008 4009
f 3984 4009 4010
f 4010 4009 4011
f 4010 3985 3984
f 3963 3965 4012
f 4012 3965 4013
f 4012 4013 4014
f 4015 4016 4014
f 4014 4016 4017
f 4014 4017 4012
f 4012 4017 4018
f 4012 4018 3963
f 4016 4019 4017
f 4017 4019 4020
f 4017 4020 4021
f 4021 4020 4022
f 4021 4022 4023
f 4021 4023 4024
f 4024 4023 4025
f 4024 4025 4026
f 4024 4026 4027
f 4027 4026 4028
f 4027 4028 4029
f 4027 4029 4030
f 4030 4029 4031
f 4030 4031 4032
f 4032 4033 4030
f 4030 4033 4034
f 4030 4034 4035
f 4035 4034 4036
f 4033 4037 4034
f 4034 4037 4038
f 4034 4038 4039
f 4039 4038 4040
f 4039 4040 4041
f 4038 4042 4040
f 4041 4043 4039
f 4039 4043 4044
f 4039 4044 4045
f 4043 3947 4044
f 4044 3947 4046
f 4045 4047 4039
f 4039 4047 4034
f 4047 4036 4034
f 4035 4048 4030
f 4030 4048 4049
f 4030 4049 4027
f 4027 4049 4050
f 4027 4050 4051
f 4027 4051 4024
f 4024 4051 4052
f 4024 4052 4053
f 4024 4053 4021
f 4021 4053 4054
f 4021 4054 4055
f 4021 4055 4017
f 4017 4055 4056
f 4017 4056 4018
f 3962 4057 4058
f 4058 4057 4059
f 4058 4059 4060
f 4060 4059 4061
f 4059 4062 4061
f 4061 4062 4063
f 4063 4062 4064
f 4064 4062 4065
f 4064 4065 4066
f 4066 4065 4067
f 4065 4068 4067
f 4067 4068 4069
f 4068 4070 4069
f 4069 4070 4071
f 4070 4072 4071
f 4071 4072 4073
f 4074 4075 4076
f 4076 4075 4077
f 4076 4077 4078
f 4078 4077 4079
f 4078 4079 4080
f 4080 4079 4081
f 4080 4081 4072
f 4072 4081 4082
f 4072 4082 4073
f 4073 4082 4083
f 4074 4084 4075
f 4075 4084 4085
f 4075 4085 4086
f 4086 4085 4087
f 4086 4087 4088
f 4088 4087 4089
f 4088 4089 4090
f 4090 4089 4091
f 4090 4091 4092
f 4092 4091 4093
f 4089 4094 4091
f 4091 4094 4095
f 4091 4095 4096
f 4091 4096 4097
f 4097 4096 4098
f 4097 4098 4099
f 4099 4098 4100
f 4099 4100 4101
f 4101 4100 4102
f 4101 4102 4103
f 4103 4102 4104
f 4103 4104 4105
f 4102 4106 4104
f 4104 4106 4107
f 4107 4106 4108
f 4108 4106 4109
f 4108 4109 4110
f 4110 4109 4111
f 4110 4111 4112
f 4112 4111 4113
f 4111 4114 4113
f 4113 4114 4115
f 4115 4114 4116
f 4116 4114 4117
f 4116 4117 4118
f 4118 4117 4119
f 4118 4119 4120
f 4120 4119 4121
f 4119 4122 4121
f 4121 4122 4123
f 4121 4123 4124
f 4124 4123 4125
f 4123 4122 4126
f 4126 4122 4127
f 4126 4127 4128
f 4128 4127 4129
f 4128 4129 4130
f 4130 4129 4131
f 4130 4131 4132
f 4132 4133 4130
f 4130 4133 4134
f 4130 4134 4135
f 4135 4136 4130
f 4130 4136 4128
f 4136 4137 4128
f 4128 4137 4138
f 4128 4138 4126
f 4126 4138 4139
f 4126 4139 4140
f 4140 4139 4141
f 4126 4140 4123
f 4123 4140 4125
f 4105 4142 4103
f 4103 4142 4143
f 4103 4143 4144
f 4145 4146 4144
f 4144 4146 4101
f 4144 4101 4103
f 4146 4147 4101
f 4101 4147 4099
f 4147 4148 4099
f 4099 4148 4149
f 4099 4149 4097
f 4097 4149 4150
f 4097 4150 4091
f 4091 4150 4151
f 4091 4151 4152
f 4152 4093 4091
f 4086 4153 4075
f 4075 4153 4154
f 4075 4154 4077
f 4077 4154 4155
f 4077 4155 4156
f 4077 4156 4079
f 4079 4156 4157
f 4079 4157 4158
f 4079 4158 4081
f 4081 4158 4159
f 4081 4159 4160
f 4160 4159 4161
f 4081 4160 4082
f 4082 4160 4162
f 4082 4162 4083
f 4163 4164 4165
f 4165 4164 4166
f 4165 4166 4167
f 4167 4168 4165
f 4165 4168 4169
f 4165 4169 4170
f 4171 4172 4170
f 4170 4172 4173
f 4170 4173 4165
f 4171 4174 4172
f 4168 4167 4175
f 4175 4167 4176
f 4175 4176 4177
f 4177 4176 4178
f 4177 4178 4179
f 4179 4178 4180
f 4181 4182 4183
f 4183 4182 4184
f 4184 4182 4185
f 4185 4182 4186
f 4185 4186 4187
f 4187 4186 4188
f 4187 4188 4189
f 4189 4188 4190
f 4189 4190 4191
f 4191 4190 4192
f 4191 4192 4193
f 4187 4194 4185
f 4195 4196 4197
f 4197 4196 4198
f 4197 4198 4199
f 4199 4198 4200
f 4201 4202 4203
f 4203 4202 4204
f 4203 4204 4205
f 4205 4204 4206
f 4205 4206 4207
f 4207 4206 4208
f 4207 4208 4199
f 4199 4208 4209
f 4199 4209 4210
f 4211 4212 4203
f 4203 4212 4213
f 4203 4213 4214
f 4212 4215 4213
f 4213 4215 4216
f 4214 4217 4203
f 4203 4217 4218
f 4203 4218 4201
f 4210 4219 4199
f 4199 4219 4220
f 4199 4220 4197
f 4221 4222 4223
f 4223 4222 4224
f 4223 4224 4225
f 4223 4225 4226
f 4226 4225 4227
f 4226 4227 4228
f 4228 4229 4226
f 4226 4230 4223
f 4223 4230 4231
f 4223 4231 4232
f 4223 4232 4233
f 4233 4232 4234
f 4233 4234 4235
f 4235 4234 4236
f 4237 4238 4239
f 4239 4238 4240
f 4239 4240 4241
f 4241 4240 4242
f 4241 4242 4234
f 4234 4242 4243
f 4234 4243 4236
f 4236 4243 4244
f 4236 4244 4245
f 4237 4246 4238
f 4238 4246 4247
f 4246 4248 4247
f 4247 4248 4249
f 4247 4249 4250
f 4250 4249 4251
f 4248 4252 4249
f 4249 4252 4253
f 4249 4253 4254
f 4252 4255 4253
f 4253 4255 4256
f 4255 4257 4256
f 4256 4257 4258
f 4256 4258 4259
f 4254 4260 4249
f 4249 4261 4251
f 4251 4261 4262
f 4251 4262 4263
f 4264 4265 4263
f 4263 4265 4266
f 4263 4266 4267
f 4267 4266 4268
f 4265 4269 4266
f 4266 4269 4270
f 4266 4271 4268
f 4268 4271 4272
f 4268 4272 4273
f 4274 4275 4273
f 4273 4275 4276
f 4273 4276 4277
f 4277 4276 4278
f 4273 4277 4279
f 4279 4277 4280
f 4279 4280 4281
f 4281 4282 4279
f 4279 4282 4283
f 4284 4285 4282
f 4282 4285 4286
f 4282 4286 4287
f 4287 4286 4288
f 4289 4290 4287
f 4287 4290 4291
f 4287 4291 4282
f 4282 4291 4283
f 4289 4292 4290
f 4290 4292 4293
f 4290 4293 4294
f 4294 4293 4295
f 4294 4295 4296
f 4296 4295 4297
f 4296 4297 4298
f 4299 4300 4293
f 4293 4300 4295
f 4300 4301 4295
f 4295 4301 4302
f 4298 4303 4296
f 4296 4303 4304
f 4296 4304 4305
f 4305 4306 4296
f 4296 4306 4307
f 4296 4307 4308
f 4308 4307 4309
f 4308 4309 4310
f 4311 4312 4306
f 4306 4312 4307
f 4312 4313 4307
f 4307 4313 4314
f 4308 4310 4315
f 4315 4310 4316
f 4315 4316 4317
f 4317 4316 4318
f 4317 4318 4319
f 4319 4318 4320
f 4319 4320 4321
f 4322 4323 4316
f 4316 4323 4324
f 4316 4324 4318
f 4318 4324 4325
f 4321 4326 4319
f 4319 4326 4327
f 4328 4329 4326
f 4326 4329 4330
f 4326 4330 4331
f 4329 4332 4330
f 4330 4332 4333
f 4334 4335 4336
f 4336 4335 4337
f 4336 4337 4332
f 4332 4337 4338
f 4332 4338 4333
f 4339 4340 4336
f 4336 4340 4341
f 4336 4341 4342
f 4343 4344 4340
f 4340 4344 4345
f 4340 4345 4346
f 4343 4347 4344
f 4344 4347 4348
f 4344 4348 4349
f 4349 4348 4350
f 4349 4350 4351
f 4351 4350 4352
f 4353 4354 4348
f 4348 4354 4355
f 4348 4355 4356
f 4356 4355 4357
f 4356 4357 4358
f 4358 4357 4359
f 4355 4360 4357
f 4357 4360 4361
f 4357 4362 4359
f 4359 4362 4363
f 4359 4363 4364
f 4365 4366 4364
f 4364 4366 4367
f 4364 4367 4359
f 4359 4367 4368
f 4359 4368 4242
f 4242 4368 4369
f 4242 4369 4243
f 4366 4370 4367
f 4367 4370 4371
f 4372 4373 4243
f 4243 4373 4244
f 4346 4374 4340
f 4340 4374 4375
f 4340 4375 4376
f 4376 4341 4340
f 4342 4377 4336
f 4336 4377 4378
f 4336 4378 4334
f 4331 4379 4326
f 4326 4379 4327
f 4379 4380 4327
f 4327 4380 4381
f 4327 4381 4382
f 4382 4381 4383
f 4382 4383 4352
f 4356 4350 4348
f 4350 4382 4352
f 4279 4268 4273
f 4267 4251 4263
f 4384 4385 4386
f 4386 4385 4387
f 4385 4388 4387
f 4387 4388 4389
f 4388 4390 4389
f 4389 4390 4391
f 4392 4393 4390
f 4390 4393 4391
f 4394 4395 4396
f 4396 4395 4397
f 4396 4397 4398
f 4398 4397 4399
f 4398 4399 4400
f 4400 4399 4401
f 4400 4401 4402
f 4402 4401 4403
f 4404 4405 4406
f 4406 4405 4407
f 4406 4407 4408
f 4408 4407 4409
f 4408 4409 4410
f 4410 4409 4411
f 4411 4409 4412
f 4412 4409 4413
f 4412 4413 4414
f 4414 4413 4415
f 4415 4413 4416
f 4416 4413 4417
f 4416 4417 4418
f 4418 4417 4419
f 4420 4421 4417
f 4417 4421 4419
f 4422 4423 4406
f 4406 4423 4404
f 4424 4425 4426
f 4426 4425 4427
f 4426 4427 4428
f 4428 4427 4429
f 4428 4429 4430
f 4424 4431 4425
f 4425 4431 4432
f 4425 4432 4433
f 4430 4434 4428
f 4428 4434 4435
f 4434 4436 4435
f 4435 4436 4437
f 4435 4437 4438
f 4435 4438 4439
f 4439 4438 4440
f 4439 4440 4441
f 4441 4442 4439
f 4439 4442 4443
f 4444 4445 4446
f 4446 4445 4447
f 4446 4447 4448
f 4448 4447 4449
f 4448 4449 4450
f 4450 4449 4451
f 4452 4453 4454
f 4454 4453 4455
f 4454 4455 4449
f 4449 4455 4456
f 4449 4456 4457
f 4458 4459 4454
f 4454 4459 4460
f 4454 4460 4461
f 4461 4452 4454
f 4457 4462 4449
f 4449 4462 4451
f 4450 4463 4448
f 4464 4465 4466
f 4466 4465 4467
f 4465 4468 4467
f 4467 4468 4469
f 4467 4469 4470
f 4468 4471 4469
f 4470 4472 4467
f 4467 4472 4473
f 4472 4474 4473
f 4473 4474 4475
f 4473 4475 4476
f 4476 4477 4473
f 4473 4477 4478
f 4477 4479 4478
f 4478 4479 4480
f 4478 4480 4481
f 4481 4482 4478
f 4478 4482 4483
f 4484 4485 4486
f 4486 4485 4487
f 4486 4487 4488
f 4488 4487 4489
f 4488 4489 4490
f 4490 4489 4491
f 4492 4493 4494
f 4494 4493 4495
f 4494 4495 4496
f 4496 4495 4497
f 4496 4497 4498
f 4498 4497 4499
f 4500 4501 4502
f 4502 4501 4503
f 4502 4503 4504
f 4504 4503 4505
f 4504 4505 4506
f 4505 4503 4507
f 4507 4503 4508
f 4507 4508 4509
f 4509 4508 4510
f 4511 4512 4513
f 4513 4512 4514
f 4513 4514 4508
f 4508 4514 4515
f 4508 4515 4516
f 4517 4518 4513
f 4513 4518 4519
f 4513 4519 4511
f 4516 4510 4508
f 4520 4521 4522
f 4522 4521 4523
f 4521 4524 4523
f 4523 4524 4525
f 4526 4527 4524
f 4524 4527 4525
f 4527 4528 4525
f 4525 4528 4529
f 4525 4529 4530
f 4530 4531 4525
f 4525 4531 4532
f 4525 4532 4533
f 4533 4532 4534
f 4533 4534 4535
f 4535 4536 4533
f 4533 4536 4537
f 4533 4537 4538
f 4538 4539 4533
f 4540 4541 4542
f 4542 4541 4543
f 4542 4543 4544
f 4544 4543 4545
f 4544 4545 4546
f 4546 4545 4547
f 4548 4549 4550
f 4550 4549 4551
f 4550 4551 4552
f 4552 4551 4553
f 4552 4553 4554
f 4548 4555 4549
f 4556 4557 4558
f 4558 4557 4559
f 4558 4559 4560
f 4560 4559 4561
f 4560 4561 4562
f 4562 4561 4563
f 4564 4565 4566
f 4566 4565 4567
f 4566 4567 4568
f 4568 4567 4569
f 4568 4569 4570
f 4564 4571 4565
f 4572 4573 4574
f 4574 4573 4575
f 4574 4575 4576
f 4576 4575 4577
f 4576 4577 4578
f 4578 4577 4579
f 4580 4581 4582
f 4582 4581 4583
f 4582 4583 4584
f 4584 4583 4585
f 4584 4585 4586
f 4580 4587 4581
f 4134 4133 4588
f 4588 4133 4589
f 4133 4590 4589
f 4589 4590 4591
f 4589 4591 4592
f 4592 4591 4593
f 4591 4594 4593
f 4593 4594 4595
f 4595 4594 4596
f 4596 4594 4597
f 4596 4597 4598
f 4598 4599 4596
f 4596 4599 4600
f 4596 4600 4601
f 4601 4600 4602
f 4599 4603 4600
f 4600 4603 4604
f 4600 4604 4605
f 4605 4604 4606
f 4603 4607 4604
f 4604 4607 4608
f 4604 4608 4609
f 4609 4608 4610
f 4608 4607 4611
f 4611 4607 4612
f 4611 4612 4613
f 4613 4612 4614
f 4612 4615 4614
f 4614 4615 4616
f 4615 4617 4616
f 4616 4617 4618
f 4618 4617 4619
f 4619 4617 4620
f 4619 4620 4621
f 4621 4620 4622
f 4621 4622 4623
f 4623 4622 4624
f 4622 4625 4624
f 4624 4625 4626
f 4625 4627 4626
f 4626 4627 4628
f 4628 4627 4629
f 4629 4627 4630
f 4629 4630 4631
f 4631 4630 4632
f 4631 4632 4633
f 4633 4632 4634
f 4633 4634 4635
f 4630 4636 4632
f 4632 4636 4637
f 4632 4637 4638
f 4638 4637 4639
f 4636 4640 4637
f 4637 4640 4641
f 4637 4641 4642
f 4642 4641 4643
f 4640 4644 4641
f 4641 4644 4645
f 4641 4645 4646
f 4641 4646 4647
f 4647 4646 4648
f 4647 4648 4649
f 4649 4648 4650
f 4649 4650 4651
f 4651 4650 4652
f 4651 4652 4653
f 4653 4654 4651
f 4651 4654 4655
f 4651 4655 4656
f 4656 4655 4657
f 4654 4658 4655
f 4655 4658 4659
f 4655 4659 4657
f 4657 4659 4660
f 4658 4661 4659
f 4659 4661 4662
f 4659 4662 4663
f 4663 4662 4664
f 4661 4665 4662
f 4662 4665 4666
f 4662 4666 3952
f 3952 4666 3958
f 4666 4665 3961
f 3961 4665 4667
f 3961 4667 3962
f 3962 4667 4057
f 3961 3960 4666
f 4666 3960 3959
f 4666 3959 3958
f 3951 4668 3952
f 3952 4668 4662
f 4668 4664 4662
f 4663 4660 4659
f 4656 4669 4651
f 4651 4669 4649
f 4647 4643 4641
f 4642 4639 4637
f 4638 4670 4632
f 4632 4670 4634
f 4633 4671 4631
f 4631 4671 4672
f 4631 4672 4629
f 4611 4673 4608
f 4608 4673 4674
f 4608 4674 4610
f 4675 4606 4609
f 4609 4606 4604
f 4605 4602 4600
f 4601 4676 4596
f 4596 4676 4677
f 4596 4677 4678
f 4678 4595 4596
f 4002 4000 4679
f 4679 4000 4680
f 4680 4000 4681
f 4681 4000 3999
f 4681 3999 4682
f 4682 3999 4683
f 3999 4001 4683
f 4682 4684 4681
f 4681 4684 4685
f 4681 4685 4686
f 4686 4685 4687
f 4684 4688 4685
f 4685 4688 4689
f 4685 4689 4690
f 4690 4689 4691
f 4689 4692 4691
f 4691 4692 4693
f 4692 4694 4693
f 4693 4694 4695
f 4694 4696 4695
f 4695 4696 4697
f 4696 4698 4697
f 4697 4698 4699
f 4699 4698 4700
f 4700 4698 4701
f 4700 4701 4702
f 4702 4701 4703
f 4702 4703 4704
f 4704 4703 4705
f 4704 4705 4706
f 4706 4705 4707
f 4705 4708 4707
f 4707 4708 4709
f 4709 4708 4710
f 4710 4708 4711
f 4710 4711 4712
f 4712 4711 4713
f 4712 4713 4714
f 4712 4714 4715
f 4715 4714 4716
f 4715 4716 4717
f 4717 4718 4715
f 4715 4718 4719
f 4715 4719 4720
f 4720 4719 4721
f 4718 4722 4719
f 4719 4722 4723
f 4719 4723 4724
f 4724 4723 4725
f 4724 4725 4726
f 4724 4726 4727
f 4727 4726 4728
f 4727 4728 4729
f 4727 4729 4730
f 4730 4729 4731
f 4730 4731 4732
f 4730 4732 4733
f 4733 4732 4734
f 4733 4734 3930
f 3930 4734 4735
f 3930 4735 3931
f 3931 4735 4736
f 3931 4736 3933
f 3933 4736 4737
f 3933 4737 3934
f 3934 4737 3935
f 4737 4738 3935
f 3935 4738 3938
f 4738 4739 3938
f 3938 4739 3941
f 4739 4740 3941
f 3941 4740 3943
f 3943 4740 3945
f 3945 4740 4046
f 3945 4046 3947
f 3930 3929 4733
f 4733 3929 3928
f 4733 3928 3921
f 3920 4741 3921
f 3921 4741 4733
f 4741 4742 4733
f 4733 4742 4730
f 4742 4743 4730
f 4730 4743 4727
f 4743 4744 4727
f 4727 4744 4745
f 4727 4745 4724
f 4724 4745 4746
f 4724 4746 4747
f 4724 4747 4719
f 4719 4747 4721
f 4720 4748 4715
f 4715 4748 4749
f 4715 4749 4750
f 4715 4750 4712
f 4712 4750 4751
f 4712 4751 4752
f 4753 4754 4752
f 4752 4754 4710
f 4752 4710 4712
f 4754 4709 4710
f 4690 4755 4685
f 4685 4755 4687
f 4755 4756 4687
f 4686 4757 4681
f 4681 4757 4680
f 4758 4759 4760
f 4760 4759 4761
f 4760 4761 4762
f 4763 4764 4765
f 4765 4764 4766
f 4765 4766 4767
f 4767 4766 4768
f 4767 4768 4762
f 4762 4768 4769
f 4762 4769 4760
f 4765 4770 4763
f 4763 4770 4771
f 4763 4771 4772
f 4772 4771 4773
f 4772 4773 4774
f 4772 4774 4775
f 4775 4774 4776
f 4775 4776 4777
f 4777 4776 4778
f 4777 4778 4779
f 4780 4781 4782
f 4782 4781 4783
f 4782 4783 4784
f 4784 4783 4785
f 4784 4785 4786
f 4786 4785 4787
f 4786 4787 4788
f 4783 4781 4789
f 4789 4781 4790
f 4789 4790 4791
f 4791 4790 4792
f 4791 4792 4793
f 4793 4792 4794
f 4793 4794 4795
f 4795 4794 4796
f 4795 4796 4797
f 4797 4796 4798
f 4797 4798 4799
f 4797 4799 4800
f 4800 4799 4801
f 4800 4801 4802
f 4802 4801 4803
f 4802 4803 4804
f 4804 4803 4805
f 4804 4805 4806
f 4803 4807 4805
f 4804 4806 4808
f 4808 4806 4809
f 4808 4809 4810
f 4808 4811 4804
f 4804 4811 4812
f 4804 4812 4813
f 4804 4813 4802
f 4802 4813 4814
f 4802 4814 4815
f 4802 4815 4800
f 4800 4815 4816
f 4800 4816 4817
f 4800 4817 4797
f 4797 4817 4818
f 4797 4818 4819
f 4797 4819 4795
f 4795 4819 4820
f 4795 4820 4793
f 4793 4820 4821
f 4793 4821 4791
f 4791 4821 4822
f 4791 4822 4823
f 4791 4823 4789
f 4789 4823 4824
f 4789 4824 4825
f 4789 4825 4783
f 4783 4825 4826
f 4783 4826 4785
f 4827 4828 4829
f 4829 4828 4830
f 4830 4828 4831
f 4831 4828 4832
f 4831 4832 4833
f 4833 4832 4834
f 4833 4834 4835
f 4833 4835 4836
f 4836 4835 4837
f 4836 4837 4838
f 4836 4838 4839
f 4839 4838 4840
f 4839 4840 4841
f 4841 4840 4842
f 4841 4842 4843
f 4841 4843 4844
f 4844 4843 4845
f 4844 4845 4846
f 4844 4846 4847
f 4847 4846 4848
f 4847 4848 4849
f 4849 4848 4850
f 4849 4850 4851
f 4852 4853 4851
f 4851 4853 4854
f 4851 4854 4855
f 4851 4855 4849
f 4849 4855 4856
f 4849 4856 4857
f 4857 4856 4858
f 4857 4858 4859
f 4859 4860 4857
f 4857 4860 4861
f 4857 4861 4862
f 4862 4861 4863
f 4862 4863 4864
f 4860 4865 4861
f 4862 4864 4866
f 4866 4864 4867
f 4866 4867 4868
f 4868 4867 4869
f 4868 4869 4870
f 4868 4870 4871
f 4871 4870 4772
f 4871 4772 4872
f 4872 4772 4873
f 4872 4873 4874
f 4874 4873 4875
f 4874 4875 4876
f 4876 4875 4877
f 4876 4877 4878
f 4875 4879 4877
f 4878 4880 4876
f 4876 4880 4881
f 4876 4881 4831
f 4831 4881 4882
f 4831 4882 4830
f 4849 4857 4847
f 4847 4857 4862
f 4847 4862 4844
f 4844 4862 4866
f 4844 4866 4841
f 4841 4866 4868
f 4841 4868 4871
f 4841 4871 4839
f 4839 4871 4872
f 4839 4872 4836
f 4836 4872 4874
f 4836 4874 4833
f 4833 4874 4876
f 4833 4876 4831
f 4883 4884 4885
f 4885 4884 4886
f 4886 4884 4887
f 4887 4884 4888
f 4887 4888 4889
f 4889 4888 4890
f 4889 4890 4891
f 4891 4890 4892
f 4891 4892 4893
f 4893 4892 4894
f 4890 4895 4892
f 4892 4895 4896
f 4892 4896 4894
f 4894 4896 4897
f 4894 4897 4898
f 4898 4897 4899
f 4895 4900 4896
f 4896 4900 4901
f 4896 4901 4902
f 4902 4901 4903
f 4901 4904 4903
f 4903 4904 4905
f 4902 4906 4896
f 4896 4906 4897
f 4906 4907 4897
f 4897 4907 4899
f 4907 4908 4899
f 4899 4908 4909
f 4899 4909 4910
f 4910 4909 4911
f 4909 4912 4911
f 4911 4912 4913
f 4911 4913 4914
f 4914 4913 4915
f 4914 4915 4916
f 4914 4916 4917
f 4917 4916 4918
f 4917 4918 4919
f 4919 4918 4920
f 4919 4920 4921
f 4921 4920 4922
f 4921 4922 4923
f 4923 4922 4924
f 4923 4924 4925
f 4926 4927 4925
f 4925 4927 4928
f 4925 4928 4929
f 4925 4929 4923
f 4923 4929 4930
f 4923 4930 4931
f 4931 4930 4932
f 4931 4932 4933
f 4933 4932 4934
f 4933 4934 4935
f 4935 4934 4936
f 4935 4936 4937
f 4937 4936 4938
f 4936 4939 4938
f 4933 4940 4931
f 4931 4940 4941
f 4931 4941 4942
f 4931 4942 4923
f 4923 4942 4943
f 4923 4943 4921
f 4921 4943 4944
f 4921 4944 4919
f 4945 4946 4947
f 4947 4946 4948
f 4947 4948 4949
f 4946 4950 4948
f 4948 4950 4951
f 4952 4953 4950
f 4950 4953 4951
f 4947 4949 4954
f 4954 4949 4955
f 4954 4955 4956
f 4956 4957 4954
f 4958 4959 4960
f 4960 4959 4961
f 4960 4961 4962
f 4962 4961 4963
f 4962 4963 4964
f 4964 4963 4965
f 4964 4965 4966
f 4966 4965 4967
f 4966 4967 4968
f 4961 4969 4963
f 4963 4969 4970
f 4963 4970 4965
f 4965 4970 4971
f 4965 4971 4972
f 4973 4974 4972
f 4972 4974 4965
f 4974 4967 4965
f 4975 4976 4968
f 4968 4976 4977
f 4968 4977 4966
f 4966 4977 4978
f 4966 4978 4979
f 4980 4981 4976
f 4976 4981 4977
f 4981 4982 4977
f 4977 4982 4983
f 4977 4983 4978
f 4979 4964 4966
f 4984 4985 4986
f 4986 4985 4987
f 4986 4987 4988
f 4988 4987 4989
f 4988 4989 4990
f 4990 4989 4991
f 4987 4985 4992
f 4992 4985 4993
f 4992 4993 4994
f 4994 4993 4995
f 4994 4995 4996
f 4996 4995 4997
f 4996 4997 4998
f 4998 4997 4999
f 4998 4999 5000
f 5000 4999 5001
f 5000 5001 5002
f 5000 5002 5003
f 5003 5002 5004
f 5003 5004 5005
f 5005 5004 5006
f 5005 5006 5007
f 5007 5006 5008
f 5007 5008 5009
f 5006 5010 5008
f 5007 5009 5011
f 5011 5009 5012
f 5011 5012 5013
f 5013 5012 5014
f 5011 5015 5007
f 5007 5015 5016
f 5007 5016 5005
f 5005 5016 5017
f 5005 5017 5018
f 5005 5018 5003
f 5003 5018 5019
f 5003 5019 5020
f 5003 5020 5000
f 5000 5020 5021
f 5000 5021 4998
f 4998 5021 5022
f 4998 5022 5023
f 4998 5023 4996
f 4996 5023 5024
f 4996 5024 4994
f 4994 5024 5025
f 4994 5025 4992
f 4992 5025 5026
f 4992 5026 5027
f 4992 5027 4987
f 4987 5027 5028
f 4987 5028 5029
f 5029 4989 4987
f 5030 5031 5032
f 5032 5031 5033
f 5034 5035 5031
f 5031 5035 5036
f 5031 5036 5033
f 5034 5037 5035
f 5035 5037 5038
f 5035 5038 5039
f 5039 5038 5040
f 5039 5040 5041
f 5041 5040 5042
f 5037 5043 5038
f 5038 5043 5044
f 5038 5044 5040
f 5040 5044 5045
f 5040 5045 5042
f 5042 5045 5046
f 5043 5047 5044
f 5044 5047 5048
f 5044 5048 5049
f 5049 5048 5050
f 5049 5050 5051
f 5051 5050 5052
f 5051 5052 5053
f 5051 5053 5054
f 5054 5053 5055
f 5054 5055 5056
f 5054 5056 5057
f 5057 5056 5058
f 5057 5058 5059
f 5057 5059 5060
f 5060 5059 5061
f 5060 5061 5062
f 5062 5061 5063
f 5061 5064 5063
f 5062 5065 5060
f 5060 5065 5066
f 5060 5066 5067
f 5067 5066 5068
f 5067 5068 5069
f 5069 5070 5067
f 5067 5070 5071
f 5067 5071 5072
f 5072 5071 5073
f 5072 5073 5074
f 5070 5075 5071
f 5072 5074 5076
f 5076 5074 5077
f 5076 5077 5078
f 5078 5077 5079
f 5078 5079 5080
f 5078 5080 5081
f 5081 5080 5046
f 5081 5046 5045
f 5082 5083 5041
f 5041 5083 5039
f 5083 5084 5039
f 5039 5084 5085
f 5039 5085 5086
f 5039 5086 5035
f 5035 5086 5036
f 5060 5067 5057
f 5057 5067 5072
f 5057 5072 5054
f 5054 5072 5076
f 5054 5076 5051
f 5051 5076 5078
f 5051 5078 5081
f 5051 5081 5049
f 5049 5081 5045
f 5049 5045 5044
f 5087 5088 5089
f 5089 5088 5090
f 5089 5090 5091
f 5092 5093 5094
f 5094 5093 5095
f 5094 5095 5096
f 5096 5095 5097
f 5096 5097 5091
f 5091 5097 5098
f 5091 5098 5089
f 5094 5099 5092
f 5092 5099 5100
f 5092 5100 5046
f 5046 5100 5101
f 5046 5101 5102
f 5046 5102 5103
f 5103 5102 5104
f 5103 5104 5105
f 5105 5104 5106
f 5105 5106 5107
f 3957 3956 5108
f 5108 3956 5109
f 3962 4058 3956
f 3956 4058 5109
f 5109 4058 5110
f 5110 4058 4060
f 5110 4060 4061
f 5110 4061 5111
f 5111 4061 4063
f 5111 4063 5112
f 5112 4063 4064
f 5112 4064 5113
f 5113 4064 5114
f 5113 5114 5115
f 5115 5114 5116
f 4064 4066 5114
f 5114 4066 4067
f 5114 4067 4069
f 4069 4071 5114
f 5114 4071 5117
f 5114 5117 5118
f 5118 5117 5119
f 5117 4071 5120
f 5120 4071 4073
f 5120 4073 4083
f 4083 4162 5120
f 5120 4162 4160
f 5120 4160 5121
f 5121 4160 4161
f 5121 5122 5120
f 5120 5122 5117
f 5122 5119 5117
f 5118 5123 5114
f 5114 5123 5116
f 4015 4014 5124
f 5124 4014 4013
f 5124 4013 5125
f 5125 4013 3965
f 5125 3965 5126
f 5126 3965 3972
f 5126 3972 5127
f 5127 3972 5128
f 5128 3972 5129
f 5129 3972 3971
f 5129 3971 3969
f 3974 5130 3968
f 3968 5130 5131
f 3968 5131 3969
f 3969 5131 5132
f 3969 5132 5133
f 3974 3976 5130
f 5130 3976 5134
f 5135 5136 3978
f 3978 5136 5137
f 3978 5137 3976
f 3976 5137 5138
f 3976 5138 5134
f 5135 3978 5139
f 5139 3978 3980
f 5139 3980 5140
f 5140 3980 5141
f 3985 5142 3982
f 3982 5142 5143
f 3982 5143 3980
f 3980 5143 5144
f 3980 5144 5141
f 5141 5144 5145
f 3985 4010 5142
f 5142 4010 4011
f 5146 5147 5148
f 5148 5147 5149
f 5148 5149 5144
f 5144 5149 5150
f 5144 5150 5145
f 5146 5148 5151
f 5151 5148 5152
f 5151 5152 5153
f 5133 5129 3969
f 5127 5154 5126
f 5126 5154 5155
f 5126 5155 5156
f 5126 5156 5157
f 5157 5156 5158
f 5157 5158 5159
f 5159 5160 5157
f 5157 5160 5161
f 5160 5162 5161
f 5163 5164 5165
f 5165 5164 5166
f 4759 4758 5164
f 5164 4758 5166
f 5167 5168 5169
f 5169 5168 5170
f 5169 5170 5171
f 5171 5170 5172
f 5171 5172 5173
f 5173 5172 5174
f 5173 5174 5175
f 5175 5176 5173
f 5173 5176 5177
f 5173 5177 5178
f 5176 5163 5177
f 5178 5179 5173
f 5173 5179 5171
f 5179 5180 5171
f 5171 5180 5181
f 5171 5181 5169
f 5169 5181 5182
f 5169 5182 5183
f 5183 5182 5184
f 5182 5185 5184
f 5184 5185 5123
f 5183 5186 5169
f 5169 5186 5167
f 5187 5188 5189
f 5189 5188 5190
f 5189 5190 5191
f 5191 5190 5192
f 5188 5193 5190
f 5190 5193 5194
f 5190 5194 5195
f 5195 5194 5196
f 5195 5196 5197
f 5195 5197 5198
f 5198 5197 5199
f 5198 5199 5200
f 5200 5201 5198
f 5198 5201 5202
f 5198 5202 5203
f 5198 5203 5204
f 5204 5203 5205
f 5204 5205 5206
f 5206 5205 5157
f 5204 5207 5198
f 5198 5207 5195
f 5207 5208 5195
f 5195 5208 5209
f 5195 5209 5190
f 5190 5209 5192
f 5191 5210 5189
f 4141 5211 5212
f 5212 5211 5213
f 5212 5213 5214
f 5214 5213 5215
f 5213 5211 5216
f 5216 5211 5217
f 5216 5217 5218
f 5218 5217 5219
f 5218 5219 5220
f 5220 5221 5218
f 5218 5221 5222
f 5218 5222 5223
f 5221 5224 5222
f 5223 5225 5218
f 5218 5225 5216
f 5225 5226 5216
f 5216 5226 5227
f 5216 5227 5213
f 5213 5227 5228
f 5213 5228 5215
f 5215 5228 5229
f 5228 5230 5229
f 5229 5230 5231
f 5232 5233 5234
f 5234 5233 5235
f 5234 5235 5236
f 5236 5235 5237
f 5233 5238 5235
f 5235 5238 5239
f 5235 5239 5240
f 5240 5239 5241
f 5240 5241 5242
f 5240 5242 5243
f 5243 5242 5244
f 5243 5244 5245
f 5245 5246 5243
f 5243 5246 5247
f 5243 5247 5248
f 5243 5248 5249
f 5249 5248 5250
f 5249 5250 5251
f 3950 5252 5251
f 5251 5252 5249
f 5249 5253 5243
f 5243 5253 5240
f 5253 5254 5240
f 5240 5254 5255
f 5240 5255 5235
f 5235 5255 5237
f 5236 5256 5234
f 5257 5258 5259
f 5259 5258 5260
f 5088 5087 5258
f 5258 5087 5260
f 4145 4144 5261
f 5261 4144 5262
f 5261 5262 5263
f 5263 5262 5264
f 4144 4143 5262
f 5262 4143 4142
f 5262 4142 4105
f 4105 4104 5262
f 5262 4104 4107
f 5262 4107 4108
f 4108 4110 5262
f 5262 4110 5265
f 5262 5265 5266
f 4110 4112 5265
f 5265 4112 5267
f 5267 4112 5268
f 5268 4112 4113
f 5268 4113 5269
f 5269 4113 4115
f 5269 4115 5270
f 5270 4115 4116
f 5270 4116 5271
f 5271 4116 5272
f 5271 5272 5231
f 5231 5272 5273
f 4116 4118 5272
f 5272 4118 4120
f 5272 4120 4121
f 4121 4124 5272
f 5272 4124 4125
f 5272 4125 4140
f 4141 5274 4140
f 4140 5274 5272
f 5274 5275 5272
f 5272 5275 5276
f 5272 5276 5273
f 5266 5277 5262
f 5262 5277 5264
f 5278 5279 5280
f 5280 5279 5281
f 5280 5281 5282
f 5282 5281 5283
f 5284 5285 5279
f 5279 5285 5281
f 5281 5285 5286
f 5286 5285 5287
f 5286 5287 5288
f 5288 5287 5289
f 5288 5289 5290
f 5290 5289 5291
f 5290 5292 5288
f 5288 5292 5293
f 5288 5293 5294
f 5294 5293 5295
f 5294 5295 5296
f 5297 5298 5296
f 5296 5298 5299
f 5296 5299 5294
f 5294 5299 5300
f 5294 5300 5286
f 5286 5300 5301
f 5286 5301 5302
f 5286 5302 5281
f 5281 5302 5283
f 5286 5288 5294
f 5303 5304 5305
f 5305 5304 5306
f 5305 5306 5307
f 5307 5306 5308
f 5307 5308 5309
f 5306 5304 5310
f 5310 5304 5311
f 5310 5311 5312
f 5312 5311 5313
f 5311 5314 5313
f 5309 5315 5307
f 5316 5317 5318
f 5318 5317 5319
f 5318 5319 5320
f 5320 5321 5318
f 5318 5321 5322
f 5318 5322 5323
f 5323 5322 5324
f 5321 5325 5322
f 5322 5325 5326
f 5322 5326 5327
f 5327 5326 5328
f 5327 5328 5329
f 5330 5331 5329
f 5329 5331 5327
f 3904 5332 5331
f 5331 5332 5327
f 5332 5333 5327
f 5327 5333 5334
f 5327 5334 5322
f 5322 5334 5324
f 5323 5335 5318
f 5318 5335 5336
f 5318 5336 5316
f 5336 5335 5337
f 5337 5335 5338
f 5337 5338 5148
f 3947 4043 3948
f 3948 4043 5339
f 4043 4041 5339
f 5339 4041 4040
f 5339 4040 4042
f 4756 4755 5340
f 5340 4755 4690
f 5340 4690 5341
f 5341 4690 4691
f 5341 4691 5342
f 5342 4691 4693
f 5342 4693 5343
f 5343 4693 4695
f 5343 4695 4697
f 5344 5345 4700
f 4700 5345 5346
f 4700 5346 4699
f 4699 5346 5347
f 4699 5347 4697
f 4697 5347 5348
f 4697 5348 5343
f 5344 4700 5349
f 5349 4700 4702
f 5349 4702 5350
f 5350 4702 4704
f 5350 4704 5351
f 5351 4704 5352
f 4704 4706 5352
f 5352 4706 4707
f 5352 4707 5353
f 5353 4707 5354
f 4707 4709 5354
f 5354 4709 5355
f 4709 4754 5355
f 5355 4754 4753
f 5356 5357 5358
f 5358 5357 5359
f 5360 5305 5357
f 5357 5305 5359
f 3904 5361 3905
f 3905 5361 5362
f 4946 5363 5361
f 5361 5363 5362
f 5364 5365 5366
f 5366 5365 5367
f 5366 5367 5368
f 5368 5367 5369
f 5364 5370 5365
f 5365 5370 5371
f 5365 5371 5372
f 5367 5373 5369
f 5374 5375 5376
f 5376 5375 5377
f 5376 5377 5378
f 5378 5377 5379
f 5378 5379 5380
f 5380 5381 5378
f 5382 5383 5376
f 5376 5383 5374
f 5384 5385 5386
f 5386 5385 5387
f 5386 5387 5388
f 5388 5387 5389
f 5388 5389 5390
f 5390 5389 5391
f 5390 5391 5392
f 5392 5391 5393
f 5392 5393 5394
f 5392 5394 5395
f 5395 5394 5396
f 5395 5396 5397
f 5397 5396 5398
f 5397 5398 5399
f 5400 5358 5399
f 5399 5358 5397
f 5384 5401 5385
f 5385 5401 5402
f 5107 5106 5401
f 5401 5106 5402
f 5403 5404 5405
f 5405 5404 5406
f 5405 5406 5407
f 5408 5409 5410
f 5410 5409 5411
f 5410 5411 5407
f 5407 5411 5412
f 5407 5412 5405
f 5408 5413 5409
f 5409 5413 5414
f 5413 5415 5414
f 5414 5415 5416
f 5414 5416 5417
f 5417 5416 5418
f 5417 5418 5259
f 5259 5418 5257
f 5403 5419 5404
f 5404 5419 5420
f 4779 4778 5419
f 5419 4778 5420
f 3918 3919 5165
f 5165 3919 5163
f 5421 5422 5423
f 5423 5422 5424
f 5425 5426 5427
f 5427 5426 5428
f 5429 5430 5431
f 5431 5430 5432
f 5433 5434 5435
f 5435 5434 5436
f 5435 5436 5437
f 5437 5436 5438
f 5437 5438 5439
f 5435 5440 5433
f 5439 5441 5437
f 5437 5441 5442
f 5437 5442 5443
f 5443 5444 5437
f 5437 5444 5445
f 5444 5446 5445
f 5445 5446 5447
f 5445 5447 5448
f 5448 5449 5445
f 5445 5449 5450
f 5445 5450 5451
f 5451 5452 5445
f 5445 5452 5453
f 5445 5453 5454
f 5454 5453 5455
f 5454 5455 5456
f 5456 5457 5454
f 5458 5459 5460
f 5460 5459 5461
f 5460 5461 5462
f 5460 5462 5463
f 5463 5462 5464
f 5463 5464 5465
f 5465 5466 5463
f 5463 5466 5467
f 5463 5467 5468
f 5463 5468 5469
f 5469 5468 5470
f 5469 5470 5471
f 5471 5472 5469
f 5469 5472 5473
f 5474 5475 5476
f 5476 5475 5477
f 5476 5477 5460
f 5460 5477 5478
f 5460 5478 5479
f 5480 5481 5476
f 5476 5481 5474
f 5479 5458 5460
f 5482 5483 5484
f 5484 5483 5485
f 5484 5485 5486
f 5486 5485 5487
f 5486 5487 5488
f 5488 5487 5489
f 5488 5489 5490
f 5484 5491 5482
f 5482 5491 5492
f 5482 5492 5493
f 5493 5492 5494
f 5492 5491 5495
f 5495 5491 5496
f 5495 5496 5497
f 5497 5496 5498
f 5497 5498 5499
f 5499 5498 5500
f 5499 5500 5501
f 5501 5500 5502
f 5500 5503 5502
f 5502 5503 5504
f 5503 5505 5504
f 5504 5505 5506
f 5505 5507 5506
f 5506 5507 5508
f 5508 5507 5509
f 5509 5507 5510
f 5509 5510 5511
f 5511 5510 5512
f 5511 5512 5513
f 5513 5512 5514
f 5513 5514 5515
f 5515 5514 5516
f 5515 5516 5517
f 5517 5516 5518
f 5517 5518 5519
f 5519 5518 5520
f 5518 5516 5521
f 5521 5516 5522
f 5521 5522 5523
f 5523 5522 5524
f 5524 5522 5525
f 5525 5522 5526
f 5525 5526 5527
f 5527 5526 5528
f 5528 5526 5529
f 5529 5526 5530
f 5529 5530 5531
f 5531 5530 5532
f 5533 5534 5535
f 5535 5534 5536
f 5535 5536 5537
f 5537 5536 5538
f 5537 5538 5530
f 5530 5538 5539
f 5530 5539 5540
f 5535 5537 5541
f 5541 5537 5542
f 5541 5542 5543
f 5543 5542 5544
f 5543 5544 5545
f 5545 5544 5546
f 5545 5546 5547
f 5547 5546 5548
f 5547 5548 5549
f 5549 5548 5550
f 5548 5551 5550
f 5550 5551 5552
f 5551 5553 5552
f 5552 5553 5554
f 5554 5553 5555
f 5555 5553 5556
f 5555 5556 5557
f 5557 5556 5558
f 5556 5559 5558
f 5558 5559 5560
f 5560 5559 5561
f 5561 5559 5562
f 5561 5562 5563
f 5563 5562 5564
f 5563 5564 5565
f 5565 5564 5566
f 5565 5566 5567
f 5567 5566 5568
f 5567 5568 5569
f 5569 5568 5570
f 5566 5571 5568
f 5568 5571 5572
f 5571 5573 5572
f 5572 5573 5574
f 5574 5573 5488
f 5488 5573 5486
f 5535 5575 5533
f 5534 5576 5536
f 5540 5577 5530
f 5530 5577 5532
f 5578 5579 5531
f 5531 5579 5529
f 5579 5580 5529
f 5529 5580 5581
f 5582 5583 5525
f 5525 5583 5524
f 5583 5584 5524
f 5524 5584 5585
f 5519 5586 5517
f 5517 5586 5587
f 5588 5589 5509
f 5509 5589 5590
f 5509 5590 5508
f 5508 5590 5591
f 5592 5593 5501
f 5501 5593 5594
f 5501 5594 5499
f 5499 5594 5595
f 5492 5596 5494
f 5493 5597 5482
f 5598 5599 5487
f 5487 5599 5489
f 5569 5600 5567
f 5567 5600 5601
f 5602 5603 5561
f 5561 5603 5560
f 5603 5604 5560
f 5560 5604 5605
f 5606 5607 5555
f 5555 5607 5554
f 5607 5608 5554
f 5554 5608 5609
f 5610 5611 5549
f 5549 5611 5547
f 5611 5612 5547
f 5547 5612 5613
f 3903 3901 5614
f 5614 3901 5615
f 5614 5615 5616
f 5616 5615 5617
f 5617 5615 5618
f 5618 5615 5619
f 5618 5619 5620
f 5620 5619 5621
f 5619 5622 5621
f 5621 5622 5623
f 5623 5622 5624
f 5624 5622 5625
f 5624 5625 5626
f 5626 5625 5627
f 5625 5628 5627
f 5627 5628 5629
f 5629 5628 5630
f 5630 5628 5631
f 5630 5631 5632
f 5632 5631 5633
f 5631 5634 5633
f 5633 5634 5635
f 5635 5634 5636
f 5636 5634 5637
f 5636 5637 5638
f 5638 5637 5639
f 5637 5640 5639
f 5639 5640 5641
f 5640 5642 5641
f 5641 5642 5643
f 5643 5642 5644
f 5644 5642 5645
f 5644 5645 5646
f 5646 5645 5647
f 5645 5648 5647
f 5647 5648 5649
f 5649 5648 5650
f 5650 5648 5651
f 5650 5651 5652
f 5652 5651 5653
f 5651 5654 5653
f 5653 5654 5655
f 5655 5654 5656
f 5656 5654 3859
f 5656 3859 5657
f 5657 3859 3858
f 3676 5658 5659
f 5659 5658 5660
f 5659 5660 5661
f 5661 5660 5662
f 5661 5662 5663
f 5663 5662 5664
f 5663 5664 5665
f 5663 5665 5666
f 5666 5665 5667
f 5666 5667 5668
f 3660 5669 5668
f 5668 5669 5666
f 5669 5670 5666
f 5666 5670 5671
f 5666 5671 5672
f 5672 5671 5673
f 5672 5673 5674
f 5672 5674 5675
f 5675 5674 5676
f 5675 5676 5677
f 5675 5677 5678
f 5678 5677 5679
f 5678 5679 5680
f 5678 5680 5681
f 5681 5680 5682
f 5681 5682 5683
f 5684 5685 5686
f 5686 5685 5687
f 5686 5687 5683
f 5683 5687 5688
f 5683 5688 5681
f 5681 5688 5689
f 5681 5689 5690
f 5691 5692 5693
f 5693 5692 5694
f 5693 5694 5686
f 5686 5694 5695
f 5686 5695 5684
f 5691 5696 5692
f 5692 5696 5697
f 5692 5697 5698
f 5698 5697 5699
f 5698 5699 5700
f 5700 5699 5701
f 5700 5701 5702
f 5702 5701 5703
f 5696 5704 5697
f 5697 5704 5705
f 5697 5705 5706
f 5706 5705 5707
f 5706 5707 5708
f 5706 5708 5709
f 5709 5708 5710
f 5709 5710 5711
f 5709 5711 5712
f 5712 5711 5713
f 5712 5713 5714
f 5712 5714 5715
f 5715 5714 5716
f 5715 5716 5717
f 5715 5717 5718
f 5718 5717 5719
f 5718 5719 5720
f 5718 5720 5721
f 5721 5720 5722
f 5721 5722 5723
f 3797 5724 5723
f 5723 5724 5721
f 5724 5725 5721
f 5721 5725 5726
f 5721 5726 5727
f 5725 5728 5726
f 5727 5729 5721
f 5721 5729 5730
f 5721 5730 5731
f 5731 5730 5732
f 5731 5732 5733
f 5733 5732 5734
f 5733 5734 5735
f 5735 5734 5736
f 5735 5736 5737
f 5729 5738 5730
f 5730 5738 5739
f 5730 5739 5740
f 5730 5740 5741
f 5741 5740 5742
f 5741 5742 5743
f 5744 5745 5743
f 5743 5745 5741
f 5745 5746 5741
f 5741 5746 5747
f 5741 5747 5748
f 5746 3758 5747
f 5748 5749 5741
f 5741 5749 5750
f 5741 5750 5732
f 5732 5750 5751
f 5732 5751 5734
f 5734 5751 5752
f 5734 5752 5736
f 5737 5753 5735
f 5735 5753 5701
f 5735 5701 5754
f 5754 5701 5699
f 5754 5699 5706
f 5706 5699 5697
f 5753 5703 5701
f 5702 5755 5700
f 5700 5755 5756
f 5700 5756 5757
f 5757 5756 5758
f 5757 5758 5759
f 5757 5759 5760
f 5760 5759 5761
f 5760 5761 5762
f 5762 5763 5760
f 5760 5763 5764
f 5760 5764 5765
f 5765 5764 5766
f 5763 5767 5764
f 5764 5767 5768
f 5764 5768 5769
f 5768 5767 5770
f 5770 5767 5771
f 5770 5771 5772
f 5772 5771 5773
f 5774 5775 5776
f 5776 5775 5777
f 5776 5777 5771
f 5771 5777 5778
f 5771 5778 5773
f 5774 5776 5779
f 5779 5776 5780
f 5779 5780 5781
f 5781 5782 5779
f 5779 5782 5783
f 5779 5783 5784
f 5784 5783 5785
f 5784 5785 5786
f 5786 5785 5787
f 5786 5787 5788
f 5788 5787 5663
f 5788 5663 5666
f 5782 5789 5783
f 5783 5789 5790
f 5783 5790 5785
f 5785 5790 5791
f 5785 5791 5792
f 5785 5792 5787
f 5787 5792 5793
f 5787 5793 5794
f 5787 5794 5661
f 5661 5794 5795
f 5661 5795 5659
f 5796 5797 5798
f 5798 5797 5799
f 5798 5799 5692
f 5692 5799 5800
f 5692 5800 5801
f 5801 5802 5692
f 5692 5802 5803
f 5692 5803 5804
f 5804 5694 5692
f 5690 5805 5681
f 5681 5805 5806
f 5681 5806 5807
f 5807 5808 5681
f 5681 5808 5809
f 5681 5809 5784
f 5784 5809 5779
f 5808 5810 5809
f 5809 5810 5811
f 5809 5811 5812
f 5809 5812 5779
f 5779 5812 5813
f 5779 5813 5814
f 5814 5774 5779
f 5769 5766 5764
f 5765 5815 5760
f 5760 5815 5816
f 5760 5816 5798
f 5798 5816 5796
f 5787 5661 5663
f 5757 5760 5698
f 5698 5760 5798
f 5698 5798 5692
f 5700 5757 5698
f 5741 5732 5730
f 5672 5675 5788
f 5788 5675 5786
f 5675 5678 5786
f 5786 5678 5784
f 5666 5672 5788
f 5678 5681 5784
f 5715 5718 5731
f 5731 5718 5721
f 5731 5733 5715
f 5715 5733 5712
f 5709 5712 5817
f 5817 5712 5733
f 5817 5733 5735
f 5706 5709 5754
f 5754 5709 5817
f 5754 5817 5735
f 3658 3659 5818
f 5818 3659 5819
f 5818 5819 5820
f 5818 5820 5821
f 5821 5820 5822
f 5821 5822 5823
f 5823 5822 5824
f 5823 5824 5825
f 5823 5825 5826
f 5826 5825 5827
f 5826 5827 5828
f 5828 5827 5829
f 5828 5829 5830
f 5830 5829 5831
f 5830 5831 5832
f 5832 5831 5833
f 5832 5833 5834
f 5834 5833 5835
f 5834 5835 5836
f 5836 5835 5837
f 5835 5838 5837
f 5837 5838 5839
f 5837 5839 5840
f 5840 5839 5841
f 5840 5841 5842
f 5842 5841 5843
f 5842 5843 5844
f 5842 5844 5845
f 5845 5844 5846
f 5845 5846 5847
f 5847 5846 5848
f 5847 5848 5849
f 5849 5848 5850
f 5849 5850 3623
f 3623 3625 5849
f 3621 3622 5851
f 5851 3622 5852
f 5851 5852 5853
f 5851 5853 5854
f 5854 5853 5855
f 5854 5855 5856
f 5856 5855 5857
f 5856 5857 5858
f 5856 5858 5859
f 5859 5858 5860
f 5859 5860 5861
f 5861 5860 5862
f 5861 5862 5863
f 5863 5862 5864
f 5863 5864 5865
f 5863 5865 5866
f 5866 5865 5867
f 5866 5867 5868
f 5868 5867 5869
f 5868 5869 5870
f 5868 5870 5871
f 5871 5870 5872
f 5871 5872 5873
f 5873 5872 5874
f 5873 5874 5875
f 5873 5875 5876
f 5876 5875 5877
f 5876 5877 5878
f 5878 5877 5879
f 5878 5879 5880
f 5878 5880 5881
f 5881 5880 5882
f 5881 5882 5883
f 5883 5882 5884
f 5883 5884 5885
f 5883 5885 5886
f 5886 5885 3587
f 5886 3587 3589
f 3558 3559 5887
f 5887 3559 5888
f 5887 5888 5889
f 5889 5888 5890
f 5889 5890 5891
f 5891 5890 5892
f 5891 5892 5893
f 5893 5892 5894
f 5893 5894 5895
f 5895 5894 5896
f 5895 5896 5897
f 5895 5897 5898
f 5898 5897 5899
f 5898 5899 5900
f 5898 5900 5901
f 5901 5900 5902
f 5901 5902 5903
f 5903 5902 5904
f 5903 5904 5905
f 5903 5905 5906
f 5906 5905 5907
f 5906 5907 5908
f 5908 5907 5909
f 5908 5909 5910
f 5908 5910 5911
f 5911 5910 5912
f 5911 5912 5913
f 5913 5912 5914
f 5913 5914 5915
f 5913 5915 5916
f 5916 5915 5917
f 5916 5917 5918
f 5918 5917 5919
f 5918 5919 5920
f 5918 5920 5921
f 5921 5920 3586
f 5921 3586 5922
f 5923 5924 5925
f 5925 5924 5926
f 5925 5926 5927
f 5927 5926 5928
f 5927 5928 5929
f 5927 5929 5930
f 5930 5929 5931
f 5930 5931 5932
f 5932 5933 5930
f 5930 5933 5934
f 5933 5935 5934
f 5934 5935 5936
f 5934 5936 5937
f 5937 5936 5938
f 5937 5938 5939
f 5939 5940 5937
f 5937 5940 5941
f 5940 5942 5941
f 5941 5942 5943
f 5941 5943 5944
f 5944 5943 5945
f 5944 5945 5946
f 5946 5947 5944
f 5944 5947 5948
f 5947 5949 5948
f 5948 5949 5950
f 5948 5950 5951
f 5951 5950 5952
f 5951 5952 5953
f 5953 5954 5951
f 5951 5954 5955
f 5954 5956 5955
f 5955 5956 5957
f 5955 5957 5958
f 5958 5957 5959
f 5958 5959 5960
f 5958 5960 5961
f 5961 5960 5962
f 5961 5962 5963
f 5963 5964 5961
f 5961 5964 5965
f 5964 5966 5965
f 5965 5966 5967
f 5965 5967 5968
f 5965 5968 5969
f 5969 5968 5970
f 5969 5970 5971
f 5969 5971 5972
f 5972 5971 5973
f 5972 5973 5974
f 5974 5975 5972
f 5972 5975 5976
f 5975 5977 5976
f 5976 5977 5978
f 5976 5978 5979
f 5979 5978 5980
f 5979 5980 5981
f 5979 5981 5982
f 5982 5981 5983
f 5982 5983 5984
f 5984 5985 5982
f 5982 5985 5986
f 5985 5987 5986
f 5986 5987 5988
f 5986 5988 5989
f 5989 5988 5990
f 5989 5990 5991
f 5991 5992 5989
f 5989 5992 5993
f 5992 5994 5993
f 5993 5994 5995
f 5993 5995 5996
f 5996 5995 5997
f 5996 5997 5998
f 5998 5999 5996
f 5996 5999 6000
f 5999 6001 6000
f 6000 6001 6002
f 6000 6002 6003
f 6003 6002 6004
f 6003 6004 6005
f 6005 6006 6003
f 6003 6006 6007
f 6006 6008 6007
f 6007 6008 6009
f 6007 6009 6010
f 6010 6009 6011
f 6010 6011 5923
f 5925 6010 5923
f 4675 4609 6012
f 6012 4609 4610
f 6012 4610 6013
f 6013 4610 4674
f 6013 4674 4673
f 4673 4611 6013
f 6013 4611 4613
f 6013 4613 4614
f 4614 4616 6013
f 6013 4616 6014
f 6013 6014 6015
f 4616 4618 6014
f 6014 4618 6016
f 6016 4618 6017
f 6017 4618 4619
f 6017 4619 6018
f 6018 4619 4621
f 6018 4621 6019
f 6019 4621 4623
f 6019 4623 4624
f 4626 6020 4624
f 4624 6020 6021
f 4624 6021 6019
f 4626 4628 6020
f 6020 4628 4629
f 6020 4629 4672
f 4672 4671 6020
f 6020 4671 6022
f 6020 6022 6023
f 4671 4633 6022
f 6022 4633 4635
f 6023 6024 6020
f 6020 6024 6025
f 6020 6025 6026
f 6026 6021 6020
f 6015 6027 6013
f 6013 6027 6028
f 6013 6028 6029
f 6029 6012 6013
f 3546 3547 6030
f 6030 3547 6031
f 6030 6031 6032
f 6032 6031 6033
f 6032 6033 6034
f 6034 6033 6035
f 6034 6035 6036
f 6036 6035 6037
f 6036 6037 6038
f 6038 6037 6039
f 6038 6039 6040
f 6040 6039 6041
f 6040 6041 6042
f 6042 6041 6043
f 6042 6043 6044
f 6044 6043 6045
f 6044 6045 6046
f 6046 6045 6047
f 6046 6047 6048
f 6048 6047 6049
f 6048 6049 6050
f 6050 6049 6051
f 6050 6051 6052
f 6052 6051 6053
f 6052 6053 3520
f 3520 6053 3521
f 6054 6055 6056
f 6056 6055 6057
f 6056 6057 6058
f 6058 6057 6059
f 6058 6059 6060
f 6061 6062 6063
f 6063 6062 6064
f 6063 6064 6056
f 6056 6064 6065
f 6056 6065 6054
f 6061 6063 6066
f 6066 6063 6067
f 6066 6067 6068
f 6068 6067 6069
f 6068 6069 6070
f 6070 6069 6071
f 6070 6071 6072
f 6071 6069 6073
f 6073 6069 6074
f 6073 6074 6075
f 6075 6074 6076
f 6076 6074 6077
f 6077 6074 6078
f 6077 6078 6079
f 6079 6078 6080
f 6081 6082 6083
f 6083 6082 6084
f 6083 6084 6078
f 6078 6084 6085
f 6078 6085 6086
f 6087 6088 6089
f 6089 6088 6090
f 6089 6090 6083
f 6083 6090 6091
f 6083 6091 6092
f 6093 6094 6095
f 6095 6094 6096
f 6095 6096 6089
f 6089 6096 6097
f 6089 6097 6098
f 6098 6097 6099
f 6098 6099 6100
f 6100 6099 6101
f 6100 6101 6102
f 6102 6101 6103
f 6102 6103 6104
f 6104 6103 6105
f 6104 6105 6106
f 6106 6105 6107
f 6108 6109 6110
f 6110 6109 6111
f 6110 6111 6095
f 6095 6111 6112
f 6095 6112 6113
f 6114 6115 6116
f 6116 6115 6117
f 6116 6117 6110
f 6110 6117 6118
f 6110 6118 6119
f 6120 6121 6122
f 6122 6121 6123
f 6122 6123 6116
f 6116 6123 6124
f 6116 6124 6125
f 6125 6124 6126
f 6127 6128 6129
f 6129 6128 6130
f 6129 6130 6122
f 6122 6130 6131
f 6122 6131 6120
f 6132 6133 6134
f 6134 6133 6135
f 6134 6135 6129
f 6129 6135 6136
f 6129 6136 6137
f 6138 6139 6140
f 6140 6139 6141
f 6140 6141 6134
f 6134 6141 6142
f 6134 6142 6132
f 6138 6140 6143
f 6143 6140 6144
f 6143 6144 6145
f 6145 6144 6146
f 6145 6146 6147
f 6147 6146 6148
f 6147 6148 6149
f 6148 6146 6150
f 6150 6146 6151
f 6150 6151 6152
f 6152 6151 6153
f 6153 6151 6154
f 6154 6151 6155
f 6154 6155 6156
f 6156 6155 6157
f 6158 6159 6160
f 6160 6159 6161
f 6160 6161 6155
f 6155 6161 6162
f 6155 6162 6163
f 6164 6165 6166
f 6166 6165 6167
f 6166 6167 6160
f 6160 6167 6168
f 6160 6168 6169
f 6164 6166 6170
f 6170 6166 6171
f 6170 6171 6172
f 6172 6171 6173
f 6172 6173 6174
f 6174 6173 6175
f 6174 6175 6176
f 6176 6175 6177
f 6176 6177 6178
f 6178 6177 6179
f 6173 6171 6180
f 6180 6171 6181
f 6180 6181 6182
f 6182 6181 6183
f 6182 6183 6184
f 6184 6183 6185
f 6185 6183 6186
f 6186 6183 6187
f 6186 6187 6188
f 6188 6187 6189
f 6190 6191 6058
f 6058 6191 6192
f 6058 6192 6187
f 6187 6192 6193
f 6187 6193 6189
f 6103 6101 6194
f 6194 6101 6195
f 6194 6195 6196
f 6194 6196 6197
f 6197 6196 6198
f 6197 6198 6199
f 6197 6199 6200
f 6200 6199 6201
f 6200 6201 6202
f 6126 6203 6202
f 6202 6203 6204
f 6202 6204 6205
f 6205 6204 6206
f 6205 6206 6207
f 6207 6206 6208
f 6207 6208 6209
f 6125 6114 6116
f 6119 6108 6110
f 6113 6093 6095
f 6205 6200 6202
f 6105 6210 6107
f 6107 6210 6072
f 6210 6070 6072
f 6061 6066 6211
f 6211 6066 6212
f 6211 6212 6213
f 6213 6212 6214
f 6213 6214 6215
f 6215 6214 6216
f 6214 6217 6216
f 6216 6217 6218
f 6217 6182 6218
f 6218 6182 6184
f 6177 6219 6179
f 6179 6219 6149
f 6219 6147 6149
f 6138 6143 6220
f 6220 6143 6221
f 6220 6221 6209
f 6209 6221 6207
f 6137 6222 6129
f 6129 6222 6127
f 6124 6203 6126
f 6169 6158 6160
f 6163 6157 6155
f 6060 6223 6058
f 6058 6223 6190
f 6092 6081 6083
f 6086 6080 6078
f 6098 6087 6089
f 3518 3519 6224
f 6224 3519 6225
f 6224 6225 6226
f 6224 6226 6227
f 6227 6226 6228
f 6227 6228 6229
f 6229 6228 6230
f 6228 6231 6230
f 6230 6231 6232
f 6230 6232 6233
f 6233 6232 6234
f 6233 6234 6235
f 6235 6234 6236
f 6234 6237 6236
f 6236 6237 6238
f 6236 6238 6239
f 6239 6238 6240
f 6239 6240 6241
f 6241 6240 6242
f 6241 6242 6243
f 6243 6242 6244
f 6242 6245 6244
f 6244 6245 3494
f 6244 3494 3496
f 6246 6247 6248
f 6248 6247 6249
f 6248 6249 6250
f 6250 6249 6251
f 6250 6251 6252
f 6252 6251 6253
f 6252 6253 6254
f 6254 6253 6255
f 6254 6255 6256
f 6256 6255 6257
f 6256 6257 6258
f 6258 6257 6259
f 6258 6259 6260
f 6260 6259 6261
f 6260 6261 6262
f 6262 6261 6263
f 6262 6263 6264
f 6264 6263 6265
f 6264 6265 6266
f 6266 6265 6267
f 6266 6267 6268
f 6246 6269 6247
f 3492 3493 6270
f 6270 3493 6271
f 6270 6271 6272
f 6270 6272 6273
f 6273 6272 6274
f 6273 6274 6275
f 6275 6274 6276
f 6274 6277 6276
f 6276 6277 6278
f 6276 6278 6279
f 6279 6278 6280
f 6279 6280 6281
f 6281 6280 6282
f 6280 6283 6282
f 6282 6283 6284
f 6282 6284 6285
f 6285 6284 6286
f 6285 6286 6287
f 6287 6286 6288
f 6287 6288 6289
f 6289 6288 6290
f 6288 6291 6290
f 6290 6291 3468
f 6290 3468 3470
f 6292 6293 6294
f 6294 6293 6295
f 6294 6295 6296
f 6296 6295 6297
f 6296 6297 6298
f 6298 6297 6299
f 6298 6299 6300
f 6300 6299 6301
f 6300 6301 6302
f 6302 6301 6303
f 6302 6303 6304
f 6304 6303 6305
f 6304 6305 6306
f 6306 6305 6307
f 6306 6307 6308
f 6308 6307 6309
f 6308 6309 6310
f 6310 6309 6311
f 6310 6311 6312
f 6312 6311 6313
f 6312 6313 6314
f 6292 6315 6293
f 3466 3467 6316
f 6316 3467 6317
f 6316 6317 6318
f 6316 6318 6319
f 6319 6318 6320
f 6319 6320 6321
f 6321 6320 6322
f 6320 6323 6322
f 6322 6323 6324
f 6322 6324 6325
f 6325 6324 6326
f 6325 6326 6327
f 6327 6326 6328
f 6326 6329 6328
f 6328 6329 6330
f 6328 6330 6331
f 6331 6330 6332
f 6331 6332 6333
f 6333 6332 6334
f 6333 6334 6335
f 6335 6334 6336
f 6334 6337 6336
f 6336 6337 3442
f 6336 3442 3444
f 6338 6339 6340
f 6340 6339 6341
f 6340 6341 6342
f 6342 6341 6343
f 6342 6343 6344
f 6344 6343 6345
f 6344 6345 6346
f 6346 6345 6347
f 6346 6347 6348
f 6348 6347 6349
f 6348 6349 6350
f 6350 6349 6351
f 6350 6351 6352
f 6352 6351 6353
f 6352 6353 6354
f 6354 6353 6355
f 6354 6355 6356
f 6356 6355 6357
f 6356 6357 6358
f 6358 6357 6359
f 6358 6359 6360
f 6338 6361 6339
f 3440 3441 6362
f 6362 3441 6363
f 6362 6363 6364
f 6362 6364 6365
f 6365 6364 6366
f 6365 6366 6367
f 6367 6366 6368
f 6366 6369 6368
f 6368 6369 6370
f 6368 6370 6371
f 6371 6370 6372
f 6371 6372 6373
f 6373 6372 6374
f 6372 6375 6374
f 6374 6375 6376
f 6374 6376 6377
f 6377 6376 6378
f 6377 6378 6379
f 6379 6378 6380
f 6379 6380 6381
f 6381 6380 6382
f 6380 6383 6382
f 6382 6383 3416
f 6382 3416 3418
f 6384 6385 6386
f 6386 6385 6387
f 6386 6387 6388
f 6388 6387 6389
f 6388 6389 6390
f 6390 6389 6391
f 6390 6391 6392
f 6392 6391 6393
f 6392 6393 6394
f 6394 6393 6395
f 6394 6395 6396
f 6396 6395 6397
f 6396 6397 6398
f 6398 6397 6399
f 6398 6399 6400
f 6400 6399 6401
f 6400 6401 6402
f 6402 6401 6403
f 6402 6403 6404
f 6404 6403 6405
f 6404 6405 6406
f 6384 6407 6385
f 6408 6409 6410
f 6410 6409 6411
f 6410 6411 6412
f 6412 6411 6413
f 6412 6413 6414
f 6414 6413 6415
f 6414 6415 6416
f 6416 6415 6417
f 6416 6417 6418
f 6418 6417 6419
f 6418 6419 6420
f 6420 6419 6421
f 6420 6421 6422
f 6422 6421 6423
f 6422 6423 6424
f 6408 6425 6409
f 6409 6425 6426
f 6425 6427 6426
f 6426 6427 6428
f 6427 6429 6428
f 6428 6429 6430
f 6429 6431 6430
f 6430 6431 6432
f 6431 6433 6432
f 6432 6433 6434
f 6433 6435 6434
f 6434 6435 6436
f 6436 6435 6437
f 6437 6435 6438
f 6437 6438 6439
f 6439 6438 6440
f 6439 6440 6441
f 6441 6440 6442
f 6441 6442 6443
f 6443 6442 6444
f 6443 6444 6445
f 6445 6444 6446
f 6445 6446 6447
f 6447 6446 6448
f 6447 6448 6449
f 6447 6449 6450
f 6450 6449 6451
f 6450 6451 6452
f 6452 6451 6453
f 6452 6453 6454
f 6454 6453 6455
f 6454 6455 6424
f 6424 6455 6422
f 3414 3415 6456
f 6456 3415 6457
f 6456 6457 6458
f 6456 6458 6459
f 6459 6458 6460
f 6459 6460 6461
f 6461 6460 6462
f 6460 6463 6462
f 6462 6463 6464
f 6462 6464 6465
f 6465 6464 6466
f 6465 6466 6467
f 6467 6466 6468
f 6466 6469 6468
f 6468 6469 6470
f 6468 6470 6471
f 6471 6470 6472
f 6471 6472 6473
f 6473 6472 6474
f 6473 6474 6475
f 6475 6474 6476
f 6474 6477 6476
f 6476 6477 3390
f 6476 3390 3392
f 6478 6479 6480
f 6480 6479 6481
f 6480 6481 6482
f 6482 6481 6483
f 6482 6483 6484
f 6484 6483 6485
f 6484 6485 6486
f 6486 6485 6487
f 6486 6487 6488
f 6488 6487 6489
f 6488 6489 6490
f 6490 6489 6491
f 6490 6491 6492
f 6492 6491 6493
f 6492 6493 6494
f 6494 6493 6495
f 6494 6495 6496
f 6496 6495 6497
f 6496 6497 6498
f 6498 6497 6499
f 6498 6499 6500
f 6478 6501 6479
f 3388 3389 6502
f 6502 3389 6503
f 6502 6503 6504
f 6502 6504 6505
f 6505 6504 6506
f 6505 6506 6507
f 6507 6506 6508
f 6506 6509 6508
f 6508 6509 6510
f 6508 6510 6511
f 6511 6510 6512
f 6511 6512 6513
f 6513 6512 6514
f 6512 6515 6514
f 6514 6515 6516
f 6514 6516 6517
f 6517 6516 6518
f 6517 6518 6519
f 6519 6518 6520
f 6519 6520 6521
f 6521 6520 6522
f 6520 6523 6522
f 6522 6523 3364
f 6522 3364 3366
f 3349 6524 3350
f 3350 6524 6525
f 6524 6526 6525
f 6525 6526 6527
f 6525 6527 6528
f 6528 6527 6529
f 6528 6529 6530
f 6530 6529 6531
f 6530 6531 6532
f 6530 6532 6533
f 6533 6532 6534
f 6533 6534 6535
f 6533 6535 6536
f 6536 6535 6537
f 6536 6537 6538
f 6536 6538 6539
f 6539 6538 6540
f 6539 6540 6541
f 6539 6541 6542
f 6542 6541 6543
f 6542 6543 6544
f 6544 6543 6545
f 6544 6545 6546
f 6546 6545 6547
f 6546 6547 6548
f 6548 6547 6549
f 6548 6549 6550
f 6548 6550 6551
f 6551 6550 6552
f 6551 6552 6553
f 3363 3362 6553
f 6553 3362 6551
f 6554 6555 6556
f 6556 6555 6557
f 6555 6558 6557
f 6557 6558 6559
f 6558 6560 6559
f 6559 6560 6561
f 6560 6562 6561
f 6561 6562 6563
f 6562 6564 6563
f 6563 6564 6565
f 6564 6566 6565
f 6565 6566 6567
f 6566 6568 6567
f 6567 6568 6569
f 6568 6570 6569
f 6569 6570 6571
f 6570 6572 6571
f 6571 6572 6573
f 6572 6574 6573
f 6573 6574 6575
f 6574 6576 6575
f 6575 6576 6577
f 4635 6578 6579
f 6579 6578 6580
f 6579 6580 6581
f 6581 6580 6582
f 6580 6578 6583
f 6583 6578 6584
f 6583 6584 6585
f 6585 6584 6586
f 6585 6586 6587
f 6587 6588 6585
f 6585 6588 6589
f 6585 6589 6590
f 6588 5356 6589
f 6590 6591 6585
f 6585 6591 6583
f 6591 6592 6583
f 6583 6592 6593
f 6583 6593 6580
f 6580 6593 6594
f 6580 6594 6582
f 6582 6594 6595
f 6594 6596 6595
f 6595 6596 6026
f 6026 6597 6598
f 6598 6597 6599
f 6598 6599 6600
f 6600 6599 6601
f 6600 6601 6602
f 6602 6601 6603
f 6602 6603 6604
f 6602 6604 6605
f 6605 6604 6606
f 6605 6606 6607
f 6607 6606 6608
f 6607 6608 5400
f 6607 6609 6605
f 6605 6609 6610
f 6605 6610 6611
f 6605 6611 6612
f 6612 6611 5393
f 6612 5393 6613
f 6612 6613 6614
f 6614 6613 6615
f 6614 6615 6616
f 6617 6618 6616
f 6616 6618 6619
f 6616 6619 6614
f 6614 6619 6620
f 6614 6620 6621
f 6621 6620 6622
f 6621 6622 6623
f 6621 6623 6624
f 6624 6623 6625
f 6624 6625 6626
f 6626 6625 6627
f 6626 6627 6015
f 6626 6628 6624
f 6624 6628 6629
f 6624 6629 6630
f 6630 6629 6600
f 6630 6600 6602
f 6628 6017 6629
f 6629 6017 6631
f 6629 6631 6632
f 6629 6632 6600
f 6600 6632 6598
f 6614 6621 6612
f 6612 6621 6630
f 6612 6630 6602
f 6630 6621 6624
f 6602 6605 6612
f 6633 6634 6635
f 6635 6634 6636
f 6635 6636 6637
f 6635 6637 6638
f 6638 6637 6639
f 6638 6639 6640
f 6640 6639 6641
f 6640 6641 6642
f 6639 6643 6641
f 6642 6644 6640
f 6640 6644 6645
f 6640 6645 6646
f 6644 6647 6645
f 6645 6647 6648
f 6647 6015 6648
f 6640 6646 6638
f 6638 6646 6649
f 6638 6649 6650
f 6638 6650 6635
f 6635 6650 6651
f 6635 6651 6652
f 5385 6633 6652
f 6652 6633 6635
f 5231 6653 6654
f 6654 6653 6655
f 6654 6655 6656
f 6656 6655 6657
f 6656 6657 6658
f 6658 6657 6659
f 6658 6659 6660
f 6658 6660 6661
f 6661 6660 6662
f 6661 6662 6663
f 6663 6662 6664
f 6663 6664 5224
f 6663 6665 6661
f 6661 6665 6666
f 6661 6666 6667
f 6661 6667 6668
f 6668 6667 6669
f 6668 6669 6670
f 6668 6670 6671
f 6671 6670 6672
f 6671 6672 6673
f 5404 6674 6673
f 6673 6674 6675
f 6673 6675 6671
f 6671 6675 6676
f 6671 6676 6677
f 6677 6676 6678
f 6677 6678 6679
f 6677 6679 6680
f 6680 6679 6681
f 6680 6681 6682
f 6682 6681 6683
f 6682 6683 5266
f 6682 6684 6680
f 6680 6684 6685
f 6680 6685 6686
f 6686 6685 6656
f 6686 6656 6658
f 6684 6687 6685
f 6685 6687 6688
f 6685 6688 6689
f 6685 6689 6656
f 6656 6689 6654
f 6671 6677 6668
f 6668 6677 6686
f 6668 6686 6658
f 6686 6677 6680
f 6658 6661 6668
f 6690 6691 6692
f 6692 6691 6693
f 6692 6693 6694
f 6692 6694 6695
f 6695 6694 6696
f 6695 6696 6697
f 6697 6696 6698
f 6697 6698 6699
f 6696 4145 6698
f 6699 6700 6697
f 6697 6700 6701
f 6697 6701 6702
f 6700 6703 6701
f 6701 6703 6704
f 6703 5266 6704
f 6697 6702 6695
f 6695 6702 6705
f 6695 6705 6706
f 6695 6706 6692
f 6692 6706 6707
f 6692 6707 6708
f 6709 6690 6708
f 6708 6690 6692
f 5123 6710 6711
f 6711 6710 6712
f 6711 6712 6713
f 6713 6712 6714
f 6713 6714 6715
f 6715 6714 6716
f 6715 6716 6717
f 6715 6717 6718
f 6718 6717 6719
f 6718 6719 6720
f 6720 6719 6721
f 6720 6721 6722
f 6720 6723 6718
f 6718 6723 6724
f 6718 6724 6725
f 6725 6724 6726
f 6725 6726 6727
f 6725 6727 6728
f 6728 6727 6729
f 6728 6729 6730
f 6731 6732 6730
f 6730 6732 6733
f 6730 6733 6728
f 6728 6733 6734
f 6728 6734 6735
f 6735 6734 6736
f 6735 6736 6737
f 6735 6737 6738
f 6738 6737 6739
f 6738 6739 6740
f 6740 6739 6741
f 6740 6741 5108
f 6740 6742 6738
f 6738 6742 6743
f 6738 6743 6744
f 6744 6743 6745
f 6744 6745 6746
f 6744 6746 6713
f 6713 6746 6747
f 6713 6747 6711
f 6744 6713 6748
f 6748 6713 6715
f 6748 6715 6725
f 6725 6715 6718
f 6728 6735 6725
f 6725 6735 6748
f 6744 6748 6738
f 6738 6748 6735
f 6749 6750 6751
f 6751 6750 6752
f 6751 6752 6753
f 6751 6753 6754
f 6754 6753 6755
f 6754 6755 6756
f 6756 6755 6757
f 6756 6757 6758
f 6755 3951 6757
f 6758 6759 6756
f 6756 6759 6760
f 6756 6760 6761
f 5108 6762 6759
f 6759 6762 6760
f 6756 6761 6754
f 6754 6761 6763
f 6754 6763 6764
f 6754 6764 6751
f 6751 6764 6765
f 6751 6765 6766
f 6731 6749 6766
f 6766 6749 6751
f 6767 6768 6769
f 6769 6768 6770
f 6769 6770 6771
f 6771 6772 6769
f 6769 6772 6773
f 6769 6773 6774
f 6774 6773 6775
f 6772 6776 6773
f 6773 6776 6777
f 6773 6777 6778
f 6778 6777 6779
f 6778 6779 6780
f 6781 6782 6780
f 6780 6782 6778
f 6783 6784 6782
f 6782 6784 6778
f 6784 6785 6778
f 6778 6785 6786
f 6778 6786 6773
f 6773 6786 6775
f 6774 6787 6769
f 6769 6787 6788
f 6769 6788 6767
f 6788 6787 6789
f 6789 6787 6790
f 6789 6790 5352
f 5256 5236 6791
f 6791 5236 6792
f 6791 6792 6793
f 6793 6792 6794
f 6793 6794 6795
f 6795 6794 6796
f 6795 6796 6797
f 6795 6797 6798
f 6798 6797 6799
f 6798 6799 6800
f 6800 6799 6801
f 6800 6801 3950
f 6800 6802 6798
f 6798 6802 6803
f 6798 6803 6804
f 6804 6803 6805
f 6804 6805 6806
f 6804 6806 6807
f 6807 6806 6808
f 6807 6808 6809
f 3946 6810 6809
f 6809 6810 6807
f 6810 6811 6807
f 6807 6811 6812
f 6807 6812 6813
f 6813 6812 6814
f 6813 6814 6815
f 6813 6815 6816
f 6816 6815 6817
f 6816 6817 6818
f 6818 6817 6819
f 6818 6819 5403
f 6818 5412 6816
f 6816 5412 6820
f 6816 6820 6821
f 6821 6820 5409
f 6821 5409 6822
f 6821 6822 6793
f 6793 6822 6791
f 6793 6795 6821
f 6821 6795 6823
f 6821 6823 6813
f 6813 6823 6807
f 6798 6804 6823
f 6823 6804 6807
f 6823 6795 6798
f 6813 6816 6821
f 5352 6824 6825
f 6825 6824 6826
f 6825 6826 6827
f 6827 6826 6828
f 6827 6828 6829
f 6829 6828 6830
f 6829 6830 6831
f 6829 6831 6832
f 6832 6831 6833
f 6832 6833 6834
f 6834 6833 6784
f 6834 6784 5384
f 6834 6835 6832
f 6832 6835 6836
f 6832 6836 6837
f 6837 6836 5392
f 6837 5392 6838
f 6837 6838 6839
f 6839 6838 6840
f 6839 6840 6841
f 6841 6840 6842
f 6840 5358 6842
f 6841 6843 6839
f 6839 6843 6844
f 6839 6844 6837
f 6837 6844 6845
f 6837 6845 6829
f 6829 6845 6827
f 6843 6846 6844
f 6844 6846 6847
f 6844 6847 6848
f 6848 6847 6849
f 6848 6849 6850
f 6850 6849 6851
f 6850 6851 5343
f 6850 6852 6848
f 6848 6852 6853
f 6848 6853 6854
f 6854 6853 6855
f 6854 6855 6856
f 6856 6857 6854
f 6854 6857 6827
f 6854 6827 6845
f 6857 6858 6827
f 6827 6858 6825
f 6854 6845 6848
f 6848 6845 6844
f 6829 6832 6837
f 6859 6860 6861
f 6861 6860 6862
f 6861 6862 6863
f 6863 6864 6861
f 6861 6864 6865
f 6861 6865 6866
f 6866 6865 6867
f 6864 6868 6865
f 6865 6868 6869
f 6865 6869 6870
f 6870 6869 6871
f 6870 6871 6872
f 6873 6874 6872
f 6872 6874 6870
f 6875 6819 6874
f 6874 6819 6870
f 6819 6876 6870
f 6870 6876 6877
f 6870 6877 6865
f 6865 6877 6867
f 6866 6878 6861
f 6861 6878 6879
f 6861 6879 6859
f 6878 6880 6879
f 6879 6880 3946
f 6881 6882 6883
f 6883 6882 6884
f 6883 6884 6842
f 6842 6884 6841
f 6882 6885 6884
f 6884 6885 6886
f 6884 6886 6887
f 6887 6886 6888
f 6887 6888 6889
f 6887 6889 6890
f 6890 6889 6891
f 6890 6891 6892
f 6892 6893 6890
f 6890 6893 6894
f 6890 6894 6895
f 6890 6895 6896
f 6896 6895 6897
f 6896 6897 6851
f 6851 6897 5343
f 6896 6898 6890
f 6890 6898 6887
f 6898 6899 6887
f 6887 6899 6900
f 6887 6900 6884
f 6884 6900 6841
f 6842 6901 6883
f 6902 6903 6904
f 6904 6903 6905
f 6904 6905 6906
f 6904 6906 6907
f 6907 6906 6908
f 6907 6908 6909
f 6909 6910 6907
f 6907 6910 6911
f 6907 6911 6912
f 6912 6911 6913
f 6912 6913 6914
f 6914 6913 6915
f 6914 6915 6916
f 6916 6915 6917
f 6910 6918 6911
f 6911 6918 6919
f 6911 6919 6920
f 6921 6922 6920
f 6920 6922 6911
f 5148 5338 6922
f 6922 5338 6923
f 6922 6923 6911
f 6911 6923 6924
f 6911 6924 6913
f 6913 6924 6925
f 6913 6925 6926
f 6913 6926 6915
f 6915 6926 5333
f 6915 5333 6927
f 6927 5333 5332
f 6927 5332 6928
f 6927 6917 6915
f 6916 6929 6914
f 6914 6929 6930
f 6914 6930 6931
f 6931 6930 6932
f 6931 6932 6933
f 5210 5191 6933
f 6933 5191 6934
f 6933 6934 6931
f 6931 6934 6935
f 6931 6935 6936
f 6936 6935 6937
f 6936 6937 6938
f 6936 6938 6904
f 6904 6938 6939
f 6904 6939 6940
f 6940 6939 6941
f 6940 6941 5157
f 6942 6943 6940
f 6940 6943 6904
f 6943 6902 6904
f 6931 6936 6914
f 6914 6936 6912
f 6907 6912 6904
f 6904 6912 6936
f 3329 3328 6944
f 6944 3328 6945
f 6944 6945 6946
f 6944 6946 6947
f 6947 6946 6948
f 6947 6948 6949
f 6949 6948 6950
f 6948 6951 6950
f 6950 6951 6952
f 6950 6952 6953
f 6953 6952 6954
f 6953 6954 6955
f 6955 6954 6956
f 6955 6956 6957
f 6955 6957 6958
f 6958 6957 6959
f 6958 6959 6960
f 6958 6960 6961
f 6961 6960 6962
f 6961 6962 6963
f 6963 6962 6964
f 6963 6964 6965
f 6965 6964 6966
f 6964 6967 6966
f 6966 6967 3309
f 6966 3309 3311
f 3307 3308 6968
f 6968 3308 6969
f 6968 6969 6970
f 6968 6970 6971
f 6971 6970 6972
f 6971 6972 6973
f 6973 6972 6974
f 6972 6975 6974
f 6974 6975 6976
f 6974 6976 6977
f 6977 6976 6978
f 6977 6978 6979
f 6979 6978 6980
f 6978 6981 6980
f 6980 6981 6982
f 6980 6982 6983
f 6983 6982 6984
f 6983 6984 6985
f 6985 6984 6986
f 6985 6986 6987
f 6987 6986 6988
f 6986 6989 6988
f 6988 6989 3283
f 6988 3283 3285
f 6990 6991 6992
f 6992 6991 6993
f 6991 6994 6993
f 6993 6994 6995
f 6994 6996 6995
f 6995 6996 6997
f 6996 6998 6997
f 6997 6998 6999
f 6998 7000 6999
f 6999 7000 7001
f 7000 7002 7001
f 7001 7002 7003
f 7002 7004 7003
f 7003 7004 7005
f 7004 7006 7005
f 7005 7006 7007
f 7006 7008 7007
f 7007 7008 7009
f 7008 7010 7009
f 7009 7010 7011
f 7010 7012 7011
f 7011 7012 7013
f 7014 7015 7016
f 7016 7015 7017
f 7018 7019 7020
f 7020 7019 7021
f 7020 7021 7022
f 7022 7021 7023
f 7018 7024 7019
f 7019 7024 7025
f 7019 7025 7026
f 7026 7027 7019
f 7019 7027 7028
f 7019 7028 7029
f 7019 7029 7030
f 7030 7029 7031
f 7030 7031 7032
f 7032 7033 7030
f 7030 7034 7019
f 7019 7035 7021
f 7021 7035 7036
f 7037 7038 7035
f 7035 7038 7039
f 7035 7039 7040
f 7041 7042 7038
f 7038 7042 7043
f 7038 7043 7039
f 7040 7044 7035
f 7035 7044 7045
f 7035 7045 7046
f 7046 7047 7035
f 7035 7047 7036
f 7021 7048 7023
f 7022 7049 7020
f 7050 7051 7052
f 7052 7051 7053
f 7054 7055 7056
f 7056 7055 7057
f 7055 7058 7057
f 7057 7058 7059
f 7058 7060 7059
f 7059 7060 7061
f 7060 7062 7061
f 7061 7062 7063
f 7062 7064 7063
f 7063 7064 7065
f 7064 7066 7065
f 7065 7066 7067
f 7066 7068 7067
f 7067 7068 7069
f 7068 7070 7069
f 7069 7070 7071
f 7070 7072 7071
f 7071 7072 7073
f 7072 7074 7073
f 7073 7074 7075
f 7074 7076 7075
f 7075 7076 7077
f 7076 7078 7077
f 7077 7078 7079
f 7078 7080 7079
f 7079 7080 7081
f 7080 7082 7081
f 7081 7082 7083
f 7082 7084 7083
f 7083 7084 7085
f 7086 7087 7088
f 7088 7087 7089
f 7088 7089 7090
f 7091 7092 7093
f 7093 7092 7094
f 7093 7094 7095
f 7096 7097 7098
f 7098 7097 7099
f 7099 7097 7100
f 7100 7097 7101
f 7100 7101 7102
f 7102 7101 7103
f 7104 7105 4579
f 4579 7105 7106
f 7106 7105 7107
f 7107 7105 7108
f 7107 7108 7109
f 7110 7111 7109
f 7109 7111 7112
f 7109 7112 7107
f 7110 7113 7111
f 7111 7113 7114
f 7114 7113 7115
f 7115 7113 7116
f 7115 7116 7117
f 7017 7015 7117
f 7117 7015 7118
f 7117 7118 7115
f 7119 7120 7121
f 7121 7120 7122
f 7122 7120 7123
f 7123 7120 7124
f 7123 7124 7125
f 7126 7127 7125
f 7125 7127 7128
f 7125 7128 7123
f 7126 7129 7127
f 7127 7129 7130
f 7130 7129 7131
f 7131 7129 7132
f 7131 7132 7133
f 7053 7051 7133
f 7133 7051 7134
f 7133 7134 7131
f 7135 7136 7137
f 7137 7136 7138
f 7139 7140 7141
f 7141 7140 7142
f 7141 7142 7143
f 7143 7142 7144
f 7139 7145 7140
f 7140 7145 7146
f 7140 7146 7147
f 7147 7148 7140
f 7140 7148 7149
f 7140 7149 7150
f 7140 7150 7151
f 7151 7150 7152
f 7151 7152 7153
f 7153 7154 7151
f 7151 7155 7140
f 7140 7156 7142
f 7142 7156 7157
f 7158 7159 7156
f 7156 7159 7160
f 7156 7160 7161
f 7162 7163 7159
f 7159 7163 7164
f 7159 7164 7160
f 7161 7165 7156
f 7156 7165 7166
f 7156 7166 7167
f 7167 7168 7156
f 7156 7168 7157
f 7142 7169 7144
f 7143 7170 7141
f 7171 7172 7173
f 7173 7172 7174
f 7175 7176 7177
f 7177 7176 7178
f 7176 7179 7178
f 7178 7179 7180
f 7179 7181 7180
f 7180 7181 7182
f 7181 7183 7182
f 7182 7183 7184
f 7183 7185 7184
f 7184 7185 7186
f 7185 7187 7186
f 7186 7187 7188
f 7187 7189 7188
f 7188 7189 7190
f 7189 7191 7190
f 7190 7191 7192
f 7191 7193 7192
f 7192 7193 7194
f 7193 7195 7194
f 7194 7195 7196
f 7195 7197 7196
f 7196 7197 7198
f 7197 7199 7198
f 7198 7199 7200
f 7199 7201 7200
f 7200 7201 7202
f 7201 7203 7202
f 7202 7203 7204
f 7203 7205 7204
f 7204 7205 7206
f 7207 7208 7209
f 7209 7208 7210
f 7211 7212 7213
f 7213 7212 7214
f 7213 7214 7215
f 7215 7214 7216
f 7211 7217 7212
f 7212 7217 7218
f 7212 7218 7219
f 7219 7220 7212
f 7212 7220 7221
f 7212 7221 7222
f 7212 7222 7223
f 7223 7222 7224
f 7223 7224 7225
f 7225 7226 7223
f 7223 7227 7212
f 7212 7228 7214
f 7214 7228 7229
f 7230 7231 7228
f 7228 7231 7232
f 7228 7232 7233
f 7234 7235 7231
f 7231 7235 7236
f 7231 7236 7232
f 7233 7237 7228
f 7228 7237 7238
f 7228 7238 7239
f 7239 7240 7228
f 7228 7240 7229
f 7214 7241 7216
f 7215 7242 7213
f 7243 7244 7245
f 7245 7244 7246
f 7247 7248 7249
f 7249 7248 7250
f 7248 7251 7250
f 7250 7251 7252
f 7251 7253 7252
f 7252 7253 7254
f 7253 7255 7254
f 7254 7255 7256
f 7255 7257 7256
f 7256 7257 7258
f 7257 7259 7258
f 7258 7259 7260
f 7259 7261 7260
f 7260 7261 7262
f 7261 7263 7262
f 7262 7263 7264
f 7263 7265 7264
f 7264 7265 7266
f 7265 7267 7266
f 7266 7267 7268
f 7267 7269 7268
f 7268 7269 7270
f 7269 7271 7270
f 7270 7271 7272
f 7271 7273 7272
f 7272 7273 7274
f 7273 7275 7274
f 7274 7275 7276
f 7275 7277 7276
f 7276 7277 7278
f 7279 7280 7281
f 7281 7280 7282
f 7281 7282 7283
f 7284 7285 7286
f 7286 7285 7287
f 7286 7287 7288
f 7289 7290 7291
f 7291 7290 7292
f 7291 7292 7293
f 7294 7295 7296
f 7296 7295 7297
f 7296 7297 7298
f 7299 7300 7301
f 7301 7300 7302
f 7302 7300 7303
f 7303 7300 7304
f 7303 7304 7305
f 7305 7304 7306
f 7307 7308 7309
f 7309 7308 7310
f 7310 7308 7311
f 7311 7308 7312
f 7311 7312 7313
f 7313 7312 7314
f 7315 7316 7317
f 7317 7316 7318
f 7318 7316 7319
f 7319 7316 7320
f 7319 7320 7321
f 7322 7323 7321
f 7321 7323 7324
f 7321 7324 7319
f 7322 7325 7323
f 7323 7325 7326
f 7326 7325 7327
f 7327 7325 7328
f 7327 7328 7329
f 7138 7136 7329
f 7329 7136 7330
f 7329 7330 7327
f 7331 7332 7333
f 7333 7332 7334
f 7334 7332 7335
f 7335 7332 7336
f 7335 7336 7337
f 7338 7339 7337
f 7337 7339 7340
f 7337 7340 7335
f 7338 7341 7339
f 7339 7341 7342
f 7342 7341 7343
f 7343 7341 7344
f 7343 7344 7345
f 7346 7347 7345
f 7345 7347 7348
f 7345 7348 7343
f 7349 7350 7351
f 7351 7350 7352
f 7352 7350 7353
f 7353 7350 7354
f 7353 7354 7355
f 7356 7357 7355
f 7355 7357 7358
f 7355 7358 7353
f 7356 7359 7357
f 7357 7359 7360
f 7360 7359 7361
f 7361 7359 7362
f 7361 7362 7363
f 7210 7208 7363
f 7363 7208 7364
f 7363 7364 7361
f 7365 7366 7367
f 7367 7366 7368
f 7368 7366 7369
f 7369 7366 7370
f 7369 7370 7371
f 7372 7373 7371
f 7371 7373 7374
f 7371 7374 7369
f 7372 7375 7373
f 7373 7375 7376
f 7376 7375 7377
f 7377 7375 7378
f 7377 7378 7379
f 7244 7243 7379
f 7379 7243 7380
f 7379 7380 7377
f 7381 7382 7383
f 7383 7382 7384
f 7383 7384 7385
f 7385 7384 7386
f 7385 7386 7387
f 7387 7386 7388
f 7389 7390 7391
f 7391 7390 7392
f 7390 7393 7392
f 7394 7395 7396
f 7396 7395 7397
f 7395 7398 7397
f 7399 7400 7401
f 7401 7400 7402
f 7402 7400 7403
f 7403 7400 7404
f 7403 7404 7405
f 7405 7404 7406
f 3281 3282 7407
f 7407 3282 7408
f 7407 7408 7409
f 7409 7408 7410
f 7409 7410 7411
f 7411 7410 7412
f 7413 7414 7415
f 7415 7414 7416
f 7414 7417 7416
f 7418 7419 7420
f 7420 7419 7421
f 7419 7422 7421
f 7423 7424 7425
f 7425 7424 7426
f 7425 7426 7427
f 7427 7426 7428
f 7427 7428 7429
f 7429 7428 7430
f 7431 7432 7433
f 7433 7432 7434
f 7432 7435 7434
f 7436 7437 7438
f 7438 7437 7439
f 7437 7440 7439
f 7441 7442 7443
f 7443 7442 7444
f 7443 7444 7445
f 7445 7444 7446
f 7445 7446 7447
f 7447 7446 7448
f 7449 7450 7451
f 7451 7450 7452
f 7450 7453 7452
f 7454 7455 7456
f 7456 7455 7457
f 7455 7458 7457
f 7459 7460 7461
f 7461 7460 7462
f 7461 7462 7463
f 7463 7462 7464
f 7463 7464 7465
f 7465 7464 7466
f 7467 7468 7469
f 7469 7468 7470
f 7468 7471 7470
f 7472 7473 7474
f 7474 7473 7475
f 7473 7476 7475
f 7477 7478 7479
f 7479 7478 7480
f 7479 7480 7481
f 7481 7480 7482
f 7481 7482 7483
f 7483 7482 7484
f 7485 7486 7487
f 7487 7486 7488
f 7486 7489 7488
f 7490 7491 7492
f 7492 7491 7493
f 7491 7494 7493
f 7495 7496 7497
f 7497 7496 7498
f 7497 7498 7499
f 7499 7498 7500
f 7499 7500 7501
f 7501 7500 7502
f 7503 7504 7505
f 7505 7504 7506
f 7504 7507 7506
f 7508 7509 7510
f 7510 7509 7511
f 7509 7512 7511
f 7513 7514 7515
f 7515 7514 7516
f 7515 7516 7517
f 7517 7516 7518
f 7517 7518 7519
f 7519 7518 7520
f 7521 7522 7523
f 7523 7522 7524
f 7522 7525 7524
f 7526 7527 7528
f 7528 7527 7529
f 7527 7530 7529
f 7531 7532 7533
f 7533 7532 7534
f 7533 7534 7535
f 7535 7534 7536
f 7535 7536 7537
f 7537 7536 7538
f 7537 7538 7539
f 7540 7541 7539
f 7539 7541 7537
f 7542 7543 7544
f 7544 7543 7545
f 7545 7543 7546
f 7546 7543 7547
f 7546 7547 7548
f 7548 7547 7549
f 7550 7551 7552
f 7552 7551 7553
f 7553 7551 7554
f 7554 7551 7555
f 7554 7555 7556
f 7556 7555 7557
f 7558 7559 7560
f 7560 7559 7561
f 7561 7559 7562
f 7562 7559 7563
f 7562 7563 7564
f 7564 7563 7565
f 7566 7567 7568
f 7568 7567 7569
f 7569 7567 7570
f 7570 7567 7571
f 7570 7571 7572
f 7572 7571 7573
f 7574 7575 7576
f 7576 7575 7577
f 7577 7575 7578
f 7578 7575 7579
f 7578 7579 7580
f 7580 7579 7581
f 7582 7583 7584
f 7584 7583 7585
f 7585 7583 7586
f 7586 7583 7587
f 7586 7587 7588
f 7588 7587 7589
f 3274 3273 7590
f 7590 3273 7591
f 7590 7591 7592
f 7593 7594 7595
f 7595 7594 7596
f 7595 7596 7592
f 7592 7596 7597
f 7592 7597 7590
f 7593 7598 7594
f 7594 7598 7599
f 7600 7601 7598
f 7598 7601 7599
f 7602 7603 7604
f 7604 7603 7605
f 7606 7607 7608
f 7608 7607 7609
f 7610 7611 7612
f 7612 7611 7613
f 7612 7613 7614
f 7614 7613 7615
f 7614 7615 7616
f 7616 7615 7617
f 7618 7619 7620
f 7620 7619 7621
f 7620 7621 7622
f 7623 7624 7625
f 7625 7624 7626
f 7625 7626 7627
f 7628 7629 7630
f 7630 7629 7631
f 7631 7629 7632
f 7632 7629 7633
f 7632 7633 7634
f 7634 7633 7635
f 3258 3257 7636
f 7636 3257 7637
f 7636 7637 7638
f 7636 7638 7639
f 7639 7638 7640
f 7639 7640 7641
f 7641 7640 7642
f 7640 7643 7642
f 7642 7643 7644
f 7642 7644 7645
f 7645 7644 7646
f 7645 7646 7647
f 7647 7646 7648
f 7647 7648 7649
f 7647 7649 7650
f 7650 7649 7651
f 7650 7651 7652
f 7650 7652 7653
f 7653 7652 7654
f 7653 7654 7655
f 7655 7654 7656
f 7655 7656 7657
f 7657 7656 7658
f 7656 7659 7658
f 7658 7659 3243
f 7658 3243 3244
f 3220 7660 3221
f 3221 7660 7661
f 3221 7661 3223
f 3223 7661 7662
f 3223 7662 3225
f 3225 7662 7663
f 3225 7663 3227
f 3227 7663 3228
f 3220 3215 7660
f 7660 3215 7664
f 7660 7664 7665
f 7665 7664 7659
f 7665 7659 7656
f 3215 3208 7664
f 7664 3208 7659
f 3208 3207 7659
f 7656 7654 7665
f 7665 7654 7666
f 7665 7666 7667
f 7667 7666 7668
f 7667 7668 7669
f 7669 7668 7670
f 7669 7670 7671
f 7671 7670 7672
f 7671 7672 7673
f 7673 7672 7674
f 7673 7674 7675
f 7675 7674 7676
f 7675 7676 7677
f 7677 7676 7678
f 7677 7678 7679
f 7679 7678 7680
f 7679 7680 7681
f 7681 7680 7682
f 7654 7652 7666
f 7666 7652 7683
f 7666 7683 7668
f 7668 7683 7684
f 7668 7684 7670
f 7670 7684 7685
f 7670 7685 7672
f 7672 7685 7686
f 7672 7686 7674
f 7674 7686 7687
f 7674 7687 7676
f 7676 7687 7688
f 7676 7688 7678
f 7678 7688 7689
f 7678 7689 7680
f 7680 7689 7690
f 7680 7690 7682
f 7682 7690 7691
f 7652 7651 7683
f 7683 7651 7649
f 7683 7649 7648
f 7648 7692 7690
f 7690 7692 7691
f 7681 7693 7679
f 7679 7693 7694
f 7679 7694 7695
f 7695 7694 3186
f 7695 3186 3185
f 7695 3185 7696
f 7696 3185 3232
f 7696 3232 3230
f 7696 3230 7697
f 7697 3230 3228
f 7697 3228 7663
f 7683 7648 7684
f 7684 7648 7685
f 7685 7648 7686
f 7686 7648 7687
f 7687 7648 7688
f 7660 7667 7661
f 7661 7667 7669
f 7661 7669 7662
f 7662 7669 7671
f 7662 7671 7663
f 7663 7671 7673
f 7663 7673 7697
f 7697 7673 7675
f 7697 7675 7696
f 7696 7675 7677
f 7696 7677 7695
f 7695 7677 7679
f 7667 7660 7665
f 7689 7648 7690
f 7688 7648 7689
f 3162 7698 3163
f 3163 7698 7699
f 3163 7699 3165
f 3165 7699 7700
f 3165 7700 3167
f 3167 7700 7701
f 3167 7701 3169
f 3169 7701 3170
f 3162 3157 7698
f 7698 3157 7702
f 7698 7702 7703
f 7703 7702 7704
f 7703 7704 7705
f 3157 3150 7702
f 7702 3150 7704
f 3150 3149 7704
f 7705 7706 7703
f 7703 7706 7707
f 7703 7707 7708
f 7708 7707 7709
f 7708 7709 7710
f 7710 7709 7711
f 7710 7711 7712
f 7712 7711 7713
f 7712 7713 7714
f 7714 7713 7715
f 7714 7715 7716
f 7716 7715 7717
f 7716 7717 7718
f 7718 7717 7719
f 7718 7719 7720
f 7720 7719 7721
f 7720 7721 7722
f 7722 7721 7723
f 7706 7724 7707
f 7707 7724 7725
f 7707 7725 7709
f 7709 7725 7726
f 7709 7726 7711
f 7711 7726 7727
f 7711 7727 7713
f 7713 7727 7728
f 7713 7728 7715
f 7715 7728 7729
f 7715 7729 7717
f 7717 7729 7730
f 7717 7730 7719
f 7719 7730 7731
f 7719 7731 7721
f 7721 7731 7732
f 7721 7732 7723
f 7723 7732 7733
f 7724 7734 7725
f 7725 7734 7735
f 7725 7735 6956
f 6956 7736 7732
f 7732 7736 7733
f 7722 7737 7720
f 7720 7737 7738
f 7720 7738 7739
f 7739 7738 3128
f 7739 3128 3127
f 7739 3127 7740
f 7740 3127 3174
f 7740 3174 3172
f 7740 3172 7741
f 7741 3172 3170
f 7741 3170 7701
f 7725 6956 7726
f 7726 6956 7727
f 7727 6956 7728
f 7728 6956 7729
f 7729 6956 7730
f 7698 7708 7699
f 7699 7708 7710
f 7699 7710 7700
f 7700 7710 7712
f 7700 7712 7701
f 7701 7712 7714
f 7701 7714 7741
f 7741 7714 7716
f 7741 7716 7740
f 7740 7716 7718
f 7740 7718 7739
f 7739 7718 7720
f 7708 7698 7703
f 7731 6956 7732
f 7730 6956 7731
